20130101 000000;0.20032;0.20032;0.20032;0.20032;0
20130102 000000;0.19987;0.19987;0.19987;0.19987;0
20130103 000000;0.1983;0.1983;0.1983;0.1983;0
20130104 000000;0.19733;0.19733;0.19733;0.19733;0
20130105 000000;0.19733;0.19733;0.19733;0.19733;0
20130106 000000;0.19733;0.19733;0.19733;0.19733;0
20130107 000000;0.19705;0.19705;0.19705;0.19705;0
20130108 000000;0.19748;0.19748;0.19748;0.19748;0
20130109 000000;0.19836;0.19836;0.19836;0.19836;0
20130110 000000;0.19986;0.19986;0.19986;0.19986;0
20130111 000000;0.20078;0.20078;0.20078;0.20078;0
20130112 000000;0.20078;0.20078;0.20078;0.20078;0
20130113 000000;0.20078;0.20078;0.20078;0.20078;0
20130114 000000;0.20175;0.20175;0.20175;0.20175;0
20130115 000000;0.20152;0.20152;0.20152;0.20152;0
20130116 000000;0.20093;0.20093;0.20093;0.20093;0
20130117 000000;0.20244;0.20244;0.20244;0.20244;0
20130118 000000;0.20195;0.20195;0.20195;0.20195;0
20130119 000000;0.20195;0.20195;0.20195;0.20195;0
20130120 000000;0.20195;0.20195;0.20195;0.20195;0
20130121 000000;0.2012;0.2012;0.2012;0.2012;0
20130122 000000;0.20118;0.20118;0.20118;0.20118;0
20130123 000000;0.20191;0.20191;0.20191;0.20191;0
20130124 000000;0.20136;0.20136;0.20136;0.20136;0
20130125 000000;0.20384;0.20384;0.20384;0.20384;0
20130126 000000;0.20384;0.20384;0.20384;0.20384;0
20130127 000000;0.20384;0.20384;0.20384;0.20384;0
20130128 000000;0.20351;0.20351;0.20351;0.20351;0
20130129 000000;0.2028;0.2028;0.2028;0.2028;0
20130130 000000;0.20442;0.20442;0.20442;0.20442;0
20130131 000000;0.20432;0.20432;0.20432;0.20432;0
20130201 000000;0.20619;0.20619;0.20619;0.20619;0
20130202 000000;0.20619;0.20619;0.20619;0.20619;0
20130203 000000;0.20619;0.20619;0.20619;0.20619;0
20130204 000000;0.20699;0.20699;0.20699;0.20699;0
20130205 000000;0.20564;0.20564;0.20564;0.20564;0
20130206 000000;0.20615;0.20615;0.20615;0.20615;0
20130207 000000;0.2059;0.2059;0.2059;0.2059;0
20130208 000000;0.20349;0.20349;0.20349;0.20349;0
20130209 000000;0.20349;0.20349;0.20349;0.20349;0
20130210 000000;0.20349;0.20349;0.20349;0.20349;0
20130211 000000;0.20548;0.20548;0.20548;0.20548;0
20130212 000000;0.2063;0.2063;0.2063;0.2063;0
20130213 000000;0.20758;0.20758;0.20758;0.20758;0
20130214 000000;0.20577;0.20577;0.20577;0.20577;0
20130215 000000;0.20532;0.20532;0.20532;0.20532;0
20130216 000000;0.20532;0.20532;0.20532;0.20532;0
20130217 000000;0.20532;0.20532;0.20532;0.20532;0
20130218 000000;0.20575;0.20575;0.20575;0.20575;0
20130219 000000;0.20708;0.20708;0.20708;0.20708;0
20130220 000000;0.21008;0.21008;0.21008;0.21008;0
20130221 000000;0.20707;0.20707;0.20707;0.20707;0
20130222 000000;0.20753;0.20753;0.20753;0.20753;0
20130223 000000;0.20753;0.20753;0.20753;0.20753;0
20130224 000000;0.20753;0.20753;0.20753;0.20753;0
20130225 000000;0.21194;0.21194;0.21194;0.21194;0
20130226 000000;0.20714;0.20714;0.20714;0.20714;0
20130227 000000;0.20746;0.20746;0.20746;0.20746;0
20130228 000000;0.20788;0.20788;0.20788;0.20788;0
20130301 000000;0.20848;0.20848;0.20848;0.20848;0
20130302 000000;0.20848;0.20848;0.20848;0.20848;0
20130303 000000;0.20848;0.20848;0.20848;0.20848;0
20130304 000000;0.20871;0.20871;0.20871;0.20871;0
20130305 000000;0.20813;0.20813;0.20813;0.20813;0
20130306 000000;0.20831;0.20831;0.20831;0.20831;0
20130307 000000;0.20837;0.20837;0.20837;0.20837;0
20130308 000000;0.21049;0.21049;0.21049;0.21049;0
20130309 000000;0.21049;0.21049;0.21049;0.21049;0
20130310 000000;0.21049;0.21049;0.21049;0.21049;0
20130311 000000;0.21059;0.21059;0.21059;0.21059;0
20130312 000000;0.21141;0.21141;0.21141;0.21141;0
20130313 000000;0.20969;0.20969;0.20969;0.20969;0
20130314 000000;0.20836;0.20836;0.20836;0.20836;0
20130315 000000;0.20817;0.20817;0.20817;0.20817;0
20130316 000000;0.20817;0.20817;0.20817;0.20817;0
20130317 000000;0.20817;0.20817;0.20817;0.20817;0
20130318 000000;0.20599;0.20599;0.20599;0.20599;0
20130319 000000;0.20599;0.20599;0.20599;0.20599;0
20130320 000000;0.20553;0.20553;0.20553;0.20553;0
20130321 000000;0.20361;0.20361;0.20361;0.20361;0
20130322 000000;0.204;0.204;0.204;0.204;0
20130323 000000;0.204;0.204;0.204;0.204;0
20130324 000000;0.204;0.204;0.204;0.204;0
20130325 000000;0.20468;0.20468;0.20468;0.20468;0
20130326 000000;0.20323;0.20323;0.20323;0.20323;0
20130327 000000;0.2021;0.2021;0.2021;0.2021;0
20130328 000000;0.20228;0.20228;0.20228;0.20228;0
20130329 000000;0.20228;0.20228;0.20228;0.20228;0
20130330 000000;0.20228;0.20228;0.20228;0.20228;0
20130331 000000;0.20228;0.20228;0.20228;0.20228;0
20130401 000000;0.20228;0.20228;0.20228;0.20228;0
20130402 000000;0.20238;0.20238;0.20238;0.20238;0
20130403 000000;0.20244;0.20244;0.20244;0.20244;0
20130404 000000;0.20232;0.20232;0.20232;0.20232;0
20130405 000000;0.20344;0.20344;0.20344;0.20344;0
20130406 000000;0.20344;0.20344;0.20344;0.20344;0
20130407 000000;0.20344;0.20344;0.20344;0.20344;0
20130408 000000;0.20613;0.20613;0.20613;0.20613;0
20130409 000000;0.20621;0.20621;0.20621;0.20621;0
20130410 000000;0.20768;0.20768;0.20768;0.20768;0
20130411 000000;0.20718;0.20718;0.20718;0.20718;0
20130412 000000;0.20704;0.20704;0.20704;0.20704;0
20130413 000000;0.20704;0.20704;0.20704;0.20704;0
20130414 000000;0.20704;0.20704;0.20704;0.20704;0
20130415 000000;0.20736;0.20736;0.20736;0.20736;0
20130416 000000;0.20818;0.20818;0.20818;0.20818;0
20130417 000000;0.20933;0.20933;0.20933;0.20933;0
20130418 000000;0.20774;0.20774;0.20774;0.20774;0
20130419 000000;0.20837;0.20837;0.20837;0.20837;0
20130420 000000;0.20837;0.20837;0.20837;0.20837;0
20130421 000000;0.20837;0.20837;0.20837;0.20837;0
20130422 000000;0.20845;0.20845;0.20845;0.20845;0
20130423 000000;0.206;0.206;0.206;0.206;0
20130424 000000;0.20608;0.20608;0.20608;0.20608;0
20130425 000000;0.20397;0.20397;0.20397;0.20397;0
20130426 000000;0.20197;0.20197;0.20197;0.20197;0
20130427 000000;0.20197;0.20197;0.20197;0.20197;0
20130428 000000;0.20197;0.20197;0.20197;0.20197;0
20130429 000000;0.20431;0.20431;0.20431;0.20431;0
20130430 000000;0.20343;0.20343;0.20343;0.20343;0
20130501 000000;0.20343;0.20343;0.20343;0.20343;0
20130502 000000;0.20417;0.20417;0.20417;0.20417;0
20130503 000000;0.20361;0.20361;0.20361;0.20361;0
20130504 000000;0.20361;0.20361;0.20361;0.20361;0
20130505 000000;0.20361;0.20361;0.20361;0.20361;0
20130506 000000;0.20308;0.20308;0.20308;0.20308;0
20130507 000000;0.20332;0.20332;0.20332;0.20332;0
20130508 000000;0.20476;0.20476;0.20476;0.20476;0
20130509 000000;0.20463;0.20463;0.20463;0.20463;0
20130510 000000;0.20376;0.20376;0.20376;0.20376;0
20130511 000000;0.20376;0.20376;0.20376;0.20376;0
20130512 000000;0.20376;0.20376;0.20376;0.20376;0
20130513 000000;0.20313;0.20313;0.20313;0.20313;0
20130514 000000;0.20356;0.20356;0.20356;0.20356;0
20130515 000000;0.20236;0.20236;0.20236;0.20236;0
20130516 000000;0.20214;0.20214;0.20214;0.20214;0
20130517 000000;0.20256;0.20256;0.20256;0.20256;0
20130518 000000;0.20256;0.20256;0.20256;0.20256;0
20130519 000000;0.20256;0.20256;0.20256;0.20256;0
20130520 000000;0.2022;0.2022;0.2022;0.2022;0
20130521 000000;0.20266;0.20266;0.20266;0.20266;0
20130522 000000;0.20479;0.20479;0.20479;0.20479;0
20130523 000000;0.20316;0.20316;0.20316;0.20316;0
20130524 000000;0.20412;0.20412;0.20412;0.20412;0
20130525 000000;0.20412;0.20412;0.20412;0.20412;0
20130526 000000;0.20412;0.20412;0.20412;0.20412;0
20130527 000000;0.20403;0.20403;0.20403;0.20403;0
20130528 000000;0.20459;0.20459;0.20459;0.20459;0
20130529 000000;0.20283;0.20283;0.20283;0.20283;0
20130530 000000;0.20055;0.20055;0.20055;0.20055;0
20130531 000000;0.19949;0.19949;0.19949;0.19949;0
20130601 000000;0.19949;0.19949;0.19949;0.19949;0
20130602 000000;0.19949;0.19949;0.19949;0.19949;0
20130603 000000;0.19964;0.19964;0.19964;0.19964;0
20130604 000000;0.20201;0.20201;0.20201;0.20201;0
20130605 000000;0.20047;0.20047;0.20047;0.20047;0
20130606 000000;0.19858;0.19858;0.19858;0.19858;0
20130607 000000;0.19771;0.19771;0.19771;0.19771;0
20130608 000000;0.19771;0.19771;0.19771;0.19771;0
20130609 000000;0.19771;0.19771;0.19771;0.19771;0
20130610 000000;0.19994;0.19994;0.19994;0.19994;0
20130611 000000;0.19956;0.19956;0.19956;0.19956;0
20130612 000000;0.19944;0.19944;0.19944;0.19944;0
20130613 000000;0.1992;0.1992;0.1992;0.1992;0
20130614 000000;0.20108;0.20108;0.20108;0.20108;0
20130615 000000;0.20108;0.20108;0.20108;0.20108;0
20130616 000000;0.20108;0.20108;0.20108;0.20108;0
20130617 000000;0.20039;0.20039;0.20039;0.20039;0
20130618 000000;0.2012;0.2012;0.2012;0.2012;0
20130619 000000;0.2009;0.2009;0.2009;0.2009;0
20130620 000000;0.19788;0.19788;0.19788;0.19788;0
20130621 000000;0.19712;0.19712;0.19712;0.19712;0
20130622 000000;0.19712;0.19712;0.19712;0.19712;0
20130623 000000;0.19712;0.19712;0.19712;0.19712;0
20130624 000000;0.19567;0.19567;0.19567;0.19567;0
20130625 000000;0.19648;0.19648;0.19648;0.19648;0
20130626 000000;0.19524;0.19524;0.19524;0.19524;0
20130627 000000;0.19746;0.19746;0.19746;0.19746;0
20130628 000000;0.19762;0.19762;0.19762;0.19762;0
20130629 000000;0.19762;0.19762;0.19762;0.19762;0
20130630 000000;0.19762;0.19762;0.19762;0.19762;0
20130701 000000;0.19762;0.19762;0.19762;0.19762;0
20130702 000000;0.198;0.198;0.198;0.198;0
20130703 000000;0.19583;0.19583;0.19583;0.19583;0
20130704 000000;0.19957;0.19957;0.19957;0.19957;0
20130705 000000;0.20084;0.20084;0.20084;0.20084;0
20130706 000000;0.20084;0.20084;0.20084;0.20084;0
20130707 000000;0.20084;0.20084;0.20084;0.20084;0
20130708 000000;0.20056;0.20056;0.20056;0.20056;0
20130709 000000;0.19994;0.19994;0.19994;0.19994;0
20130710 000000;0.19855;0.19855;0.19855;0.19855;0
20130711 000000;0.19906;0.19906;0.19906;0.19906;0
20130712 000000;0.19973;0.19973;0.19973;0.19973;0
20130713 000000;0.19973;0.19973;0.19973;0.19973;0
20130714 000000;0.19973;0.19973;0.19973;0.19973;0
20130715 000000;0.20177;0.20177;0.20177;0.20177;0
20130716 000000;0.20425;0.20425;0.20425;0.20425;0
20130717 000000;0.20257;0.20257;0.20257;0.20257;0
20130718 000000;0.20261;0.20261;0.20261;0.20261;0
20130719 000000;0.20249;0.20249;0.20249;0.20249;0
20130720 000000;0.20249;0.20249;0.20249;0.20249;0
20130721 000000;0.20249;0.20249;0.20249;0.20249;0
20130722 000000;0.20368;0.20368;0.20368;0.20368;0
20130723 000000;0.20394;0.20394;0.20394;0.20394;0
20130724 000000;0.20501;0.20501;0.20501;0.20501;0
20130725 000000;0.20354;0.20354;0.20354;0.20354;0
20130726 000000;0.2032;0.2032;0.2032;0.2032;0
20130727 000000;0.2032;0.2032;0.2032;0.2032;0
20130728 000000;0.2032;0.2032;0.2032;0.2032;0
20130729 000000;0.20414;0.20414;0.20414;0.20414;0
20130730 000000;0.20528;0.20528;0.20528;0.20528;0
20130731 000000;0.20616;0.20616;0.20616;0.20616;0
20130801 000000;0.20526;0.20526;0.20526;0.20526;0
20130802 000000;0.20478;0.20478;0.20478;0.20478;0
20130803 000000;0.20478;0.20478;0.20478;0.20478;0
20130804 000000;0.20478;0.20478;0.20478;0.20478;0
20130805 000000;0.20484;0.20484;0.20484;0.20484;0
20130806 000000;0.20543;0.20543;0.20543;0.20543;0
20130807 000000;0.20383;0.20383;0.20383;0.20383;0
20130808 000000;0.20492;0.20492;0.20492;0.20492;0
20130809 000000;0.20569;0.20569;0.20569;0.20569;0
20130810 000000;0.20569;0.20569;0.20569;0.20569;0
20130811 000000;0.20569;0.20569;0.20569;0.20569;0
20130812 000000;0.20498;0.20498;0.20498;0.20498;0
20130813 000000;0.20508;0.20508;0.20508;0.20508;0
20130814 000000;0.20325;0.20325;0.20325;0.20325;0
20130815 000000;0.20287;0.20287;0.20287;0.20287;0
20130816 000000;0.2018;0.2018;0.2018;0.2018;0
20130817 000000;0.2018;0.2018;0.2018;0.2018;0
20130818 000000;0.2018;0.2018;0.2018;0.2018;0
20130819 000000;0.20067;0.20067;0.20067;0.20067;0
20130820 000000;0.20226;0.20226;0.20226;0.20226;0
20130821 000000;0.20115;0.20115;0.20115;0.20115;0
20130822 000000;0.20159;0.20159;0.20159;0.20159;0
20130823 000000;0.20299;0.20299;0.20299;0.20299;0
20130824 000000;0.20299;0.20299;0.20299;0.20299;0
20130825 000000;0.20299;0.20299;0.20299;0.20299;0
20130826 000000;0.20303;0.20303;0.20303;0.20303;0
20130827 000000;0.20276;0.20276;0.20276;0.20276;0
20130828 000000;0.20107;0.20107;0.20107;0.20107;0
20130829 000000;0.19963;0.19963;0.19963;0.19963;0
20130830 000000;0.2003;0.2003;0.2003;0.2003;0
20130831 000000;0.2003;0.2003;0.2003;0.2003;0
20130901 000000;0.2003;0.2003;0.2003;0.2003;0
20130902 000000;0.19925;0.19925;0.19925;0.19925;0
20130903 000000;0.1984;0.1984;0.1984;0.1984;0
20130904 000000;0.19778;0.19778;0.19778;0.19778;0
20130905 000000;0.19668;0.19668;0.19668;0.19668;0
20130906 000000;0.19604;0.19604;0.19604;0.19604;0
20130907 000000;0.19604;0.19604;0.19604;0.19604;0
20130908 000000;0.19604;0.19604;0.19604;0.19604;0
20130909 000000;0.19689;0.19689;0.19689;0.19689;0
20130910 000000;0.1981;0.1981;0.1981;0.1981;0
20130911 000000;0.19876;0.19876;0.19876;0.19876;0
20130912 000000;0.19962;0.19962;0.19962;0.19962;0
20130913 000000;0.19941;0.19941;0.19941;0.19941;0
20130914 000000;0.19941;0.19941;0.19941;0.19941;0
20130915 000000;0.19941;0.19941;0.19941;0.19941;0
20130916 000000;0.19991;0.19991;0.19991;0.19991;0
20130917 000000;0.19894;0.19894;0.19894;0.19894;0
20130918 000000;0.19746;0.19746;0.19746;0.19746;0
20130919 000000;0.2013;0.2013;0.2013;0.2013;0
20130920 000000;0.19944;0.19944;0.19944;0.19944;0
20130921 000000;0.19944;0.19944;0.19944;0.19944;0
20130922 000000;0.19944;0.19944;0.19944;0.19944;0
20130923 000000;0.19902;0.19902;0.19902;0.19902;0
20130924 000000;0.19975;0.19975;0.19975;0.19975;0
20130925 000000;0.19961;0.19961;0.19961;0.19961;0
20130926 000000;0.1991;0.1991;0.1991;0.1991;0
20130927 000000;0.19868;0.19868;0.19868;0.19868;0
20130928 000000;0.19868;0.19868;0.19868;0.19868;0
20130929 000000;0.19868;0.19868;0.19868;0.19868;0
20130930 000000;0.1977;0.1977;0.1977;0.1977;0
20131001 000000;0.19724;0.19724;0.19724;0.19724;0
20131002 000000;0.1977;0.1977;0.1977;0.1977;0
20131003 000000;0.19961;0.19961;0.19961;0.19961;0
20131004 000000;0.20143;0.20143;0.20143;0.20143;0
20131005 000000;0.20143;0.20143;0.20143;0.20143;0
20131006 000000;0.20143;0.20143;0.20143;0.20143;0
20131007 000000;0.20112;0.20112;0.20112;0.20112;0
20131008 000000;0.20096;0.20096;0.20096;0.20096;0
20131009 000000;0.20155;0.20155;0.20155;0.20155;0
20131010 000000;0.20213;0.20213;0.20213;0.20213;0
20131011 000000;0.20247;0.20247;0.20247;0.20247;0
20131012 000000;0.20247;0.20247;0.20247;0.20247;0
20131013 000000;0.20247;0.20247;0.20247;0.20247;0
20131014 000000;0.20281;0.20281;0.20281;0.20281;0
20131015 000000;0.20242;0.20242;0.20242;0.20242;0
20131016 000000;0.20254;0.20254;0.20254;0.20254;0
20131017 000000;0.20305;0.20305;0.20305;0.20305;0
20131018 000000;0.20215;0.20215;0.20215;0.20215;0
20131019 000000;0.20215;0.20215;0.20215;0.20215;0
20131020 000000;0.20215;0.20215;0.20215;0.20215;0
20131021 000000;0.2024;0.2024;0.2024;0.2024;0
20131022 000000;0.20268;0.20268;0.20268;0.20268;0
20131023 000000;0.20381;0.20381;0.20381;0.20381;0
20131024 000000;0.20394;0.20394;0.20394;0.20394;0
20131025 000000;0.20352;0.20352;0.20352;0.20352;0
20131026 000000;0.20352;0.20352;0.20352;0.20352;0
20131027 000000;0.20352;0.20352;0.20352;0.20352;0
20131028 000000;0.20389;0.20389;0.20389;0.20389;0
20131029 000000;0.20477;0.20477;0.20477;0.20477;0
20131030 000000;0.20476;0.20476;0.20476;0.20476;0
20131031 000000;0.20348;0.20348;0.20348;0.20348;0
20131101 000000;0.20211;0.20211;0.20211;0.20211;0
20131102 000000;0.20211;0.20211;0.20211;0.20211;0
20131103 000000;0.20211;0.20211;0.20211;0.20211;0
20131104 000000;0.2024;0.2024;0.2024;0.2024;0
20131105 000000;0.20102;0.20102;0.20102;0.20102;0
20131106 000000;0.20162;0.20162;0.20162;0.20162;0
20131107 000000;0.19991;0.19991;0.19991;0.19991;0
20131108 000000;0.19982;0.19982;0.19982;0.19982;0
20131109 000000;0.19982;0.19982;0.19982;0.19982;0
20131110 000000;0.19982;0.19982;0.19982;0.19982;0
20131111 000000;0.19933;0.19933;0.19933;0.19933;0
20131112 000000;0.20095;0.20095;0.20095;0.20095;0
20131113 000000;0.19988;0.19988;0.19988;0.19988;0
20131114 000000;0.20001;0.20001;0.20001;0.20001;0
20131115 000000;0.20027;0.20027;0.20027;0.20027;0
20131116 000000;0.20027;0.20027;0.20027;0.20027;0
20131117 000000;0.20027;0.20027;0.20027;0.20027;0
20131118 000000;0.20088;0.20088;0.20088;0.20088;0
20131119 000000;0.20046;0.20046;0.20046;0.20046;0
20131120 000000;0.20007;0.20007;0.20007;0.20007;0
20131121 000000;0.19917;0.19917;0.19917;0.19917;0
20131122 000000;0.19877;0.19877;0.19877;0.19877;0
20131123 000000;0.19877;0.19877;0.19877;0.19877;0
20131124 000000;0.19877;0.19877;0.19877;0.19877;0
20131125 000000;0.19916;0.19916;0.19916;0.19916;0
20131126 000000;0.19966;0.19966;0.19966;0.19966;0
20131127 000000;0.19841;0.19841;0.19841;0.19841;0
20131128 000000;0.1984;0.1984;0.1984;0.1984;0
20131129 000000;0.19799;0.19799;0.19799;0.19799;0
20131130 000000;0.19799;0.19799;0.19799;0.19799;0
20131201 000000;0.19799;0.19799;0.19799;0.19799;0
20131202 000000;0.19702;0.19702;0.19702;0.19702;0
20131203 000000;0.19678;0.19678;0.19678;0.19678;0
20131204 000000;0.1977;0.1977;0.1977;0.1977;0
20131205 000000;0.19843;0.19843;0.19843;0.19843;0
20131206 000000;0.19929;0.19929;0.19929;0.19929;0
20131207 000000;0.19929;0.19929;0.19929;0.19929;0
20131208 000000;0.19929;0.19929;0.19929;0.19929;0
20131209 000000;0.20007;0.20007;0.20007;0.20007;0
20131210 000000;0.19999;0.19999;0.19999;0.19999;0
20131211 000000;0.20087;0.20087;0.20087;0.20087;0
20131212 000000;0.20077;0.20077;0.20077;0.20077;0
20131213 000000;0.20186;0.20186;0.20186;0.20186;0
20131214 000000;0.20186;0.20186;0.20186;0.20186;0
20131215 000000;0.20186;0.20186;0.20186;0.20186;0
20131216 000000;0.20208;0.20208;0.20208;0.20208;0
20131217 000000;0.20235;0.20235;0.20235;0.20235;0
20131218 000000;0.20106;0.20106;0.20106;0.20106;0
20131219 000000;0.20003;0.20003;0.20003;0.20003;0
20131220 000000;0.20042;0.20042;0.20042;0.20042;0
20131221 000000;0.20042;0.20042;0.20042;0.20042;0
20131222 000000;0.20042;0.20042;0.20042;0.20042;0
20131223 000000;0.20138;0.20138;0.20138;0.20138;0
20131224 000000;0.20183;0.20183;0.20183;0.20183;0
20131225 000000;0.20183;0.20183;0.20183;0.20183;0
20131226 000000;0.20183;0.20183;0.20183;0.20183;0
20131227 000000;0.20153;0.20153;0.20153;0.20153;0
20131228 000000;0.20153;0.20153;0.20153;0.20153;0
20131229 000000;0.20153;0.20153;0.20153;0.20153;0
20131230 000000;0.20161;0.20161;0.20161;0.20161;0
20131231 000000;0.20068;0.20068;0.20068;0.20068;0
20140101 000000;0.20068;0.20068;0.20068;0.20068;0
20140102 000000;0.19864;0.19864;0.19864;0.19864;0
20140103 000000;0.19935;0.19935;0.19935;0.19935;0
20140104 000000;0.19935;0.19935;0.19935;0.19935;0
20140105 000000;0.19935;0.19935;0.19935;0.19935;0
20140106 000000;0.19881;0.19881;0.19881;0.19881;0
20140107 000000;0.19895;0.19895;0.19895;0.19895;0
20140108 000000;0.19817;0.19817;0.19817;0.19817;0
20140109 000000;0.19776;0.19776;0.19776;0.19776;0
20140110 000000;0.19833;0.19833;0.19833;0.19833;0
20140111 000000;0.19833;0.19833;0.19833;0.19833;0
20140112 000000;0.19833;0.19833;0.19833;0.19833;0
20140113 000000;0.20021;0.20021;0.20021;0.20021;0
20140114 000000;0.20032;0.20032;0.20032;0.20032;0
20140115 000000;0.19969;0.19969;0.19969;0.19969;0
20140116 000000;0.19959;0.19959;0.19959;0.19959;0
20140117 000000;0.19839;0.19839;0.19839;0.19839;0
20140118 000000;0.19839;0.19839;0.19839;0.19839;0
20140119 000000;0.19839;0.19839;0.19839;0.19839;0
20140120 000000;0.19871;0.19871;0.19871;0.19871;0
20140121 000000;0.19781;0.19781;0.19781;0.19781;0
20140122 000000;0.19664;0.19664;0.19664;0.19664;0
20140123 000000;0.19716;0.19716;0.19716;0.19716;0
20140124 000000;0.19703;0.19703;0.19703;0.19703;0
20140125 000000;0.19703;0.19703;0.19703;0.19703;0
20140126 000000;0.19703;0.19703;0.19703;0.19703;0
20140127 000000;0.19656;0.19656;0.19656;0.19656;0
20140128 000000;0.19632;0.19632;0.19632;0.19632;0
20140129 000000;0.19513;0.19513;0.19513;0.19513;0
20140130 000000;0.1947;0.1947;0.1947;0.1947;0
20140131 000000;0.19331;0.19331;0.19331;0.19331;0
20140201 000000;0.19331;0.19331;0.19331;0.19331;0
20140202 000000;0.19331;0.19331;0.19331;0.19331;0
20140203 000000;0.19552;0.19552;0.19552;0.19552;0
20140204 000000;0.19718;0.19718;0.19718;0.19718;0
20140205 000000;0.19841;0.19841;0.19841;0.19841;0
20140206 000000;0.19789;0.19789;0.19789;0.19789;0
20140207 000000;0.19854;0.19854;0.19854;0.19854;0
20140208 000000;0.19854;0.19854;0.19854;0.19854;0
20140209 000000;0.19854;0.19854;0.19854;0.19854;0
20140210 000000;0.19893;0.19893;0.19893;0.19893;0
20140211 000000;0.19863;0.19863;0.19863;0.19863;0
20140212 000000;0.19723;0.19723;0.19723;0.19723;0
20140213 000000;0.19712;0.19712;0.19712;0.19712;0
20140214 000000;0.1977;0.1977;0.1977;0.1977;0
20140215 000000;0.1977;0.1977;0.1977;0.1977;0
20140216 000000;0.1977;0.1977;0.1977;0.1977;0
20140217 000000;0.19745;0.19745;0.19745;0.19745;0
20140218 000000;0.1982;0.1982;0.1982;0.1982;0
20140219 000000;0.1977;0.1977;0.1977;0.1977;0
20140220 000000;0.19665;0.19665;0.19665;0.19665;0
20140221 000000;0.19727;0.19727;0.19727;0.19727;0
20140222 000000;0.19727;0.19727;0.19727;0.19727;0
20140223 000000;0.19727;0.19727;0.19727;0.19727;0
20140224 000000;0.19834;0.19834;0.19834;0.19834;0
20140225 000000;0.19842;0.19842;0.19842;0.19842;0
20140226 000000;0.19769;0.19769;0.19769;0.19769;0
20140227 000000;0.19635;0.19635;0.19635;0.19635;0
20140228 000000;0.19826;0.19826;0.19826;0.19826;0
20140301 000000;0.19826;0.19826;0.19826;0.19826;0
20140302 000000;0.19826;0.19826;0.19826;0.19826;0
20140303 000000;0.1963;0.1963;0.1963;0.1963;0
20140304 000000;0.19697;0.19697;0.19697;0.19697;0
20140305 000000;0.1966;0.1966;0.1966;0.1966;0
20140306 000000;0.19677;0.19677;0.19677;0.19677;0
20140307 000000;0.19764;0.19764;0.19764;0.19764;0
20140308 000000;0.19764;0.19764;0.19764;0.19764;0
20140309 000000;0.19764;0.19764;0.19764;0.19764;0
20140310 000000;0.19847;0.19847;0.19847;0.19847;0
20140311 000000;0.19768;0.19768;0.19768;0.19768;0
20140312 000000;0.19774;0.19774;0.19774;0.19774;0
20140313 000000;0.19783;0.19783;0.19783;0.19783;0
20140314 000000;0.19722;0.19722;0.19722;0.19722;0
20140315 000000;0.19722;0.19722;0.19722;0.19722;0
20140316 000000;0.19722;0.19722;0.19722;0.19722;0
20140317 000000;0.19819;0.19819;0.19819;0.19819;0
20140318 000000;0.19916;0.19916;0.19916;0.19916;0
20140319 000000;0.19932;0.19932;0.19932;0.19932;0
20140320 000000;0.19858;0.19858;0.19858;0.19858;0
20140321 000000;0.19909;0.19909;0.19909;0.19909;0
20140322 000000;0.19909;0.19909;0.19909;0.19909;0
20140323 000000;0.19909;0.19909;0.19909;0.19909;0
20140324 000000;0.19926;0.19926;0.19926;0.19926;0
20140325 000000;0.19884;0.19884;0.19884;0.19884;0
20140326 000000;0.19941;0.19941;0.19941;0.19941;0
20140327 000000;0.19804;0.19804;0.19804;0.19804;0
20140328 000000;0.19818;0.19818;0.19818;0.19818;0
20140329 000000;0.19818;0.19818;0.19818;0.19818;0
20140330 000000;0.19818;0.19818;0.19818;0.19818;0
20140331 000000;0.19852;0.19852;0.19852;0.19852;0
20140401 000000;0.19847;0.19847;0.19847;0.19847;0
20140402 000000;0.19824;0.19824;0.19824;0.19824;0
20140403 000000;0.19884;0.19884;0.19884;0.19884;0
20140404 000000;0.19849;0.19849;0.19849;0.19849;0
20140405 000000;0.19849;0.19849;0.19849;0.19849;0
20140406 000000;0.19849;0.19849;0.19849;0.19849;0
20140407 000000;0.19813;0.19813;0.19813;0.19813;0
20140408 000000;0.19763;0.19763;0.19763;0.19763;0
20140409 000000;0.1975;0.1975;0.1975;0.1975;0
20140410 000000;0.19838;0.19838;0.19838;0.19838;0
20140411 000000;0.19817;0.19817;0.19817;0.19817;0
20140412 000000;0.19817;0.19817;0.19817;0.19817;0
20140413 000000;0.19817;0.19817;0.19817;0.19817;0
20140414 000000;0.19783;0.19783;0.19783;0.19783;0
20140415 000000;0.19707;0.19707;0.19707;0.19707;0
20140416 000000;0.19637;0.19637;0.19637;0.19637;0
20140417 000000;0.19656;0.19656;0.19656;0.19656;0
20140418 000000;0.19656;0.19656;0.19656;0.19656;0
20140419 000000;0.19656;0.19656;0.19656;0.19656;0
20140420 000000;0.19656;0.19656;0.19656;0.19656;0
20140421 000000;0.19656;0.19656;0.19656;0.19656;0
20140422 000000;0.1958;0.1958;0.1958;0.1958;0
20140423 000000;0.19651;0.19651;0.19651;0.19651;0
20140424 000000;0.19635;0.19635;0.19635;0.19635;0
20140425 000000;0.19579;0.19579;0.19579;0.19579;0
20140426 000000;0.19579;0.19579;0.19579;0.19579;0
20140427 000000;0.19579;0.19579;0.19579;0.19579;0
20140428 000000;0.19558;0.19558;0.19558;0.19558;0
20140429 000000;0.19579;0.19579;0.19579;0.19579;0
20140430 000000;0.19584;0.19584;0.19584;0.19584;0
20140501 000000;0.19584;0.19584;0.19584;0.19584;0
20140502 000000;0.19541;0.19541;0.19541;0.19541;0
20140503 000000;0.19541;0.19541;0.19541;0.19541;0
20140504 000000;0.19541;0.19541;0.19541;0.19541;0
20140505 000000;0.19553;0.19553;0.19553;0.19553;0
20140506 000000;0.19542;0.19542;0.19542;0.19542;0
20140507 000000;0.19541;0.19541;0.19541;0.19541;0
20140508 000000;0.19634;0.19634;0.19634;0.19634;0
20140509 000000;0.19541;0.19541;0.19541;0.19541;0
20140510 000000;0.19541;0.19541;0.19541;0.19541;0
20140511 000000;0.19541;0.19541;0.19541;0.19541;0
20140512 000000;0.19493;0.19493;0.19493;0.19493;0
20140513 000000;0.19447;0.19447;0.19447;0.19447;0
20140514 000000;0.19523;0.19523;0.19523;0.19523;0
20140515 000000;0.19506;0.19506;0.19506;0.19506;0
20140516 000000;0.19444;0.19444;0.19444;0.19444;0
20140517 000000;0.19444;0.19444;0.19444;0.19444;0
20140518 000000;0.19444;0.19444;0.19444;0.19444;0
20140519 000000;0.19456;0.19456;0.19456;0.19456;0
20140520 000000;0.1943;0.1943;0.1943;0.1943;0
20140521 000000;0.19323;0.19323;0.19323;0.19323;0
20140522 000000;0.19404;0.19404;0.19404;0.19404;0
20140523 000000;0.19441;0.19441;0.19441;0.19441;0
20140524 000000;0.19441;0.19441;0.19441;0.19441;0
20140525 000000;0.19441;0.19441;0.19441;0.19441;0
20140526 000000;0.19492;0.19492;0.19492;0.19492;0
20140527 000000;0.19478;0.19478;0.19478;0.19478;0
20140528 000000;0.19548;0.19548;0.19548;0.19548;0
20140529 000000;0.19652;0.19652;0.19652;0.19652;0
20140530 000000;0.19635;0.19635;0.19635;0.19635;0
20140531 000000;0.19635;0.19635;0.19635;0.19635;0
20140601 000000;0.19635;0.19635;0.19635;0.19635;0
20140602 000000;0.19639;0.19639;0.19639;0.19639;0
20140603 000000;0.19641;0.19641;0.19641;0.19641;0
20140604 000000;0.19612;0.19612;0.19612;0.19612;0
20140605 000000;0.19677;0.19677;0.19677;0.19677;0
20140606 000000;0.19702;0.19702;0.19702;0.19702;0
20140607 000000;0.19702;0.19702;0.19702;0.19702;0
20140608 000000;0.19702;0.19702;0.19702;0.19702;0
20140609 000000;0.19754;0.19754;0.19754;0.19754;0
20140610 000000;0.19667;0.19667;0.19667;0.19667;0
20140611 000000;0.19617;0.19617;0.19617;0.19617;0
20140612 000000;0.19588;0.19588;0.19588;0.19588;0
20140613 000000;0.19336;0.19336;0.19336;0.19336;0
20140614 000000;0.19336;0.19336;0.19336;0.19336;0
20140615 000000;0.19336;0.19336;0.19336;0.19336;0
20140616 000000;0.19249;0.19249;0.19249;0.19249;0
20140617 000000;0.19323;0.19323;0.19323;0.19323;0
20140618 000000;0.19315;0.19315;0.19315;0.19315;0
20140619 000000;0.19355;0.19355;0.19355;0.19355;0
20140620 000000;0.19168;0.19168;0.19168;0.19168;0
20140621 000000;0.19168;0.19168;0.19168;0.19168;0
20140622 000000;0.19168;0.19168;0.19168;0.19168;0
20140623 000000;0.19264;0.19264;0.19264;0.19264;0
20140624 000000;0.19295;0.19295;0.19295;0.19295;0
20140625 000000;0.19329;0.19329;0.19329;0.19329;0
20140626 000000;0.19287;0.19287;0.19287;0.19287;0
20140627 000000;0.19258;0.19258;0.19258;0.19258;0
20140628 000000;0.19258;0.19258;0.19258;0.19258;0
20140629 000000;0.19258;0.19258;0.19258;0.19258;0
20140630 000000;0.19282;0.19282;0.19282;0.19282;0
20140701 000000;0.19193;0.19193;0.19193;0.19193;0
20140702 000000;0.19196;0.19196;0.19196;0.19196;0
20140703 000000;0.19206;0.19206;0.19206;0.19206;0
20140704 000000;0.19148;0.19148;0.19148;0.19148;0
20140705 000000;0.19148;0.19148;0.19148;0.19148;0
20140706 000000;0.19148;0.19148;0.19148;0.19148;0
20140707 000000;0.1916;0.1916;0.1916;0.1916;0
20140708 000000;0.19201;0.19201;0.19201;0.19201;0
20140709 000000;0.1927;0.1927;0.1927;0.1927;0
20140710 000000;0.19195;0.19195;0.19195;0.19195;0
20140711 000000;0.19169;0.19169;0.19169;0.19169;0
20140712 000000;0.19169;0.19169;0.19169;0.19169;0
20140713 000000;0.19169;0.19169;0.19169;0.19169;0
20140714 000000;0.19247;0.19247;0.19247;0.19247;0
20140715 000000;0.19153;0.19153;0.19153;0.19153;0
20140716 000000;0.19102;0.19102;0.19102;0.19102;0
20140717 000000;0.19085;0.19085;0.19085;0.19085;0
20140718 000000;0.19085;0.19085;0.19085;0.19085;0
20140719 000000;0.19085;0.19085;0.19085;0.19085;0
20140720 000000;0.19085;0.19085;0.19085;0.19085;0
20140721 000000;0.19067;0.19067;0.19067;0.19067;0
20140722 000000;0.19061;0.19061;0.19061;0.19061;0
20140723 000000;0.19129;0.19129;0.19129;0.19129;0
20140724 000000;0.1913;0.1913;0.1913;0.1913;0
20140725 000000;0.19094;0.19094;0.19094;0.19094;0
20140726 000000;0.19094;0.19094;0.19094;0.19094;0
20140727 000000;0.19094;0.19094;0.19094;0.19094;0
20140728 000000;0.19078;0.19078;0.19078;0.19078;0
20140729 000000;0.19087;0.19087;0.19087;0.19087;0
20140730 000000;0.1907;0.1907;0.1907;0.1907;0
20140731 000000;0.19016;0.19016;0.19016;0.19016;0
20140801 000000;0.19005;0.19005;0.19005;0.19005;0
20140802 000000;0.19005;0.19005;0.19005;0.19005;0
20140803 000000;0.19005;0.19005;0.19005;0.19005;0
20140804 000000;0.1911;0.1911;0.1911;0.1911;0
20140805 000000;0.19017;0.19017;0.19017;0.19017;0
20140806 000000;0.18857;0.18857;0.18857;0.18857;0
20140807 000000;0.18888;0.18888;0.18888;0.18888;0
20140808 000000;0.18965;0.18965;0.18965;0.18965;0
20140809 000000;0.18965;0.18965;0.18965;0.18965;0
20140810 000000;0.18965;0.18965;0.18965;0.18965;0
20140811 000000;0.18995;0.18995;0.18995;0.18995;0
20140812 000000;0.18913;0.18913;0.18913;0.18913;0
20140813 000000;0.19065;0.19065;0.19065;0.19065;0
20140814 000000;0.19177;0.19177;0.19177;0.19177;0
20140815 000000;0.19188;0.19188;0.19188;0.19188;0
20140816 000000;0.19188;0.19188;0.19188;0.19188;0
20140817 000000;0.19188;0.19188;0.19188;0.19188;0
20140818 000000;0.19106;0.19106;0.19106;0.19106;0
20140819 000000;0.1916;0.1916;0.1916;0.1916;0
20140820 000000;0.19081;0.19081;0.19081;0.19081;0
20140821 000000;0.19079;0.19079;0.19079;0.19079;0
20140822 000000;0.19117;0.19117;0.19117;0.19117;0
20140823 000000;0.19117;0.19117;0.19117;0.19117;0
20140824 000000;0.19117;0.19117;0.19117;0.19117;0
20140825 000000;0.19042;0.19042;0.19042;0.19042;0
20140826 000000;0.19032;0.19032;0.19032;0.19032;0
20140827 000000;0.1892;0.1892;0.1892;0.1892;0
20140828 000000;0.18852;0.18852;0.18852;0.18852;0
20140829 000000;0.18859;0.18859;0.18859;0.18859;0
20140830 000000;0.18859;0.18859;0.18859;0.18859;0
20140831 000000;0.18859;0.18859;0.18859;0.18859;0
20140901 000000;0.18779;0.18779;0.18779;0.18779;0
20140902 000000;0.18825;0.18825;0.18825;0.18825;0
20140903 000000;0.19056;0.19056;0.19056;0.19056;0
20140904 000000;0.18952;0.18952;0.18952;0.18952;0
20140905 000000;0.18949;0.18949;0.18949;0.18949;0
20140906 000000;0.18949;0.18949;0.18949;0.18949;0
20140907 000000;0.18949;0.18949;0.18949;0.18949;0
20140908 000000;0.19209;0.19209;0.19209;0.19209;0
20140909 000000;0.19046;0.19046;0.19046;0.19046;0
20140910 000000;0.19063;0.19063;0.19063;0.19063;0
20140911 000000;0.18954;0.18954;0.18954;0.18954;0
20140912 000000;0.18977;0.18977;0.18977;0.18977;0
20140913 000000;0.18977;0.18977;0.18977;0.18977;0
20140914 000000;0.18977;0.18977;0.18977;0.18977;0
20140915 000000;0.18936;0.18936;0.18936;0.18936;0
20140916 000000;0.19049;0.19049;0.19049;0.19049;0
20140917 000000;0.18951;0.18951;0.18951;0.18951;0
20140918 000000;0.188;0.188;0.188;0.188;0
20140919 000000;0.18781;0.18781;0.18781;0.18781;0
20140920 000000;0.18781;0.18781;0.18781;0.18781;0
20140921 000000;0.18781;0.18781;0.18781;0.18781;0
20140922 000000;0.18811;0.18811;0.18811;0.18811;0
20140923 000000;0.18825;0.18825;0.18825;0.18825;0
20140924 000000;0.18762;0.18762;0.18762;0.18762;0
20140925 000000;0.18683;0.18683;0.18683;0.18683;0
20140926 000000;0.18675;0.18675;0.18675;0.18675;0
20140927 000000;0.18675;0.18675;0.18675;0.18675;0
20140928 000000;0.18675;0.18675;0.18675;0.18675;0
20140929 000000;0.18713;0.18713;0.18713;0.18713;0
20140930 000000;0.18606;0.18606;0.18606;0.18606;0
20141001 000000;0.18611;0.18611;0.18611;0.18611;0
20141002 000000;0.18735;0.18735;0.18735;0.18735;0
20141003 000000;0.18791;0.18791;0.18791;0.18791;0
20141004 000000;0.18791;0.18791;0.18791;0.18791;0
20141005 000000;0.18791;0.18791;0.18791;0.18791;0
20141006 000000;0.18778;0.18778;0.18778;0.18778;0
20141007 000000;0.18738;0.18738;0.18738;0.18738;0
20141008 000000;0.18774;0.18774;0.18774;0.18774;0
20141009 000000;0.18859;0.18859;0.18859;0.18859;0
20141010 000000;0.18841;0.18841;0.18841;0.18841;0
20141011 000000;0.18841;0.18841;0.18841;0.18841;0
20141012 000000;0.18841;0.18841;0.18841;0.18841;0
20141013 000000;0.188;0.188;0.188;0.188;0
20141014 000000;0.18902;0.18902;0.18902;0.18902;0
20141015 000000;0.18909;0.18909;0.18909;0.18909;0
20141016 000000;0.18848;0.18848;0.18848;0.18848;0
20141017 000000;0.18798;0.18798;0.18798;0.18798;0
20141018 000000;0.18798;0.18798;0.18798;0.18798;0
20141019 000000;0.18798;0.18798;0.18798;0.18798;0
20141020 000000;0.18742;0.18742;0.18742;0.18742;0
20141021 000000;0.18727;0.18727;0.18727;0.18727;0
20141022 000000;0.18721;0.18721;0.18721;0.18721;0
20141023 000000;0.1869;0.1869;0.1869;0.1869;0
20141024 000000;0.18674;0.18674;0.18674;0.18674;0
20141025 000000;0.18674;0.18674;0.18674;0.18674;0
20141026 000000;0.18674;0.18674;0.18674;0.18674;0
20141027 000000;0.18636;0.18636;0.18636;0.18636;0
20141028 000000;0.18623;0.18623;0.18623;0.18623;0
20141029 000000;0.1872;0.1872;0.1872;0.1872;0
20141030 000000;0.18668;0.18668;0.18668;0.18668;0
20141031 000000;0.18594;0.18594;0.18594;0.18594;0
20141101 000000;0.18594;0.18594;0.18594;0.18594;0
20141102 000000;0.18594;0.18594;0.18594;0.18594;0
20141103 000000;0.18509;0.18509;0.18509;0.18509;0
20141104 000000;0.18507;0.18507;0.18507;0.18507;0
20141105 000000;0.18526;0.18526;0.18526;0.18526;0
20141106 000000;0.18623;0.18623;0.18623;0.18623;0
20141107 000000;0.18527;0.18527;0.18527;0.18527;0
20141108 000000;0.18527;0.18527;0.18527;0.18527;0
20141109 000000;0.18527;0.18527;0.18527;0.18527;0
20141110 000000;0.1863;0.1863;0.1863;0.1863;0
20141111 000000;0.18553;0.18553;0.18553;0.18553;0
20141112 000000;0.18677;0.18677;0.18677;0.18677;0
20141113 000000;0.18712;0.18712;0.18712;0.18712;0
20141114 000000;0.18782;0.18782;0.18782;0.18782;0
20141115 000000;0.18782;0.18782;0.18782;0.18782;0
20141116 000000;0.18782;0.18782;0.18782;0.18782;0
20141117 000000;0.18914;0.18914;0.18914;0.18914;0
20141118 000000;0.1897;0.1897;0.1897;0.1897;0
20141119 000000;0.18956;0.18956;0.18956;0.18956;0
20141120 000000;0.18958;0.18958;0.18958;0.18958;0
20141121 000000;0.18838;0.18838;0.18838;0.18838;0
20141122 000000;0.18838;0.18838;0.18838;0.18838;0
20141123 000000;0.18838;0.18838;0.18838;0.18838;0
20141124 000000;0.18873;0.18873;0.18873;0.18873;0
20141125 000000;0.18938;0.18938;0.18938;0.18938;0
20141126 000000;0.18922;0.18922;0.18922;0.18922;0
20141127 000000;0.18948;0.18948;0.18948;0.18948;0
20141128 000000;0.19009;0.19009;0.19009;0.19009;0
20141129 000000;0.19009;0.19009;0.19009;0.19009;0
20141130 000000;0.19009;0.19009;0.19009;0.19009;0
20141201 000000;0.18972;0.18972;0.18972;0.18972;0
20141202 000000;0.1906;0.1906;0.1906;0.1906;0
20141203 000000;0.189;0.189;0.189;0.189;0
20141204 000000;0.1889;0.1889;0.1889;0.1889;0
20141205 000000;0.18932;0.18932;0.18932;0.18932;0
20141206 000000;0.18932;0.18932;0.18932;0.18932;0
20141207 000000;0.18932;0.18932;0.18932;0.18932;0
20141208 000000;0.18853;0.18853;0.18853;0.18853;0
20141209 000000;0.18993;0.18993;0.18993;0.18993;0
20141210 000000;0.18976;0.18976;0.18976;0.18976;0
20141211 000000;0.18965;0.18965;0.18965;0.18965;0
20141212 000000;0.18989;0.18989;0.18989;0.18989;0
20141213 000000;0.18989;0.18989;0.18989;0.18989;0
20141214 000000;0.18989;0.18989;0.18989;0.18989;0
20141215 000000;0.18994;0.18994;0.18994;0.18994;0
20141216 000000;0.18937;0.18937;0.18937;0.18937;0
20141217 000000;0.1877;0.1877;0.1877;0.1877;0
20141218 000000;0.1854;0.1854;0.1854;0.1854;0
20141219 000000;0.18361;0.18361;0.18361;0.18361;0
20141220 000000;0.18361;0.18361;0.18361;0.18361;0
20141221 000000;0.18361;0.18361;0.18361;0.18361;0
20141222 000000;0.18397;0.18397;0.18397;0.18397;0
20141223 000000;0.18396;0.18396;0.18396;0.18396;0
20141224 000000;0.18258;0.18258;0.18258;0.18258;0
20141225 000000;0.18258;0.18258;0.18258;0.18258;0
20141226 000000;0.18258;0.18258;0.18258;0.18258;0
20141227 000000;0.18258;0.18258;0.18258;0.18258;0
20141228 000000;0.18258;0.18258;0.18258;0.18258;0
20141229 000000;0.18227;0.18227;0.18227;0.18227;0
20141230 000000;0.1815;0.1815;0.1815;0.1815;0
20141231 000000;0.18228;0.18228;0.18228;0.18228;0
20150101 000000;0.18228;0.18228;0.18228;0.18228;0
20150102 000000;0.18117;0.18117;0.18117;0.18117;0
20150103 000000;0.18117;0.18117;0.18117;0.18117;0
20150104 000000;0.18117;0.18117;0.18117;0.18117;0
20150105 000000;0.18211;0.18211;0.18211;0.18211;0
20150106 000000;0.18205;0.18205;0.18205;0.18205;0
20150107 000000;0.18147;0.18147;0.18147;0.18147;0
20150108 000000;0.18207;0.18207;0.18207;0.18207;0
20150109 000000;0.18265;0.18265;0.18265;0.18265;0
20150110 000000;0.18265;0.18265;0.18265;0.18265;0
20150111 000000;0.18265;0.18265;0.18265;0.18265;0
20150112 000000;0.18218;0.18218;0.18218;0.18218;0
20150113 000000;0.18137;0.18137;0.18137;0.18137;0
20150114 000000;0.18088;0.18088;0.18088;0.18088;0
20150115 000000;0.17839;0.17839;0.17839;0.17839;0
20150116 000000;0.17687;0.17687;0.17687;0.17687;0
20150117 000000;0.17687;0.17687;0.17687;0.17687;0
20150118 000000;0.17687;0.17687;0.17687;0.17687;0
20150119 000000;0.17756;0.17756;0.17756;0.17756;0
20150120 000000;0.17648;0.17648;0.17648;0.17648;0
20150121 000000;0.17816;0.17816;0.17816;0.17816;0
20150122 000000;0.17778;0.17778;0.17778;0.17778;0
20150123 000000;0.17675;0.17675;0.17675;0.17675;0
20150124 000000;0.17675;0.17675;0.17675;0.17675;0
20150125 000000;0.17675;0.17675;0.17675;0.17675;0
20150126 000000;0.17766;0.17766;0.17766;0.17766;0
20150127 000000;0.17665;0.17665;0.17665;0.17665;0
20150128 000000;0.17623;0.17623;0.17623;0.17623;0
20150129 000000;0.17667;0.17667;0.17667;0.17667;0
20150130 000000;0.17851;0.17851;0.17851;0.17851;0
20150131 000000;0.17851;0.17851;0.17851;0.17851;0
20150201 000000;0.17851;0.17851;0.17851;0.17851;0
20150202 000000;0.18017;0.18017;0.18017;0.18017;0
20150203 000000;0.18115;0.18115;0.18115;0.18115;0
20150204 000000;0.18064;0.18064;0.18064;0.18064;0
20150205 000000;0.17962;0.17962;0.17962;0.17962;0
20150206 000000;0.17942;0.17942;0.17942;0.17942;0
20150207 000000;0.17942;0.17942;0.17942;0.17942;0
20150208 000000;0.17942;0.17942;0.17942;0.17942;0
20150209 000000;0.1773;0.1773;0.1773;0.1773;0
20150210 000000;0.17663;0.17663;0.17663;0.17663;0
20150211 000000;0.17534;0.17534;0.17534;0.17534;0
20150212 000000;0.17597;0.17597;0.17597;0.17597;0
20150213 000000;0.17719;0.17719;0.17719;0.17719;0
20150214 000000;0.17719;0.17719;0.17719;0.17719;0
20150215 000000;0.17719;0.17719;0.17719;0.17719;0
20150216 000000;0.1774;0.1774;0.1774;0.1774;0
20150217 000000;0.17754;0.17754;0.17754;0.17754;0
20150218 000000;0.1759;0.1759;0.1759;0.1759;0
20150219 000000;0.17698;0.17698;0.17698;0.17698;0
20150220 000000;0.17574;0.17574;0.17574;0.17574;0
20150221 000000;0.17574;0.17574;0.17574;0.17574;0
20150222 000000;0.17574;0.17574;0.17574;0.17574;0
20150223 000000;0.17611;0.17611;0.17611;0.17611;0
20150224 000000;0.17628;0.17628;0.17628;0.17628;0
20150225 000000;0.17609;0.17609;0.17609;0.17609;0
20150226 000000;0.17578;0.17578;0.17578;0.17578;0
20150227 000000;0.17527;0.17527;0.17527;0.17527;0
20150228 000000;0.17527;0.17527;0.17527;0.17527;0
20150301 000000;0.17527;0.17527;0.17527;0.17527;0
20150302 000000;0.17549;0.17549;0.17549;0.17549;0
20150303 000000;0.17498;0.17498;0.17498;0.17498;0
20150304 000000;0.17396;0.17396;0.17396;0.17396;0
20150305 000000;0.17516;0.17516;0.17516;0.17516;0
20150306 000000;0.17534;0.17534;0.17534;0.17534;0
20150307 000000;0.17534;0.17534;0.17534;0.17534;0
20150308 000000;0.17534;0.17534;0.17534;0.17534;0
20150309 000000;0.1745;0.1745;0.1745;0.1745;0
20150310 000000;0.17231;0.17231;0.17231;0.17231;0
20150311 000000;0.17008;0.17008;0.17008;0.17008;0
20150312 000000;0.1714;0.1714;0.1714;0.1714;0
20150313 000000;0.17219;0.17219;0.17219;0.17219;0
20150314 000000;0.17219;0.17219;0.17219;0.17219;0
20150315 000000;0.17219;0.17219;0.17219;0.17219;0
20150316 000000;0.17274;0.17274;0.17274;0.17274;0
20150317 000000;0.17393;0.17393;0.17393;0.17393;0
20150318 000000;0.17436;0.17436;0.17436;0.17436;0
20150319 000000;0.17397;0.17397;0.17397;0.17397;0
20150320 000000;0.17579;0.17579;0.17579;0.17579;0
20150321 000000;0.17579;0.17579;0.17579;0.17579;0
20150322 000000;0.17579;0.17579;0.17579;0.17579;0
20150323 000000;0.17756;0.17756;0.17756;0.17756;0
20150324 000000;0.17855;0.17855;0.17855;0.17855;0
20150325 000000;0.18026;0.18026;0.18026;0.18026;0
20150326 000000;0.18083;0.18083;0.18083;0.18083;0
20150327 000000;0.1781;0.1781;0.1781;0.1781;0
20150328 000000;0.1781;0.1781;0.1781;0.1781;0
20150329 000000;0.1781;0.1781;0.1781;0.1781;0
20150330 000000;0.179;0.179;0.179;0.179;0
20150331 000000;0.17802;0.17802;0.17802;0.17802;0
20150401 000000;0.1794;0.1794;0.1794;0.1794;0
20150402 000000;0.17999;0.17999;0.17999;0.17999;0
20150403 000000;0.17999;0.17999;0.17999;0.17999;0
20150404 000000;0.17999;0.17999;0.17999;0.17999;0
20150405 000000;0.17999;0.17999;0.17999;0.17999;0
20150406 000000;0.17999;0.17999;0.17999;0.17999;0
20150407 000000;0.17956;0.17956;0.17956;0.17956;0
20150408 000000;0.18083;0.18083;0.18083;0.18083;0
20150409 000000;0.18094;0.18094;0.18094;0.18094;0
20150410 000000;0.18028;0.18028;0.18028;0.18028;0
20150411 000000;0.18028;0.18028;0.18028;0.18028;0
20150412 000000;0.18028;0.18028;0.18028;0.18028;0
20150413 000000;0.17976;0.17976;0.17976;0.17976;0
20150414 000000;0.17995;0.17995;0.17995;0.17995;0
20150415 000000;0.17841;0.17841;0.17841;0.17841;0
20150416 000000;0.17834;0.17834;0.17834;0.17834;0
20150417 000000;0.17914;0.17914;0.17914;0.17914;0
20150418 000000;0.17914;0.17914;0.17914;0.17914;0
20150419 000000;0.17914;0.17914;0.17914;0.17914;0
20150420 000000;0.18038;0.18038;0.18038;0.18038;0
20150421 000000;0.18111;0.18111;0.18111;0.18111;0
20150422 000000;0.17813;0.17813;0.17813;0.17813;0
20150423 000000;0.17842;0.17842;0.17842;0.17842;0
20150424 000000;0.17839;0.17839;0.17839;0.17839;0
20150425 000000;0.17839;0.17839;0.17839;0.17839;0
20150426 000000;0.17839;0.17839;0.17839;0.17839;0
20150427 000000;0.17888;0.17888;0.17888;0.17888;0
20150428 000000;0.17868;0.17868;0.17868;0.17868;0
20150429 000000;0.17849;0.17849;0.17849;0.17849;0
20150430 000000;0.18055;0.18055;0.18055;0.18055;0
20150501 000000;0.18055;0.18055;0.18055;0.18055;0
20150502 000000;0.18055;0.18055;0.18055;0.18055;0
20150503 000000;0.18055;0.18055;0.18055;0.18055;0
20150504 000000;0.18228;0.18228;0.18228;0.18228;0
20150505 000000;0.18292;0.18292;0.18292;0.18292;0
20150506 000000;0.1822;0.1822;0.1822;0.1822;0
20150507 000000;0.18351;0.18351;0.18351;0.18351;0
20150508 000000;0.17896;0.17896;0.17896;0.17896;0
20150509 000000;0.17896;0.17896;0.17896;0.17896;0
20150510 000000;0.17896;0.17896;0.17896;0.17896;0
20150511 000000;0.17695;0.17695;0.17695;0.17695;0
20150512 000000;0.17461;0.17461;0.17461;0.17461;0
20150513 000000;0.17552;0.17552;0.17552;0.17552;0
20150514 000000;0.17711;0.17711;0.17711;0.17711;0
20150515 000000;0.17835;0.17835;0.17835;0.17835;0
20150516 000000;0.17835;0.17835;0.17835;0.17835;0
20150517 000000;0.17835;0.17835;0.17835;0.17835;0
20150518 000000;0.179;0.179;0.179;0.179;0
20150519 000000;0.1783;0.1783;0.1783;0.1783;0
20150520 000000;0.17605;0.17605;0.17605;0.17605;0
20150521 000000;0.17332;0.17332;0.17332;0.17332;0
20150522 000000;0.17408;0.17408;0.17408;0.17408;0
20150523 000000;0.17408;0.17408;0.17408;0.17408;0
20150524 000000;0.17408;0.17408;0.17408;0.17408;0
20150525 000000;0.17285;0.17285;0.17285;0.17285;0
20150526 000000;0.17144;0.17144;0.17144;0.17144;0
20150527 000000;0.17104;0.17104;0.17104;0.17104;0
20150528 000000;0.17254;0.17254;0.17254;0.17254;0
20150529 000000;0.1741;0.1741;0.1741;0.1741;0
20150530 000000;0.1741;0.1741;0.1741;0.1741;0
20150531 000000;0.1741;0.1741;0.1741;0.1741;0
20150601 000000;0.17401;0.17401;0.17401;0.17401;0
20150602 000000;0.17543;0.17543;0.17543;0.17543;0
20150603 000000;0.17632;0.17632;0.17632;0.17632;0
20150604 000000;0.17639;0.17639;0.17639;0.17639;0
20150605 000000;0.17656;0.17656;0.17656;0.17656;0
20150606 000000;0.17656;0.17656;0.17656;0.17656;0
20150607 000000;0.17656;0.17656;0.17656;0.17656;0
20150608 000000;0.17612;0.17612;0.17612;0.17612;0
20150609 000000;0.17654;0.17654;0.17654;0.17654;0
20150610 000000;0.17552;0.17552;0.17552;0.17552;0
20150611 000000;0.17549;0.17549;0.17549;0.17549;0
20150612 000000;0.17459;0.17459;0.17459;0.17459;0
20150613 000000;0.17459;0.17459;0.17459;0.17459;0
20150614 000000;0.17459;0.17459;0.17459;0.17459;0
20150615 000000;0.17401;0.17401;0.17401;0.17401;0
20150616 000000;0.17328;0.17328;0.17328;0.17328;0
20150617 000000;0.17246;0.17246;0.17246;0.17246;0
20150618 000000;0.17201;0.17201;0.17201;0.17201;0
20150619 000000;0.17096;0.17096;0.17096;0.17096;0
20150620 000000;0.17096;0.17096;0.17096;0.17096;0
20150621 000000;0.17096;0.17096;0.17096;0.17096;0
20150622 000000;0.17223;0.17223;0.17223;0.17223;0
20150623 000000;0.1703;0.1703;0.1703;0.1703;0
20150624 000000;0.17081;0.17081;0.17081;0.17081;0
20150625 000000;0.17078;0.17078;0.17078;0.17078;0
20150626 000000;0.17058;0.17058;0.17058;0.17058;0
20150627 000000;0.17058;0.17058;0.17058;0.17058;0
20150628 000000;0.17058;0.17058;0.17058;0.17058;0
20150629 000000;0.16912;0.16912;0.16912;0.16912;0
20150630 000000;0.16974;0.16974;0.16974;0.16974;0
20150701 000000;0.16922;0.16922;0.16922;0.16922;0
20150702 000000;0.16941;0.16941;0.16941;0.16941;0
20150703 000000;0.16928;0.16928;0.16928;0.16928;0
20150704 000000;0.16928;0.16928;0.16928;0.16928;0
20150705 000000;0.16928;0.16928;0.16928;0.16928;0
20150706 000000;0.16855;0.16855;0.16855;0.16855;0
20150707 000000;0.1687;0.1687;0.1687;0.1687;0
20150708 000000;0.16983;0.16983;0.16983;0.16983;0
20150709 000000;0.17032;0.17032;0.17032;0.17032;0
20150710 000000;0.17262;0.17262;0.17262;0.17262;0
20150711 000000;0.17262;0.17262;0.17262;0.17262;0
20150712 000000;0.17262;0.17262;0.17262;0.17262;0
20150713 000000;0.17157;0.17157;0.17157;0.17157;0
20150714 000000;0.1707;0.1707;0.1707;0.1707;0
20150715 000000;0.17062;0.17062;0.17062;0.17062;0
20150716 000000;0.16992;0.16992;0.16992;0.16992;0
20150717 000000;0.1701;0.1701;0.1701;0.1701;0
20150718 000000;0.1701;0.1701;0.1701;0.1701;0
20150719 000000;0.1701;0.1701;0.1701;0.1701;0
20150720 000000;0.16931;0.16931;0.16931;0.16931;0
20150721 000000;0.16984;0.16984;0.16984;0.16984;0
20150722 000000;0.16943;0.16943;0.16943;0.16943;0
20150723 000000;0.17085;0.17085;0.17085;0.17085;0
20150724 000000;0.17122;0.17122;0.17122;0.17122;0
20150725 000000;0.17122;0.17122;0.17122;0.17122;0
20150726 000000;0.17122;0.17122;0.17122;0.17122;0
20150727 000000;0.17263;0.17263;0.17263;0.17263;0
20150728 000000;0.17163;0.17163;0.17163;0.17163;0
20150729 000000;0.1704;0.1704;0.1704;0.1704;0
20150730 000000;0.16922;0.16922;0.16922;0.16922;0
20150731 000000;0.16993;0.16993;0.16993;0.16993;0
20150801 000000;0.16993;0.16993;0.16993;0.16993;0
20150802 000000;0.16993;0.16993;0.16993;0.16993;0
20150803 000000;0.16936;0.16936;0.16936;0.16936;0
20150804 000000;0.16935;0.16935;0.16935;0.16935;0
20150805 000000;0.16699;0.16699;0.16699;0.16699;0
20150806 000000;0.16761;0.16761;0.16761;0.16761;0
20150807 000000;0.16847;0.16847;0.16847;0.16847;0
20150808 000000;0.16847;0.16847;0.16847;0.16847;0
20150809 000000;0.16847;0.16847;0.16847;0.16847;0
20150810 000000;0.16849;0.16849;0.16849;0.16849;0
20150811 000000;0.16887;0.16887;0.16887;0.16887;0
20150812 000000;0.17067;0.17067;0.17067;0.17067;0
20150813 000000;0.16967;0.16967;0.16967;0.16967;0
20150814 000000;0.17068;0.17068;0.17068;0.17068;0
20150815 000000;0.17068;0.17068;0.17068;0.17068;0
20150816 000000;0.17068;0.17068;0.17068;0.17068;0
20150817 000000;0.17035;0.17035;0.17035;0.17035;0
20150818 000000;0.16917;0.16917;0.16917;0.16917;0
20150819 000000;0.16892;0.16892;0.16892;0.16892;0
20150820 000000;0.17034;0.17034;0.17034;0.17034;0
20150821 000000;0.17123;0.17123;0.17123;0.17123;0
20150822 000000;0.17123;0.17123;0.17123;0.17123;0
20150823 000000;0.17123;0.17123;0.17123;0.17123;0
20150824 000000;0.1721;0.1721;0.1721;0.1721;0
20150825 000000;0.17258;0.17258;0.17258;0.17258;0
20150826 000000;0.17287;0.17287;0.17287;0.17287;0
20150827 000000;0.17263;0.17263;0.17263;0.17263;0
20150828 000000;0.17264;0.17264;0.17264;0.17264;0
20150829 000000;0.17264;0.17264;0.17264;0.17264;0
20150830 000000;0.17264;0.17264;0.17264;0.17264;0
20150831 000000;0.17204;0.17204;0.17204;0.17204;0
20150901 000000;0.17293;0.17293;0.17293;0.17293;0
20150902 000000;0.17397;0.17397;0.17397;0.17397;0
20150903 000000;0.17352;0.17352;0.17352;0.17352;0
20150904 000000;0.17301;0.17301;0.17301;0.17301;0
20150905 000000;0.17301;0.17301;0.17301;0.17301;0
20150906 000000;0.17301;0.17301;0.17301;0.17301;0
20150907 000000;0.17267;0.17267;0.17267;0.17267;0
20150908 000000;0.17138;0.17138;0.17138;0.17138;0
20150909 000000;0.17237;0.17237;0.17237;0.17237;0
20150910 000000;0.17247;0.17247;0.17247;0.17247;0
20150911 000000;0.17362;0.17362;0.17362;0.17362;0
20150912 000000;0.17362;0.17362;0.17362;0.17362;0
20150913 000000;0.17362;0.17362;0.17362;0.17362;0
20150914 000000;0.17422;0.17422;0.17422;0.17422;0
20150915 000000;0.17486;0.17486;0.17486;0.17486;0
20150916 000000;0.17314;0.17314;0.17314;0.17314;0
20150917 000000;0.17334;0.17334;0.17334;0.17334;0
20150918 000000;0.17364;0.17364;0.17364;0.17364;0
20150919 000000;0.17364;0.17364;0.17364;0.17364;0
20150920 000000;0.17364;0.17364;0.17364;0.17364;0
20150921 000000;0.173;0.173;0.173;0.173;0
20150922 000000;0.1721;0.1721;0.1721;0.1721;0
20150923 000000;0.17359;0.17359;0.17359;0.17359;0
20150924 000000;0.17463;0.17463;0.17463;0.17463;0
20150925 000000;0.17404;0.17404;0.17404;0.17404;0
20150926 000000;0.17404;0.17404;0.17404;0.17404;0
20150927 000000;0.17404;0.17404;0.17404;0.17404;0
20150928 000000;0.17363;0.17363;0.17363;0.17363;0
20150929 000000;0.1745;0.1745;0.1745;0.1745;0
20150930 000000;0.17398;0.17398;0.17398;0.17398;0
20151001 000000;0.17351;0.17351;0.17351;0.17351;0
20151002 000000;0.17333;0.17333;0.17333;0.17333;0
20151003 000000;0.17333;0.17333;0.17333;0.17333;0
20151004 000000;0.17333;0.17333;0.17333;0.17333;0
20151005 000000;0.17437;0.17437;0.17437;0.17437;0
20151006 000000;0.17415;0.17415;0.17415;0.17415;0
20151007 000000;0.17395;0.17395;0.17395;0.17395;0
20151008 000000;0.17405;0.17405;0.17405;0.17405;0
20151009 000000;0.17565;0.17565;0.17565;0.17565;0
20151010 000000;0.17565;0.17565;0.17565;0.17565;0
20151011 000000;0.17565;0.17565;0.17565;0.17565;0
20151012 000000;0.17519;0.17519;0.17519;0.17519;0
20151013 000000;0.17645;0.17645;0.17645;0.17645;0
20151014 000000;0.17504;0.17504;0.17504;0.17504;0
20151015 000000;0.17491;0.17491;0.17491;0.17491;0
20151016 000000;0.17356;0.17356;0.17356;0.17356;0
20151017 000000;0.17356;0.17356;0.17356;0.17356;0
20151018 000000;0.17356;0.17356;0.17356;0.17356;0
20151019 000000;0.17271;0.17271;0.17271;0.17271;0
20151020 000000;0.17313;0.17313;0.17313;0.17313;0
20151021 000000;0.17188;0.17188;0.17188;0.17188;0
20151022 000000;0.17069;0.17069;0.17069;0.17069;0
20151023 000000;0.16919;0.16919;0.16919;0.16919;0
20151024 000000;0.16919;0.16919;0.16919;0.16919;0
20151025 000000;0.16919;0.16919;0.16919;0.16919;0
20151026 000000;0.16833;0.16833;0.16833;0.16833;0
20151027 000000;0.16808;0.16808;0.16808;0.16808;0
20151028 000000;0.16881;0.16881;0.16881;0.16881;0
20151029 000000;0.16785;0.16785;0.16785;0.16785;0
20151030 000000;0.16842;0.16842;0.16842;0.16842;0
20151031 000000;0.16842;0.16842;0.16842;0.16842;0
20151101 000000;0.16842;0.16842;0.16842;0.16842;0
20151102 000000;0.16769;0.16769;0.16769;0.16769;0
20151103 000000;0.16764;0.16764;0.16764;0.16764;0
20151104 000000;0.1674;0.1674;0.1674;0.1674;0
20151105 000000;0.1681;0.1681;0.1681;0.1681;0
20151106 000000;0.16868;0.16868;0.16868;0.16868;0
20151107 000000;0.16868;0.16868;0.16868;0.16868;0
20151108 000000;0.16868;0.16868;0.16868;0.16868;0
20151109 000000;0.16751;0.16751;0.16751;0.16751;0
20151110 000000;0.16695;0.16695;0.16695;0.16695;0
20151111 000000;0.16724;0.16724;0.16724;0.16724;0
20151112 000000;0.16712;0.16712;0.16712;0.16712;0
20151113 000000;0.16664;0.16664;0.16664;0.16664;0
20151114 000000;0.16664;0.16664;0.16664;0.16664;0
20151115 000000;0.16664;0.16664;0.16664;0.16664;0
20151116 000000;0.16643;0.16643;0.16643;0.16643;0
20151117 000000;0.1652;0.1652;0.1652;0.1652;0
20151118 000000;0.16476;0.16476;0.16476;0.16476;0
20151119 000000;0.16466;0.16466;0.16466;0.16466;0
20151120 000000;0.16529;0.16529;0.16529;0.16529;0
20151121 000000;0.16529;0.16529;0.16529;0.16529;0
20151122 000000;0.16529;0.16529;0.16529;0.16529;0
20151123 000000;0.16567;0.16567;0.16567;0.16567;0
20151124 000000;0.16575;0.16575;0.16575;0.16575;0
20151125 000000;0.16472;0.16472;0.16472;0.16472;0
20151126 000000;0.1645;0.1645;0.1645;0.1645;0
20151127 000000;0.16488;0.16488;0.16488;0.16488;0
20151128 000000;0.16488;0.16488;0.16488;0.16488;0
20151129 000000;0.16488;0.16488;0.16488;0.16488;0
20151130 000000;0.16498;0.16498;0.16498;0.16498;0
20151201 000000;0.16486;0.16486;0.16486;0.16486;0
20151202 000000;0.16521;0.16521;0.16521;0.16521;0
20151203 000000;0.16617;0.16617;0.16617;0.16617;0
20151204 000000;0.16696;0.16696;0.16696;0.16696;0
20151205 000000;0.16696;0.16696;0.16696;0.16696;0
20151206 000000;0.16696;0.16696;0.16696;0.16696;0
20151207 000000;0.16639;0.16639;0.16639;0.16639;0
20151208 000000;0.1677;0.1677;0.1677;0.1677;0
20151209 000000;0.16706;0.16706;0.16706;0.16706;0
20151210 000000;0.16675;0.16675;0.16675;0.16675;0
20151211 000000;0.16624;0.16624;0.16624;0.16624;0
20151212 000000;0.16624;0.16624;0.16624;0.16624;0
20151213 000000;0.16624;0.16624;0.16624;0.16624;0
20151214 000000;0.16629;0.16629;0.16629;0.16629;0
20151215 000000;0.16657;0.16657;0.16657;0.16657;0
20151216 000000;0.16864;0.16864;0.16864;0.16864;0
20151217 000000;0.16914;0.16914;0.16914;0.16914;0
20151218 000000;0.16976;0.16976;0.16976;0.16976;0
20151219 000000;0.16976;0.16976;0.16976;0.16976;0
20151220 000000;0.16976;0.16976;0.16976;0.16976;0
20151221 000000;0.17213;0.17213;0.17213;0.17213;0
20151222 000000;0.17373;0.17373;0.17373;0.17373;0
20151223 000000;0.1726;0.1726;0.1726;0.1726;0
20151224 000000;0.17311;0.17311;0.17311;0.17311;0
20151225 000000;0.17311;0.17311;0.17311;0.17311;0
20151226 000000;0.17311;0.17311;0.17311;0.17311;0
20151227 000000;0.17311;0.17311;0.17311;0.17311;0
20151228 000000;0.17321;0.17321;0.17321;0.17321;0
20151229 000000;0.17469;0.17469;0.17469;0.17469;0
20151230 000000;0.17405;0.17405;0.17405;0.17405;0
20151231 000000;0.17213;0.17213;0.17213;0.17213;0
20160101 000000;0.17213;0.17213;0.17213;0.17213;0
20160102 000000;0.17213;0.17213;0.17213;0.17213;0
20160103 000000;0.17213;0.17213;0.17213;0.17213;0
20160104 000000;0.17183;0.17183;0.17183;0.17183;0
20160105 000000;0.16998;0.16998;0.16998;0.16998;0
20160106 000000;0.16932;0.16932;0.16932;0.16932;0
20160107 000000;0.17132;0.17132;0.17132;0.17132;0
20160108 000000;0.17122;0.17122;0.17122;0.17122;0
20160109 000000;0.17122;0.17122;0.17122;0.17122;0
20160110 000000;0.17122;0.17122;0.17122;0.17122;0
20160111 000000;0.17116;0.17116;0.17116;0.17116;0
20160112 000000;0.17233;0.17233;0.17233;0.17233;0
20160113 000000;0.17263;0.17263;0.17263;0.17263;0
20160114 000000;0.17311;0.17311;0.17311;0.17311;0
20160115 000000;0.17256;0.17256;0.17256;0.17256;0
20160116 000000;0.17256;0.17256;0.17256;0.17256;0
20160117 000000;0.17256;0.17256;0.17256;0.17256;0
20160118 000000;0.17097;0.17097;0.17097;0.17097;0
20160119 000000;0.1723;0.1723;0.1723;0.1723;0
20160120 000000;0.17225;0.17225;0.17225;0.17225;0
20160121 000000;0.17173;0.17173;0.17173;0.17173;0
20160122 000000;0.16924;0.16924;0.16924;0.16924;0
20160123 000000;0.16924;0.16924;0.16924;0.16924;0
20160124 000000;0.16924;0.16924;0.16924;0.16924;0
20160125 000000;0.16981;0.16981;0.16981;0.16981;0
20160126 000000;0.16932;0.16932;0.16932;0.16932;0
20160127 000000;0.16991;0.16991;0.16991;0.16991;0
20160128 000000;0.17117;0.17117;0.17117;0.17117;0
20160129 000000;0.1721;0.1721;0.1721;0.1721;0
20160130 000000;0.1721;0.1721;0.1721;0.1721;0
20160131 000000;0.1721;0.1721;0.1721;0.1721;0
20160201 000000;0.17314;0.17314;0.17314;0.17314;0
20160202 000000;0.17219;0.17219;0.17219;0.17219;0
20160203 000000;0.17127;0.17127;0.17127;0.17127;0
20160204 000000;0.17348;0.17348;0.17348;0.17348;0
20160205 000000;0.17441;0.17441;0.17441;0.17441;0
20160206 000000;0.17441;0.17441;0.17441;0.17441;0
20160207 000000;0.17441;0.17441;0.17441;0.17441;0
20160208 000000;0.17415;0.17415;0.17415;0.17415;0
20160209 000000;0.17504;0.17504;0.17504;0.17504;0
20160210 000000;0.1746;0.1746;0.1746;0.1746;0
20160211 000000;0.177;0.177;0.177;0.177;0
20160212 000000;0.17623;0.17623;0.17623;0.17623;0
20160213 000000;0.17623;0.17623;0.17623;0.17623;0
20160214 000000;0.17623;0.17623;0.17623;0.17623;0
20160215 000000;0.17567;0.17567;0.17567;0.17567;0
20160216 000000;0.17607;0.17607;0.17607;0.17607;0
20160217 000000;0.17698;0.17698;0.17698;0.17698;0
20160218 000000;0.17606;0.17606;0.17606;0.17606;0
20160219 000000;0.17752;0.17752;0.17752;0.17752;0
20160220 000000;0.17752;0.17752;0.17752;0.17752;0
20160221 000000;0.17752;0.17752;0.17752;0.17752;0
20160222 000000;0.17927;0.17927;0.17927;0.17927;0
20160223 000000;0.17859;0.17859;0.17859;0.17859;0
20160224 000000;0.18071;0.18071;0.18071;0.18071;0
20160225 000000;0.18109;0.18109;0.18109;0.18109;0
20160226 000000;0.18048;0.18048;0.18048;0.18048;0
20160227 000000;0.18048;0.18048;0.18048;0.18048;0
20160228 000000;0.18048;0.18048;0.18048;0.18048;0
20160229 000000;0.18047;0.18047;0.18047;0.18047;0
20160301 000000;0.17898;0.17898;0.17898;0.17898;0
20160302 000000;0.17879;0.17879;0.17879;0.17879;0
20160303 000000;0.17867;0.17867;0.17867;0.17867;0
20160304 000000;0.17889;0.17889;0.17889;0.17889;0
20160305 000000;0.17889;0.17889;0.17889;0.17889;0
20160306 000000;0.17889;0.17889;0.17889;0.17889;0
20160307 000000;0.17893;0.17893;0.17893;0.17893;0
20160308 000000;0.17934;0.17934;0.17934;0.17934;0
20160309 000000;0.17876;0.17876;0.17876;0.17876;0
20160310 000000;0.17877;0.17877;0.17877;0.17877;0
20160311 000000;0.18004;0.18004;0.18004;0.18004;0
20160312 000000;0.18004;0.18004;0.18004;0.18004;0
20160313 000000;0.18004;0.18004;0.18004;0.18004;0
20160314 000000;0.18075;0.18075;0.18075;0.18075;0
20160315 000000;0.1827;0.1827;0.1827;0.1827;0
20160316 000000;0.183;0.183;0.183;0.183;0
20160317 000000;0.18235;0.18235;0.18235;0.18235;0
20160318 000000;0.18265;0.18265;0.18265;0.18265;0
20160319 000000;0.18265;0.18265;0.18265;0.18265;0
20160320 000000;0.18265;0.18265;0.18265;0.18265;0
20160321 000000;0.18389;0.18389;0.18389;0.18389;0
20160322 000000;0.1849;0.1849;0.1849;0.1849;0
20160323 000000;0.18557;0.18557;0.18557;0.18557;0
20160324 000000;0.18449;0.18449;0.18449;0.18449;0
20160325 000000;0.18449;0.18449;0.18449;0.18449;0
20160326 000000;0.18449;0.18449;0.18449;0.18449;0
20160327 000000;0.18449;0.18449;0.18449;0.18449;0
20160328 000000;0.18449;0.18449;0.18449;0.18449;0
20160329 000000;0.1846;0.1846;0.1846;0.1846;0
20160330 000000;0.18473;0.18473;0.18473;0.18473;0
20160331 000000;0.18591;0.18591;0.18591;0.18591;0
20160401 000000;0.18824;0.18824;0.18824;0.18824;0
20160402 000000;0.18824;0.18824;0.18824;0.18824;0
20160403 000000;0.18824;0.18824;0.18824;0.18824;0
20160404 000000;0.18833;0.18833;0.18833;0.18833;0
20160405 000000;0.18884;0.18884;0.18884;0.18884;0
20160406 000000;0.18953;0.18953;0.18953;0.18953;0
20160407 000000;0.18847;0.18847;0.18847;0.18847;0
20160408 000000;0.18795;0.18795;0.18795;0.18795;0
20160409 000000;0.18795;0.18795;0.18795;0.18795;0
20160410 000000;0.18795;0.18795;0.18795;0.18795;0
20160411 000000;0.18709;0.18709;0.18709;0.18709;0
20160412 000000;0.18601;0.18601;0.18601;0.18601;0
20160413 000000;0.18519;0.18519;0.18519;0.18519;0
20160414 000000;0.18506;0.18506;0.18506;0.18506;0
20160415 000000;0.1852;0.1852;0.1852;0.1852;0
20160416 000000;0.1852;0.1852;0.1852;0.1852;0
20160417 000000;0.1852;0.1852;0.1852;0.1852;0
20160418 000000;0.18528;0.18528;0.18528;0.18528;0
20160419 000000;0.18355;0.18355;0.18355;0.18355;0
20160420 000000;0.18449;0.18449;0.18449;0.18449;0
20160421 000000;0.18265;0.18265;0.18265;0.18265;0
20160422 000000;0.18006;0.18006;0.18006;0.18006;0
20160423 000000;0.18006;0.18006;0.18006;0.18006;0
20160424 000000;0.18006;0.18006;0.18006;0.18006;0
20160425 000000;0.17681;0.17681;0.17681;0.17681;0
20160426 000000;0.17691;0.17691;0.17691;0.17691;0
20160427 000000;0.17641;0.17641;0.17641;0.17641;0
20160428 000000;0.17739;0.17739;0.17739;0.17739;0
20160429 000000;0.17747;0.17747;0.17747;0.17747;0
20160430 000000;0.17747;0.17747;0.17747;0.17747;0
20160501 000000;0.17747;0.17747;0.17747;0.17747;0
20160502 000000;0.17851;0.17851;0.17851;0.17851;0
20160503 000000;0.18042;0.18042;0.18042;0.18042;0
20160504 000000;0.18045;0.18045;0.18045;0.18045;0
20160505 000000;0.17828;0.17828;0.17828;0.17828;0
20160506 000000;0.1784;0.1784;0.1784;0.1784;0
20160507 000000;0.1784;0.1784;0.1784;0.1784;0
20160508 000000;0.1784;0.1784;0.1784;0.1784;0
20160509 000000;0.17896;0.17896;0.17896;0.17896;0
20160510 000000;0.17819;0.17819;0.17819;0.17819;0
20160511 000000;0.17846;0.17846;0.17846;0.17846;0
20160512 000000;0.17851;0.17851;0.17851;0.17851;0
20160513 000000;0.17928;0.17928;0.17928;0.17928;0
20160514 000000;0.17928;0.17928;0.17928;0.17928;0
20160515 000000;0.17928;0.17928;0.17928;0.17928;0
20160516 000000;0.18025;0.18025;0.18025;0.18025;0
20160517 000000;0.17916;0.17916;0.17916;0.17916;0
20160518 000000;0.17656;0.17656;0.17656;0.17656;0
20160519 000000;0.17434;0.17434;0.17434;0.17434;0
20160520 000000;0.17421;0.17421;0.17421;0.17421;0
20160521 000000;0.17421;0.17421;0.17421;0.17421;0
20160522 000000;0.17421;0.17421;0.17421;0.17421;0
20160523 000000;0.17455;0.17455;0.17455;0.17455;0
20160524 000000;0.17249;0.17249;0.17249;0.17249;0
20160525 000000;0.17176;0.17176;0.17176;0.17176;0
20160526 000000;0.17224;0.17224;0.17224;0.17224;0
20160527 000000;0.17363;0.17363;0.17363;0.17363;0
20160528 000000;0.17363;0.17363;0.17363;0.17363;0
20160529 000000;0.17363;0.17363;0.17363;0.17363;0
20160530 000000;0.17325;0.17325;0.17325;0.17325;0
20160531 000000;0.17368;0.17368;0.17368;0.17368;0
20160601 000000;0.1759;0.1759;0.1759;0.1759;0
20160602 000000;0.17615;0.17615;0.17615;0.17615;0
20160603 000000;0.1762;0.1762;0.1762;0.1762;0
20160604 000000;0.1762;0.1762;0.1762;0.1762;0
20160605 000000;0.1762;0.1762;0.1762;0.1762;0
20160606 000000;0.17982;0.17982;0.17982;0.17982;0
20160607 000000;0.17909;0.17909;0.17909;0.17909;0
20160608 000000;0.18055;0.18055;0.18055;0.18055;0
20160609 000000;0.18106;0.18106;0.18106;0.18106;0
20160610 000000;0.18004;0.18004;0.18004;0.18004;0
20160611 000000;0.18004;0.18004;0.18004;0.18004;0
20160612 000000;0.18004;0.18004;0.18004;0.18004;0
20160613 000000;0.18119;0.18119;0.18119;0.18119;0
20160614 000000;0.17928;0.17928;0.17928;0.17928;0
20160615 000000;0.17942;0.17942;0.17942;0.17942;0
20160616 000000;0.17764;0.17764;0.17764;0.17764;0
20160617 000000;0.17716;0.17716;0.17716;0.17716;0
20160618 000000;0.17716;0.17716;0.17716;0.17716;0
20160619 000000;0.17716;0.17716;0.17716;0.17716;0
20160620 000000;0.17615;0.17615;0.17615;0.17615;0
20160621 000000;0.17448;0.17448;0.17448;0.17448;0
20160622 000000;0.17539;0.17539;0.17539;0.17539;0
20160623 000000;0.17579;0.17579;0.17579;0.17579;0
20160624 000000;0.18126;0.18126;0.18126;0.18126;0
20160625 000000;0.18126;0.18126;0.18126;0.18126;0
20160626 000000;0.18126;0.18126;0.18126;0.18126;0
20160627 000000;0.18692;0.18692;0.18692;0.18692;0
20160628 000000;0.18625;0.18625;0.18625;0.18625;0
20160629 000000;0.18651;0.18651;0.18651;0.18651;0
20160630 000000;0.18631;0.18631;0.18631;0.18631;0
20160701 000000;0.19067;0.19067;0.19067;0.19067;0
20160702 000000;0.19067;0.19067;0.19067;0.19067;0
20160703 000000;0.19067;0.19067;0.19067;0.19067;0
20160704 000000;0.18938;0.18938;0.18938;0.18938;0
20160705 000000;0.19119;0.19119;0.19119;0.19119;0
20160706 000000;0.19142;0.19142;0.19142;0.19142;0
20160707 000000;0.19217;0.19217;0.19217;0.19217;0
20160708 000000;0.19252;0.19252;0.19252;0.19252;0
20160709 000000;0.19252;0.19252;0.19252;0.19252;0
20160710 000000;0.19252;0.19252;0.19252;0.19252;0
20160711 000000;0.19248;0.19248;0.19248;0.19248;0
20160712 000000;0.19079;0.19079;0.19079;0.19079;0
20160713 000000;0.1893;0.1893;0.1893;0.1893;0
20160714 000000;0.18885;0.18885;0.18885;0.18885;0
20160715 000000;0.18884;0.18884;0.18884;0.18884;0
20160716 000000;0.18884;0.18884;0.18884;0.18884;0
20160717 000000;0.18884;0.18884;0.18884;0.18884;0
20160718 000000;0.19033;0.19033;0.19033;0.19033;0
20160719 000000;0.19198;0.19198;0.19198;0.19198;0
20160720 000000;0.19106;0.19106;0.19106;0.19106;0
20160721 000000;0.19133;0.19133;0.19133;0.19133;0
20160722 000000;0.19311;0.19311;0.19311;0.19311;0
20160723 000000;0.19311;0.19311;0.19311;0.19311;0
20160724 000000;0.19311;0.19311;0.19311;0.19311;0
20160725 000000;0.192;0.192;0.192;0.192;0
20160726 000000;0.19187;0.19187;0.19187;0.19187;0
20160727 000000;0.19179;0.19179;0.19179;0.19179;0
20160728 000000;0.19301;0.19301;0.19301;0.19301;0
20160729 000000;0.19344;0.19344;0.19344;0.19344;0
20160730 000000;0.19344;0.19344;0.19344;0.19344;0
20160731 000000;0.19344;0.19344;0.19344;0.19344;0
20160801 000000;0.1943;0.1943;0.1943;0.1943;0
20160802 000000;0.19498;0.19498;0.19498;0.19498;0
20160803 000000;0.19455;0.19455;0.19455;0.19455;0
20160804 000000;0.19703;0.19703;0.19703;0.19703;0
20160805 000000;0.19796;0.19796;0.19796;0.19796;0
20160806 000000;0.19796;0.19796;0.19796;0.19796;0
20160807 000000;0.19796;0.19796;0.19796;0.19796;0
20160808 000000;0.19856;0.19856;0.19856;0.19856;0
20160809 000000;0.20014;0.20014;0.20014;0.20014;0
20160810 000000;0.20041;0.20041;0.20041;0.20041;0
20160811 000000;0.20195;0.20195;0.20195;0.20195;0
20160812 000000;0.20172;0.20172;0.20172;0.20172;0
20160813 000000;0.20172;0.20172;0.20172;0.20172;0
20160814 000000;0.20172;0.20172;0.20172;0.20172;0
20160815 000000;0.20301;0.20301;0.20301;0.20301;0
20160816 000000;0.20391;0.20391;0.20391;0.20391;0
20160817 000000;0.20193;0.20193;0.20193;0.20193;0
20160818 000000;0.20052;0.20052;0.20052;0.20052;0
20160819 000000;0.20129;0.20129;0.20129;0.20129;0
20160820 000000;0.20129;0.20129;0.20129;0.20129;0
20160821 000000;0.20129;0.20129;0.20129;0.20129;0
20160822 000000;0.20047;0.20047;0.20047;0.20047;0
20160823 000000;0.1994;0.1994;0.1994;0.1994;0
20160824 000000;0.1978;0.1978;0.1978;0.1978;0
20160825 000000;0.19843;0.19843;0.19843;0.19843;0
20160826 000000;0.1976;0.1976;0.1976;0.1976;0
20160827 000000;0.1976;0.1976;0.1976;0.1976;0
20160828 000000;0.1976;0.1976;0.1976;0.1976;0
20160829 000000;0.19734;0.19734;0.19734;0.19734;0
20160830 000000;0.19608;0.19608;0.19608;0.19608;0
20160831 000000;0.19481;0.19481;0.19481;0.19481;0
20160901 000000;0.19258;0.19258;0.19258;0.19258;0
20160902 000000;0.19188;0.19188;0.19188;0.19188;0
20160903 000000;0.19188;0.19188;0.19188;0.19188;0
20160904 000000;0.19188;0.19188;0.19188;0.19188;0
20160905 000000;0.1921;0.1921;0.1921;0.1921;0
20160906 000000;0.19253;0.19253;0.19253;0.19253;0
20160907 000000;0.19443;0.19443;0.19443;0.19443;0
20160908 000000;0.19618;0.19618;0.19618;0.19618;0
20160909 000000;0.19508;0.19508;0.19508;0.19508;0
20160910 000000;0.19508;0.19508;0.19508;0.19508;0
20160911 000000;0.19508;0.19508;0.19508;0.19508;0
20160912 000000;0.19422;0.19422;0.19422;0.19422;0
20160913 000000;0.19496;0.19496;0.19496;0.19496;0
20160914 000000;0.19594;0.19594;0.19594;0.19594;0
20160915 000000;0.19697;0.19697;0.19697;0.19697;0
20160916 000000;0.19738;0.19738;0.19738;0.19738;0
20160917 000000;0.19738;0.19738;0.19738;0.19738;0
20160918 000000;0.19738;0.19738;0.19738;0.19738;0
20160919 000000;0.19918;0.19918;0.19918;0.19918;0
20160920 000000;0.20061;0.20061;0.20061;0.20061;0
20160921 000000;0.19968;0.19968;0.19968;0.19968;0
20160922 000000;0.20052;0.20052;0.20052;0.20052;0
20160923 000000;0.20163;0.20163;0.20163;0.20163;0
20160924 000000;0.20163;0.20163;0.20163;0.20163;0
20160925 000000;0.20163;0.20163;0.20163;0.20163;0
20160926 000000;0.20232;0.20232;0.20232;0.20232;0
20160927 000000;0.20149;0.20149;0.20149;0.20149;0
20160928 000000;0.20098;0.20098;0.20098;0.20098;0
20160929 000000;0.20002;0.20002;0.20002;0.20002;0
20160930 000000;0.19935;0.19935;0.19935;0.19935;0
20161001 000000;0.19935;0.19935;0.19935;0.19935;0
20161002 000000;0.19935;0.19935;0.19935;0.19935;0
20161003 000000;0.20338;0.20338;0.20338;0.20338;0
20161004 000000;0.20388;0.20388;0.20388;0.20388;0
20161005 000000;0.20529;0.20529;0.20529;0.20529;0
20161006 000000;0.20575;0.20575;0.20575;0.20575;0
20161007 000000;0.21104;0.21104;0.21104;0.21104;0
20161008 000000;0.21104;0.21104;0.21104;0.21104;0
20161009 000000;0.21104;0.21104;0.21104;0.21104;0
20161010 000000;0.21034;0.21034;0.21034;0.21034;0
20161011 000000;0.21126;0.21126;0.21126;0.21126;0
20161012 000000;0.20941;0.20941;0.20941;0.20941;0
20161013 000000;0.2102;0.2102;0.2102;0.2102;0
20161014 000000;0.209;0.209;0.209;0.209;0
20161015 000000;0.209;0.209;0.209;0.209;0
20161016 000000;0.209;0.209;0.209;0.209;0
20161017 000000;0.20906;0.20906;0.20906;0.20906;0
20161018 000000;0.2074;0.2074;0.2074;0.2074;0
20161019 000000;0.2069;0.2069;0.2069;0.2069;0
20161020 000000;0.20694;0.20694;0.20694;0.20694;0
20161021 000000;0.20652;0.20652;0.20652;0.20652;0
20161022 000000;0.20652;0.20652;0.20652;0.20652;0
20161023 000000;0.20652;0.20652;0.20652;0.20652;0
20161024 000000;0.20622;0.20622;0.20622;0.20622;0
20161025 000000;0.20677;0.20677;0.20677;0.20677;0
20161026 000000;0.20688;0.20688;0.20688;0.20688;0
20161027 000000;0.20595;0.20595;0.20595;0.20595;0
20161028 000000;0.2076;0.2076;0.2076;0.2076;0
20161029 000000;0.2076;0.2076;0.2076;0.2076;0
20161030 000000;0.2076;0.2076;0.2076;0.2076;0
20161031 000000;0.20807;0.20807;0.20807;0.20807;0
20161101 000000;0.20929;0.20929;0.20929;0.20929;0
20161102 000000;0.20821;0.20821;0.20821;0.20821;0
20161103 000000;0.20529;0.20529;0.20529;0.20529;0
20161104 000000;0.20563;0.20563;0.20563;0.20563;0
20161105 000000;0.20563;0.20563;0.20563;0.20563;0
20161106 000000;0.20563;0.20563;0.20563;0.20563;0
20161107 000000;0.20563;0.20563;0.20563;0.20563;0
20161108 000000;0.20583;0.20583;0.20583;0.20583;0
20161109 000000;0.20519;0.20519;0.20519;0.20519;0
20161110 000000;0.2014;0.2014;0.2014;0.2014;0
20161111 000000;0.1954;0.1954;0.1954;0.1954;0
20161112 000000;0.1954;0.1954;0.1954;0.1954;0
20161113 000000;0.1954;0.1954;0.1954;0.1954;0
20161114 000000;0.19515;0.19515;0.19515;0.19515;0
20161115 000000;0.19581;0.19581;0.19581;0.19581;0
20161116 000000;0.1938;0.1938;0.1938;0.1938;0
20161117 000000;0.19361;0.19361;0.19361;0.19361;0
20161118 000000;0.19406;0.19406;0.19406;0.19406;0
20161119 000000;0.19406;0.19406;0.19406;0.19406;0
20161120 000000;0.19406;0.19406;0.19406;0.19406;0
20161121 000000;0.19348;0.19348;0.19348;0.19348;0
20161122 000000;0.19324;0.19324;0.19324;0.19324;0
20161123 000000;0.1934;0.1934;0.1934;0.1934;0
20161124 000000;0.19169;0.19169;0.19169;0.19169;0
20161125 000000;0.19276;0.19276;0.19276;0.19276;0
20161126 000000;0.19276;0.19276;0.19276;0.19276;0
20161127 000000;0.19276;0.19276;0.19276;0.19276;0
20161128 000000;0.19302;0.19302;0.19302;0.19302;0
20161129 000000;0.19146;0.19146;0.19146;0.19146;0
20161130 000000;0.19165;0.19165;0.19165;0.19165;0
20161201 000000;0.18824;0.18824;0.18824;0.18824;0
20161202 000000;0.18779;0.18779;0.18779;0.18779;0
20161203 000000;0.18779;0.18779;0.18779;0.18779;0
20161204 000000;0.18779;0.18779;0.18779;0.18779;0
20161205 000000;0.18702;0.18702;0.18702;0.18702;0
20161206 000000;0.18805;0.18805;0.18805;0.18805;0
20161207 000000;0.19217;0.19217;0.19217;0.19217;0
20161208 000000;0.19083;0.19083;0.19083;0.19083;0
20161209 000000;0.18881;0.18881;0.18881;0.18881;0
20161210 000000;0.18881;0.18881;0.18881;0.18881;0
20161211 000000;0.18881;0.18881;0.18881;0.18881;0
20161212 000000;0.18841;0.18841;0.18841;0.18841;0
20161213 000000;0.18786;0.18786;0.18786;0.18786;0
20161214 000000;0.1891;0.1891;0.1891;0.1891;0
20161215 000000;0.18807;0.18807;0.18807;0.18807;0
20161216 000000;0.1898;0.1898;0.1898;0.1898;0
20161217 000000;0.1898;0.1898;0.1898;0.1898;0
20161218 000000;0.1898;0.1898;0.1898;0.1898;0
20161219 000000;0.19075;0.19075;0.19075;0.19075;0
20161220 000000;0.19045;0.19045;0.19045;0.19045;0
20161221 000000;0.1911;0.1911;0.1911;0.1911;0
20161222 000000;0.19196;0.19196;0.19196;0.19196;0
20161223 000000;0.19338;0.19338;0.19338;0.19338;0
20161224 000000;0.19338;0.19338;0.19338;0.19338;0
20161225 000000;0.19338;0.19338;0.19338;0.19338;0
20161226 000000;0.19338;0.19338;0.19338;0.19338;0
20161227 000000;0.19347;0.19347;0.19347;0.19347;0
20161228 000000;0.19335;0.19335;0.19335;0.19335;0
20161229 000000;0.19324;0.19324;0.19324;0.19324;0
20161230 000000;0.19413;0.19413;0.19413;0.19413;0
20161231 000000;0.19413;0.19413;0.19413;0.19413;0
20170101 000000;0.19413;0.19413;0.19413;0.19413;0
20170102 000000;0.19296;0.19296;0.19296;0.19296;0
20170103 000000;0.19248;0.19248;0.19248;0.19248;0
20170104 000000;0.19404;0.19404;0.19404;0.19404;0
20170105 000000;0.1956;0.1956;0.1956;0.1956;0
20170106 000000;0.19666;0.19666;0.19666;0.19666;0
20170107 000000;0.19666;0.19666;0.19666;0.19666;0
20170108 000000;0.19666;0.19666;0.19666;0.19666;0
20170109 000000;0.19796;0.19796;0.19796;0.19796;0
20170110 000000;0.19885;0.19885;0.19885;0.19885;0
20170111 000000;0.19844;0.19844;0.19844;0.19844;0
20170112 000000;0.19843;0.19843;0.19843;0.19843;0
20170113 000000;0.20016;0.20016;0.20016;0.20016;0
20170114 000000;0.20016;0.20016;0.20016;0.20016;0
20170115 000000;0.20016;0.20016;0.20016;0.20016;0
20170116 000000;0.2008;0.2008;0.2008;0.2008;0
20170117 000000;0.19864;0.19864;0.19864;0.19864;0
20170118 000000;0.19883;0.19883;0.19883;0.19883;0
20170119 000000;0.19794;0.19794;0.19794;0.19794;0
20170120 000000;0.19816;0.19816;0.19816;0.19816;0
20170121 000000;0.19816;0.19816;0.19816;0.19816;0
20170122 000000;0.19816;0.19816;0.19816;0.19816;0
20170123 000000;0.19705;0.19705;0.19705;0.19705;0
20170124 000000;0.19748;0.19748;0.19748;0.19748;0
20170125 000000;0.19551;0.19551;0.19551;0.19551;0
20170126 000000;0.19602;0.19602;0.19602;0.19602;0
20170127 000000;0.19624;0.19624;0.19624;0.19624;0
20170128 000000;0.19624;0.19624;0.19624;0.19624;0
20170129 000000;0.19624;0.19624;0.19624;0.19624;0
20170130 000000;0.19611;0.19611;0.19611;0.19611;0
20170131 000000;0.19914;0.19914;0.19914;0.19914;0
20170201 000000;0.19779;0.19779;0.19779;0.19779;0
20170202 000000;0.19983;0.19983;0.19983;0.19983;0
20170203 000000;0.20016;0.20016;0.20016;0.20016;0
20170204 000000;0.20016;0.20016;0.20016;0.20016;0
20170205 000000;0.20016;0.20016;0.20016;0.20016;0
20170206 000000;0.20097;0.20097;0.20097;0.20097;0
20170207 000000;0.2006;0.2006;0.2006;0.2006;0
20170208 000000;0.19786;0.19786;0.19786;0.19786;0
20170209 000000;0.19744;0.19744;0.19744;0.19744;0
20170210 000000;0.19857;0.19857;0.19857;0.19857;0
20170211 000000;0.19857;0.19857;0.19857;0.19857;0
20170212 000000;0.19857;0.19857;0.19857;0.19857;0
20170213 000000;0.19679;0.19679;0.19679;0.19679;0
20170214 000000;0.19785;0.19785;0.19785;0.19785;0
20170215 000000;0.1976;0.1976;0.1976;0.1976;0
20170216 000000;0.19712;0.19712;0.19712;0.19712;0
20170217 000000;0.19794;0.19794;0.19794;0.19794;0
20170218 000000;0.19794;0.19794;0.19794;0.19794;0
20170219 000000;0.19794;0.19794;0.19794;0.19794;0
20170220 000000;0.19689;0.19689;0.19689;0.19689;0
20170221 000000;0.19706;0.19706;0.19706;0.19706;0
20170222 000000;0.19645;0.19645;0.19645;0.19645;0
20170223 000000;0.19644;0.19644;0.19644;0.19644;0
20170224 000000;0.19603;0.19603;0.19603;0.19603;0
20170225 000000;0.19603;0.19603;0.19603;0.19603;0
20170226 000000;0.19603;0.19603;0.19603;0.19603;0
20170227 000000;0.19765;0.19765;0.19765;0.19765;0
20170228 000000;0.1977;0.1977;0.1977;0.1977;0
20170301 000000;0.19915;0.19915;0.19915;0.19915;0
20170302 000000;0.19925;0.19925;0.19925;0.19925;0
20170303 000000;0.20079;0.20079;0.20079;0.20079;0
20170304 000000;0.20079;0.20079;0.20079;0.20079;0
20170305 000000;0.20079;0.20079;0.20079;0.20079;0
20170306 000000;0.20027;0.20027;0.20027;0.20027;0
20170307 000000;0.2013;0.2013;0.2013;0.2013;0
20170308 000000;0.20114;0.20114;0.20114;0.20114;0
20170309 000000;0.20072;0.20072;0.20072;0.20072;0
20170310 000000;0.20169;0.20169;0.20169;0.20169;0
20170311 000000;0.20169;0.20169;0.20169;0.20169;0
20170312 000000;0.20169;0.20169;0.20169;0.20169;0
20170313 000000;0.20117;0.20117;0.20117;0.20117;0
20170314 000000;0.20259;0.20259;0.20259;0.20259;0
20170315 000000;0.20153;0.20153;0.20153;0.20153;0
20170316 000000;0.20201;0.20201;0.20201;0.20201;0
20170317 000000;0.2021;0.2021;0.2021;0.2021;0
20170318 000000;0.2021;0.2021;0.2021;0.2021;0
20170319 000000;0.2021;0.2021;0.2021;0.2021;0
20170320 000000;0.20269;0.20269;0.20269;0.20269;0
20170321 000000;0.20351;0.20351;0.20351;0.20351;0
20170322 000000;0.2027;0.2027;0.2027;0.2027;0
20170323 000000;0.20212;0.20212;0.20212;0.20212;0
20170324 000000;0.20283;0.20283;0.20283;0.20283;0
20170325 000000;0.20283;0.20283;0.20283;0.20283;0
20170326 000000;0.20283;0.20283;0.20283;0.20283;0
20170327 000000;0.20263;0.20263;0.20263;0.20263;0
20170328 000000;0.20357;0.20357;0.20357;0.20357;0
20170329 000000;0.20379;0.20379;0.20379;0.20379;0
20170330 000000;0.20406;0.20406;0.20406;0.20406;0
20170331 000000;0.20242;0.20242;0.20242;0.20242;0
20170401 000000;0.20242;0.20242;0.20242;0.20242;0
20170402 000000;0.20242;0.20242;0.20242;0.20242;0
20170403 000000;0.20166;0.20166;0.20166;0.20166;0
20170404 000000;0.20113;0.20113;0.20113;0.20113;0
20170405 000000;0.20208;0.20208;0.20208;0.20208;0
20170406 000000;0.20248;0.20248;0.20248;0.20248;0
20170407 000000;0.20254;0.20254;0.20254;0.20254;0
20170408 000000;0.20254;0.20254;0.20254;0.20254;0
20170409 000000;0.20254;0.20254;0.20254;0.20254;0
20170410 000000;0.20176;0.20176;0.20176;0.20176;0
20170411 000000;0.20118;0.20118;0.20118;0.20118;0
20170412 000000;0.19969;0.19969;0.19969;0.19969;0
20170413 000000;0.19968;0.19968;0.19968;0.19968;0
20170414 000000;0.19968;0.19968;0.19968;0.19968;0
20170415 000000;0.19968;0.19968;0.19968;0.19968;0
20170416 000000;0.19968;0.19968;0.19968;0.19968;0
20170417 000000;0.19968;0.19968;0.19968;0.19968;0
20170418 000000;0.19917;0.19917;0.19917;0.19917;0
20170419 000000;0.19696;0.19696;0.19696;0.19696;0
20170420 000000;0.19705;0.19705;0.19705;0.19705;0
20170421 000000;0.19594;0.19594;0.19594;0.19594;0
20170422 000000;0.19594;0.19594;0.19594;0.19594;0
20170423 000000;0.19594;0.19594;0.19594;0.19594;0
20170424 000000;0.19998;0.19998;0.19998;0.19998;0
20170425 000000;0.2009;0.2009;0.2009;0.2009;0
20170426 000000;0.201;0.201;0.201;0.201;0
20170427 000000;0.19997;0.19997;0.19997;0.19997;0
20170428 000000;0.20006;0.20006;0.20006;0.20006;0
20170429 000000;0.20006;0.20006;0.20006;0.20006;0
20170430 000000;0.20006;0.20006;0.20006;0.20006;0
20170501 000000;0.20006;0.20006;0.20006;0.20006;0
20170502 000000;0.20082;0.20082;0.20082;0.20082;0
20170503 000000;0.20146;0.20146;0.20146;0.20146;0
20170504 000000;0.20131;0.20131;0.20131;0.20131;0
20170505 000000;0.20086;0.20086;0.20086;0.20086;0
20170506 000000;0.20086;0.20086;0.20086;0.20086;0
20170507 000000;0.20086;0.20086;0.20086;0.20086;0
20170508 000000;0.20105;0.20105;0.20105;0.20105;0
20170509 000000;0.19965;0.19965;0.19965;0.19965;0
20170510 000000;0.19911;0.19911;0.19911;0.19911;0
20170511 000000;0.2;0.2;0.2;0.2;0
20170512 000000;0.20059;0.20059;0.20059;0.20059;0
20170513 000000;0.20059;0.20059;0.20059;0.20059;0
20170514 000000;0.20059;0.20059;0.20059;0.20059;0
20170515 000000;0.20178;0.20178;0.20178;0.20178;0
20170516 000000;0.20453;0.20453;0.20453;0.20453;0
20170517 000000;0.2048;0.2048;0.2048;0.2048;0
20170518 000000;0.20213;0.20213;0.20213;0.20213;0
20170519 000000;0.20452;0.20452;0.20452;0.20452;0
20170520 000000;0.20452;0.20452;0.20452;0.20452;0
20170521 000000;0.20452;0.20452;0.20452;0.20452;0
20170522 000000;0.20596;0.20596;0.20596;0.20596;0
20170523 000000;0.20596;0.20596;0.20596;0.20596;0
20170524 000000;0.20622;0.20622;0.20622;0.20622;0
20170525 000000;0.20704;0.20704;0.20704;0.20704;0
20170526 000000;0.20844;0.20844;0.20844;0.20844;0
20170527 000000;0.20844;0.20844;0.20844;0.20844;0
20170528 000000;0.20844;0.20844;0.20844;0.20844;0
20170529 000000;0.20837;0.20837;0.20837;0.20837;0
20170530 000000;0.20784;0.20784;0.20784;0.20784;0
20170531 000000;0.20945;0.20945;0.20945;0.20945;0
20170601 000000;0.20853;0.20853;0.20853;0.20853;0
20170602 000000;0.20815;0.20815;0.20815;0.20815;0
20170603 000000;0.20815;0.20815;0.20815;0.20815;0
20170604 000000;0.20815;0.20815;0.20815;0.20815;0
20170605 000000;0.20826;0.20826;0.20826;0.20826;0
20170606 000000;0.20773;0.20773;0.20773;0.20773;0
20170607 000000;0.20735;0.20735;0.20735;0.20735;0
20170608 000000;0.20624;0.20624;0.20624;0.20624;0
20170609 000000;0.20914;0.20914;0.20914;0.20914;0
20170610 000000;0.20914;0.20914;0.20914;0.20914;0
20170611 000000;0.20914;0.20914;0.20914;0.20914;0
20170612 000000;0.21133;0.21133;0.21133;0.21133;0
20170613 000000;0.21002;0.21002;0.21002;0.21002;0
20170614 000000;0.20959;0.20959;0.20959;0.20959;0
20170615 000000;0.20806;0.20806;0.20806;0.20806;0
20170616 000000;0.20731;0.20731;0.20731;0.20731;0
20170617 000000;0.20731;0.20731;0.20731;0.20731;0
20170618 000000;0.20731;0.20731;0.20731;0.20731;0
20170619 000000;0.20776;0.20776;0.20776;0.20776;0
20170620 000000;0.20835;0.20835;0.20835;0.20835;0
20170621 000000;0.20726;0.20726;0.20726;0.20726;0
20170622 000000;0.20793;0.20793;0.20793;0.20793;0
20170623 000000;0.20748;0.20748;0.20748;0.20748;0
20170624 000000;0.20748;0.20748;0.20748;0.20748;0
20170625 000000;0.20748;0.20748;0.20748;0.20748;0
20170626 000000;0.20858;0.20858;0.20858;0.20858;0
20170627 000000;0.20965;0.20965;0.20965;0.20965;0
20170628 000000;0.20891;0.20891;0.20891;0.20891;0
20170629 000000;0.20709;0.20709;0.20709;0.20709;0
20170630 000000;0.20808;0.20808;0.20808;0.20808;0
20170701 000000;0.20808;0.20808;0.20808;0.20808;0
20170702 000000;0.20808;0.20808;0.20808;0.20808;0
20170703 000000;0.20707;0.20707;0.20707;0.20707;0
20170704 000000;0.20696;0.20696;0.20696;0.20696;0
20170705 000000;0.20662;0.20662;0.20662;0.20662;0
20170706 000000;0.2072;0.2072;0.2072;0.2072;0
20170707 000000;0.20908;0.20908;0.20908;0.20908;0
20170708 000000;0.20908;0.20908;0.20908;0.20908;0
20170709 000000;0.20908;0.20908;0.20908;0.20908;0
20170710 000000;0.20889;0.20889;0.20889;0.20889;0
20170711 000000;0.208;0.208;0.208;0.208;0
20170712 000000;0.20951;0.20951;0.20951;0.20951;0
20170713 000000;0.20839;0.20839;0.20839;0.20839;0
20170714 000000;0.20863;0.20863;0.20863;0.20863;0
20170715 000000;0.20863;0.20863;0.20863;0.20863;0
20170716 000000;0.20863;0.20863;0.20863;0.20863;0
20170717 000000;0.20854;0.20854;0.20854;0.20854;0
20170718 000000;0.21124;0.21124;0.21124;0.21124;0
20170719 000000;0.21004;0.21004;0.21004;0.21004;0
20170720 000000;0.21073;0.21073;0.21073;0.21073;0
20170721 000000;0.21152;0.21152;0.21152;0.21152;0
20170722 000000;0.21152;0.21152;0.21152;0.21152;0
20170723 000000;0.21152;0.21152;0.21152;0.21152;0
20170724 000000;0.21069;0.21069;0.21069;0.21069;0
20170725 000000;0.20999;0.20999;0.20999;0.20999;0
20170726 000000;0.2095;0.2095;0.2095;0.2095;0
20170727 000000;0.20916;0.20916;0.20916;0.20916;0
20170728 000000;0.21078;0.21078;0.21078;0.21078;0
20170729 000000;0.21078;0.21078;0.21078;0.21078;0
20170730 000000;0.21078;0.21078;0.21078;0.21078;0
20170731 000000;0.21043;0.21043;0.21043;0.21043;0
20170801 000000;0.21014;0.21014;0.21014;0.21014;0
20170802 000000;0.21021;0.21021;0.21021;0.21021;0
20170803 000000;0.21238;0.21238;0.21238;0.21238;0
20170804 000000;0.21287;0.21287;0.21287;0.21287;0
20170805 000000;0.21287;0.21287;0.21287;0.21287;0
20170806 000000;0.21287;0.21287;0.21287;0.21287;0
20170807 000000;0.2127;0.2127;0.2127;0.2127;0
20170808 000000;0.21309;0.21309;0.21309;0.21309;0
20170809 000000;0.21171;0.21171;0.21171;0.21171;0
20170810 000000;0.2114;0.2114;0.2114;0.2114;0
20170811 000000;0.21135;0.21135;0.21135;0.21135;0
20170812 000000;0.21135;0.21135;0.21135;0.21135;0
20170813 000000;0.21135;0.21135;0.21135;0.21135;0
20170814 000000;0.21239;0.21239;0.21239;0.21239;0
20170815 000000;0.213;0.213;0.213;0.213;0
20170816 000000;0.21285;0.21285;0.21285;0.21285;0
20170817 000000;0.21349;0.21349;0.21349;0.21349;0
20170818 000000;0.21302;0.21302;0.21302;0.21302;0
20170819 000000;0.21302;0.21302;0.21302;0.21302;0
20170820 000000;0.21302;0.21302;0.21302;0.21302;0
20170821 000000;0.21367;0.21367;0.21367;0.21367;0
20170822 000000;0.21419;0.21419;0.21419;0.21419;0
20170823 000000;0.21502;0.21502;0.21502;0.21502;0
20170824 000000;0.21518;0.21518;0.21518;0.21518;0
20170825 000000;0.21617;0.21617;0.21617;0.21617;0
20170826 000000;0.21617;0.21617;0.21617;0.21617;0
20170827 000000;0.21617;0.21617;0.21617;0.21617;0
20170828 000000;0.21683;0.21683;0.21683;0.21683;0
20170829 000000;0.21784;0.21784;0.21784;0.21784;0
20170830 000000;0.21655;0.21655;0.21655;0.21655;0
20170831 000000;0.21599;0.21599;0.21599;0.21599;0
20170901 000000;0.21713;0.21713;0.21713;0.21713;0
20170902 000000;0.21713;0.21713;0.21713;0.21713;0
20170903 000000;0.21713;0.21713;0.21713;0.21713;0
20170904 000000;0.21661;0.21661;0.21661;0.21661;0
20170905 000000;0.21657;0.21657;0.21657;0.21657;0
20170906 000000;0.21556;0.21556;0.21556;0.21556;0
20170907 000000;0.21541;0.21541;0.21541;0.21541;0
20170908 000000;0.21458;0.21458;0.21458;0.21458;0
20170909 000000;0.21458;0.21458;0.21458;0.21458;0
20170910 000000;0.21458;0.21458;0.21458;0.21458;0
20170911 000000;0.21389;0.21389;0.21389;0.21389;0
20170912 000000;0.21123;0.21123;0.21123;0.21123;0
20170913 000000;0.21086;0.21086;0.21086;0.21086;0
20170914 000000;0.20802;0.20802;0.20802;0.20802;0
20170915 000000;0.2059;0.2059;0.2059;0.2059;0
20170916 000000;0.2059;0.2059;0.2059;0.2059;0
20170917 000000;0.2059;0.2059;0.2059;0.2059;0
20170918 000000;0.20579;0.20579;0.20579;0.20579;0
20170919 000000;0.20713;0.20713;0.20713;0.20713;0
20170920 000000;0.20732;0.20732;0.20732;0.20732;0
20170921 000000;0.20614;0.20614;0.20614;0.20614;0
20170922 000000;0.20659;0.20659;0.20659;0.20659;0
20170923 000000;0.20659;0.20659;0.20659;0.20659;0
20170924 000000;0.20659;0.20659;0.20659;0.20659;0
20170925 000000;0.20604;0.20604;0.20604;0.20604;0
20170926 000000;0.20497;0.20497;0.20497;0.20497;0
20170927 000000;0.20351;0.20351;0.20351;0.20351;0
20170928 000000;0.20323;0.20323;0.20323;0.20323;0
20170929 000000;0.20487;0.20487;0.20487;0.20487;0
20170930 000000;0.20487;0.20487;0.20487;0.20487;0
20171001 000000;0.20487;0.20487;0.20487;0.20487;0
20171002 000000;0.20499;0.20499;0.20499;0.20499;0
20171003 000000;0.20601;0.20601;0.20601;0.20601;0
20171004 000000;0.20658;0.20658;0.20658;0.20658;0
20171005 000000;0.20733;0.20733;0.20733;0.20733;0
20171006 000000;0.20803;0.20803;0.20803;0.20803;0
20171007 000000;0.20803;0.20803;0.20803;0.20803;0
20171008 000000;0.20803;0.20803;0.20803;0.20803;0
20171009 000000;0.20706;0.20706;0.20706;0.20706;0
20171010 000000;0.20826;0.20826;0.20826;0.20826;0
20171011 000000;0.20935;0.20935;0.20935;0.20935;0
20171012 000000;0.21117;0.21117;0.21117;0.21117;0
20171013 000000;0.20909;0.20909;0.20909;0.20909;0
20171014 000000;0.20909;0.20909;0.20909;0.20909;0
20171015 000000;0.20909;0.20909;0.20909;0.20909;0
20171016 000000;0.20943;0.20943;0.20943;0.20943;0
20171017 000000;0.21076;0.21076;0.21076;0.21076;0
20171018 000000;0.21119;0.21119;0.21119;0.21119;0
20171019 000000;0.21187;0.21187;0.21187;0.21187;0
20171020 000000;0.21156;0.21156;0.21156;0.21156;0
20171021 000000;0.21156;0.21156;0.21156;0.21156;0
20171022 000000;0.21156;0.21156;0.21156;0.21156;0
20171023 000000;0.21078;0.21078;0.21078;0.21078;0
20171024 000000;0.21061;0.21061;0.21061;0.21061;0
20171025 000000;0.20985;0.20985;0.20985;0.20985;0
20171026 000000;0.21018;0.21018;0.21018;0.21018;0
20171027 000000;0.20873;0.20873;0.20873;0.20873;0
20171028 000000;0.20873;0.20873;0.20873;0.20873;0
20171029 000000;0.20873;0.20873;0.20873;0.20873;0
20171030 000000;0.20734;0.20734;0.20734;0.20734;0
20171031 000000;0.20701;0.20701;0.20701;0.20701;0
20171101 000000;0.2064;0.2064;0.2064;0.2064;0
20171102 000000;0.20929;0.20929;0.20929;0.20929;0
20171103 000000;0.20981;0.20981;0.20981;0.20981;0
20171104 000000;0.20981;0.20981;0.20981;0.20981;0
20171105 000000;0.20981;0.20981;0.20981;0.20981;0
20171106 000000;0.20843;0.20843;0.20843;0.20843;0
20171107 000000;0.20766;0.20766;0.20766;0.20766;0
20171108 000000;0.20879;0.20879;0.20879;0.20879;0
20171109 000000;0.20931;0.20931;0.20931;0.20931;0
20171110 000000;0.20887;0.20887;0.20887;0.20887;0
20171111 000000;0.20887;0.20887;0.20887;0.20887;0
20171112 000000;0.20887;0.20887;0.20887;0.20887;0
20171113 000000;0.2102;0.2102;0.2102;0.2102;0
20171114 000000;0.21138;0.21138;0.21138;0.21138;0
20171115 000000;0.21169;0.21169;0.21169;0.21169;0
20171116 000000;0.21064;0.21064;0.21064;0.21064;0
20171117 000000;0.2111;0.2111;0.2111;0.2111;0
20171118 000000;0.2111;0.2111;0.2111;0.2111;0
20171119 000000;0.2111;0.2111;0.2111;0.2111;0
20171120 000000;0.21021;0.21021;0.21021;0.21021;0
20171121 000000;0.20926;0.20926;0.20926;0.20926;0
20171122 000000;0.21067;0.21067;0.21067;0.21067;0
20171123 000000;0.21129;0.21129;0.21129;0.21129;0
20171124 000000;0.21164;0.21164;0.21164;0.21164;0
20171125 000000;0.21164;0.21164;0.21164;0.21164;0
20171126 000000;0.21164;0.21164;0.21164;0.21164;0
20171127 000000;0.21236;0.21236;0.21236;0.21236;0
20171128 000000;0.21284;0.21284;0.21284;0.21284;0
20171129 000000;0.21019;0.21019;0.21019;0.21019;0
20171130 000000;0.20971;0.20971;0.20971;0.20971;0
20171201 000000;0.20916;0.20916;0.20916;0.20916;0
20171202 000000;0.20916;0.20916;0.20916;0.20916;0
20171203 000000;0.20916;0.20916;0.20916;0.20916;0
20171204 000000;0.20874;0.20874;0.20874;0.20874;0
20171205 000000;0.20986;0.20986;0.20986;0.20986;0
20171206 000000;0.20961;0.20961;0.20961;0.20961;0
20171207 000000;0.20904;0.20904;0.20904;0.20904;0
20171208 000000;0.20829;0.20829;0.20829;0.20829;0
20171209 000000;0.20829;0.20829;0.20829;0.20829;0
20171210 000000;0.20829;0.20829;0.20829;0.20829;0
20171211 000000;0.20995;0.20995;0.20995;0.20995;0
20171212 000000;0.20947;0.20947;0.20947;0.20947;0
20171213 000000;0.20857;0.20857;0.20857;0.20857;0
20171214 000000;0.20882;0.20882;0.20882;0.20882;0
20171215 000000;0.20929;0.20929;0.20929;0.20929;0
20171216 000000;0.20929;0.20929;0.20929;0.20929;0
20171217 000000;0.20929;0.20929;0.20929;0.20929;0
20171218 000000;0.20967;0.20967;0.20967;0.20967;0
20171219 000000;0.21075;0.21075;0.21075;0.21075;0
20171220 000000;0.21008;0.21008;0.21008;0.21008;0
20171221 000000;0.21135;0.21135;0.21135;0.21135;0
20171222 000000;0.211;0.211;0.211;0.211;0
20171223 000000;0.211;0.211;0.211;0.211;0
20171224 000000;0.211;0.211;0.211;0.211;0
20171225 000000;0.211;0.211;0.211;0.211;0
20171226 000000;0.211;0.211;0.211;0.211;0
20171227 000000;0.21152;0.21152;0.21152;0.21152;0
20171228 000000;0.21232;0.21232;0.21232;0.21232;0
20171229 000000;0.21241;0.21241;0.21241;0.21241;0
20171230 000000;0.21241;0.21241;0.21241;0.21241;0
20171231 000000;0.21241;0.21241;0.21241;0.21241;0
20180101 000000;0.21241;0.21241;0.21241;0.21241;0
20180102 000000;0.21366;0.21366;0.21366;0.21366;0
20180103 000000;0.21281;0.21281;0.21281;0.21281;0
20180104 000000;0.21442;0.21442;0.21442;0.21442;0
20180105 000000;0.2139;0.2139;0.2139;0.2139;0
20180106 000000;0.2139;0.2139;0.2139;0.2139;0
20180107 000000;0.2139;0.2139;0.2139;0.2139;0
20180108 000000;0.21221;0.21221;0.21221;0.21221;0
20180109 000000;0.2112;0.2112;0.2112;0.2112;0
20180110 000000;0.21206;0.21206;0.21206;0.21206;0
20180111 000000;0.21317;0.21317;0.21317;0.21317;0
20180112 000000;0.21328;0.21328;0.21328;0.21328;0
20180113 000000;0.21328;0.21328;0.21328;0.21328;0
20180114 000000;0.21328;0.21328;0.21328;0.21328;0
20180115 000000;0.2136;0.2136;0.2136;0.2136;0
20180116 000000;0.21303;0.21303;0.21303;0.21303;0
20180117 000000;0.21233;0.21233;0.21233;0.21233;0
20180118 000000;0.21171;0.21171;0.21171;0.21171;0
20180119 000000;0.21183;0.21183;0.21183;0.21183;0
20180120 000000;0.21183;0.21183;0.21183;0.21183;0
20180121 000000;0.21183;0.21183;0.21183;0.21183;0
20180122 000000;0.2112;0.2112;0.2112;0.2112;0
20180123 000000;0.21064;0.21064;0.21064;0.21064;0
20180124 000000;0.20976;0.20976;0.20976;0.20976;0
20180125 000000;0.20989;0.20989;0.20989;0.20989;0
20180126 000000;0.21084;0.21084;0.21084;0.21084;0
20180127 000000;0.21084;0.21084;0.21084;0.21084;0
20180128 000000;0.21084;0.21084;0.21084;0.21084;0
20180129 000000;0.21223;0.21223;0.21223;0.21223;0
20180130 000000;0.21214;0.21214;0.21214;0.21214;0
20180131 000000;0.21182;0.21182;0.21182;0.21182;0
20180201 000000;0.21067;0.21067;0.21067;0.21067;0
20180202 000000;0.21148;0.21148;0.21148;0.21148;0
20180203 000000;0.21148;0.21148;0.21148;0.21148;0
20180204 000000;0.21148;0.21148;0.21148;0.21148;0
20180205 000000;0.21298;0.21298;0.21298;0.21298;0
20180206 000000;0.21344;0.21344;0.21344;0.21344;0
20180207 000000;0.21319;0.21319;0.21319;0.21319;0
20180208 000000;0.20989;0.20989;0.20989;0.20989;0
20180209 000000;0.21177;0.21177;0.21177;0.21177;0
20180210 000000;0.21177;0.21177;0.21177;0.21177;0
20180211 000000;0.21177;0.21177;0.21177;0.21177;0
20180212 000000;0.21223;0.21223;0.21223;0.21223;0
20180213 000000;0.21286;0.21286;0.21286;0.21286;0
20180214 000000;0.21343;0.21343;0.21343;0.21343;0
20180215 000000;0.21347;0.21347;0.21347;0.21347;0
20180216 000000;0.21348;0.21348;0.21348;0.21348;0
20180217 000000;0.21348;0.21348;0.21348;0.21348;0
20180218 000000;0.21348;0.21348;0.21348;0.21348;0
20180219 000000;0.21368;0.21368;0.21368;0.21368;0
20180220 000000;0.21262;0.21262;0.21262;0.21262;0
20180221 000000;0.21271;0.21271;0.21271;0.21271;0
20180222 000000;0.21125;0.21125;0.21125;0.21125;0
20180223 000000;0.2109;0.2109;0.2109;0.2109;0
20180224 000000;0.2109;0.2109;0.2109;0.2109;0
20180225 000000;0.2109;0.2109;0.2109;0.2109;0
20180226 000000;0.21061;0.21061;0.21061;0.21061;0
20180227 000000;0.21214;0.21214;0.21214;0.21214;0
20180228 000000;0.21162;0.21162;0.21162;0.21162;0
20180301 000000;0.2115;0.2115;0.2115;0.2115;0
20180302 000000;0.21295;0.21295;0.21295;0.21295;0
20180303 000000;0.21295;0.21295;0.21295;0.21295;0
20180304 000000;0.21295;0.21295;0.21295;0.21295;0
20180305 000000;0.21253;0.21253;0.21253;0.21253;0
20180306 000000;0.21324;0.21324;0.21324;0.21324;0
20180307 000000;0.21344;0.21344;0.21344;0.21344;0
20180308 000000;0.2128;0.2128;0.2128;0.2128;0
20180309 000000;0.21156;0.21156;0.21156;0.21156;0
20180310 000000;0.21156;0.21156;0.21156;0.21156;0
20180311 000000;0.21156;0.21156;0.21156;0.21156;0
20180312 000000;0.21086;0.21086;0.21086;0.21086;0
20180313 000000;0.21048;0.21048;0.21048;0.21048;0
20180314 000000;0.21091;0.21091;0.21091;0.21091;0
20180315 000000;0.21006;0.21006;0.21006;0.21006;0
20180316 000000;0.20926;0.20926;0.20926;0.20926;0
20180317 000000;0.20926;0.20926;0.20926;0.20926;0
20180318 000000;0.20926;0.20926;0.20926;0.20926;0
20180319 000000;0.20771;0.20771;0.20771;0.20771;0
20180320 000000;0.20748;0.20748;0.20748;0.20748;0
20180321 000000;0.20631;0.20631;0.20631;0.20631;0
20180322 000000;0.20655;0.20655;0.20655;0.20655;0
20180323 000000;0.20653;0.20653;0.20653;0.20653;0
20180324 000000;0.20653;0.20653;0.20653;0.20653;0
20180325 000000;0.20653;0.20653;0.20653;0.20653;0
20180326 000000;0.20626;0.20626;0.20626;0.20626;0
20180327 000000;0.20841;0.20841;0.20841;0.20841;0
20180328 000000;0.20823;0.20823;0.20823;0.20823;0
20180329 000000;0.20779;0.20779;0.20779;0.20779;0
20180330 000000;0.20779;0.20779;0.20779;0.20779;0
20180331 000000;0.20779;0.20779;0.20779;0.20779;0
20180401 000000;0.20779;0.20779;0.20779;0.20779;0
20180402 000000;0.20779;0.20779;0.20779;0.20779;0
20180403 000000;0.20796;0.20796;0.20796;0.20796;0
20180404 000000;0.20833;0.20833;0.20833;0.20833;0
20180405 000000;0.20788;0.20788;0.20788;0.20788;0
20180406 000000;0.20793;0.20793;0.20793;0.20793;0
20180407 000000;0.20793;0.20793;0.20793;0.20793;0
20180408 000000;0.20793;0.20793;0.20793;0.20793;0
20180409 000000;0.20759;0.20759;0.20759;0.20759;0
20180410 000000;0.20793;0.20793;0.20793;0.20793;0
20180411 000000;0.20842;0.20842;0.20842;0.20842;0
20180412 000000;0.20731;0.20731;0.20731;0.20731;0
20180413 000000;0.20688;0.20688;0.20688;0.20688;0
20180414 000000;0.20688;0.20688;0.20688;0.20688;0
20180415 000000;0.20688;0.20688;0.20688;0.20688;0
20180416 000000;0.20771;0.20771;0.20771;0.20771;0
20180417 000000;0.20739;0.20739;0.20739;0.20739;0
20180418 000000;0.2089;0.2089;0.2089;0.2089;0
20180419 000000;0.20875;0.20875;0.20875;0.20875;0
20180420 000000;0.21021;0.21021;0.21021;0.21021;0
20180421 000000;0.21021;0.21021;0.21021;0.21021;0
20180422 000000;0.21021;0.21021;0.21021;0.21021;0
20180423 000000;0.2092;0.2092;0.2092;0.2092;0
20180424 000000;0.20828;0.20828;0.20828;0.20828;0
20180425 000000;0.20686;0.20686;0.20686;0.20686;0
20180426 000000;0.20562;0.20562;0.20562;0.20562;0
20180427 000000;0.20801;0.20801;0.20801;0.20801;0
20180428 000000;0.20801;0.20801;0.20801;0.20801;0
20180429 000000;0.20801;0.20801;0.20801;0.20801;0
20180430 000000;0.20812;0.20812;0.20812;0.20812;0
20180501 000000;0.20812;0.20812;0.20812;0.20812;0
20180502 000000;0.20592;0.20592;0.20592;0.20592;0
20180503 000000;0.20686;0.20686;0.20686;0.20686;0
20180504 000000;0.2074;0.2074;0.2074;0.2074;0
20180505 000000;0.2074;0.2074;0.2074;0.2074;0
20180506 000000;0.2074;0.2074;0.2074;0.2074;0
20180507 000000;0.2069;0.2069;0.2069;0.2069;0
20180508 000000;0.20548;0.20548;0.20548;0.20548;0
20180509 000000;0.205;0.205;0.205;0.205;0
20180510 000000;0.20689;0.20689;0.20689;0.20689;0
20180511 000000;0.20665;0.20665;0.20665;0.20665;0
20180512 000000;0.20665;0.20665;0.20665;0.20665;0
20180513 000000;0.20665;0.20665;0.20665;0.20665;0
20180514 000000;0.207;0.207;0.207;0.207;0
20180515 000000;0.2052;0.2052;0.2052;0.2052;0
20180516 000000;0.20382;0.20382;0.20382;0.20382;0
20180517 000000;0.20362;0.20362;0.20362;0.20362;0
