20130101 000000;0.24546;0.24546;0.24546;0.24546;0
20130102 000000;0.24554;0.24554;0.24554;0.24554;0
20130103 000000;0.24459;0.24459;0.24459;0.24459;0
20130104 000000;0.24292;0.24292;0.24292;0.24292;0
20130105 000000;0.24292;0.24292;0.24292;0.24292;0
20130106 000000;0.24292;0.24292;0.24292;0.24292;0
20130107 000000;0.24276;0.24276;0.24276;0.24276;0
20130108 000000;0.24245;0.24245;0.24245;0.24245;0
20130109 000000;0.24337;0.24337;0.24337;0.24337;0
20130110 000000;0.24457;0.24457;0.24457;0.24457;0
20130111 000000;0.2439;0.2439;0.2439;0.2439;0
20130112 000000;0.2439;0.2439;0.2439;0.2439;0
20130113 000000;0.2439;0.2439;0.2439;0.2439;0
20130114 000000;0.24272;0.24272;0.24272;0.24272;0
20130115 000000;0.24272;0.24272;0.24272;0.24272;0
20130116 000000;0.24206;0.24206;0.24206;0.24206;0
20130117 000000;0.2427;0.2427;0.2427;0.2427;0
20130118 000000;0.24123;0.24123;0.24123;0.24123;0
20130119 000000;0.24123;0.24123;0.24123;0.24123;0
20130120 000000;0.24123;0.24123;0.24123;0.24123;0
20130121 000000;0.23981;0.23981;0.23981;0.23981;0
20130122 000000;0.2396;0.2396;0.2396;0.2396;0
20130123 000000;0.24017;0.24017;0.24017;0.24017;0
20130124 000000;0.23861;0.23861;0.23861;0.23861;0
20130125 000000;0.23941;0.23941;0.23941;0.23941;0
20130126 000000;0.23941;0.23941;0.23941;0.23941;0
20130127 000000;0.23941;0.23941;0.23941;0.23941;0
20130128 000000;0.23816;0.23816;0.23816;0.23816;0
20130129 000000;0.23759;0.23759;0.23759;0.23759;0
20130130 000000;0.23816;0.23816;0.23816;0.23816;0
20130131 000000;0.23841;0.23841;0.23841;0.23841;0
20130201 000000;0.23928;0.23928;0.23928;0.23928;0
20130202 000000;0.23928;0.23928;0.23928;0.23928;0
20130203 000000;0.23928;0.23928;0.23928;0.23928;0
20130204 000000;0.24015;0.24015;0.24015;0.24015;0
20130205 000000;0.23915;0.23915;0.23915;0.23915;0
20130206 000000;0.23885;0.23885;0.23885;0.23885;0
20130207 000000;0.23875;0.23875;0.23875;0.23875;0
20130208 000000;0.24043;0.24043;0.24043;0.24043;0
20130209 000000;0.24043;0.24043;0.24043;0.24043;0
20130210 000000;0.24043;0.24043;0.24043;0.24043;0
20130211 000000;0.24075;0.24075;0.24075;0.24075;0
20130212 000000;0.23946;0.23946;0.23946;0.23946;0
20130213 000000;0.2397;0.2397;0.2397;0.2397;0
20130214 000000;0.23943;0.23943;0.23943;0.23943;0
20130215 000000;0.23863;0.23863;0.23863;0.23863;0
20130216 000000;0.23863;0.23863;0.23863;0.23863;0
20130217 000000;0.23863;0.23863;0.23863;0.23863;0
20130218 000000;0.23871;0.23871;0.23871;0.23871;0
20130219 000000;0.23993;0.23993;0.23993;0.23993;0
20130220 000000;0.24056;0.24056;0.24056;0.24056;0
20130221 000000;0.23961;0.23961;0.23961;0.23961;0
20130222 000000;0.24074;0.24074;0.24074;0.24074;0
20130223 000000;0.24074;0.24074;0.24074;0.24074;0
20130224 000000;0.24074;0.24074;0.24074;0.24074;0
20130225 000000;0.24114;0.24114;0.24114;0.24114;0
20130226 000000;0.23993;0.23993;0.23993;0.23993;0
20130227 000000;0.24011;0.24011;0.24011;0.24011;0
20130228 000000;0.24088;0.24088;0.24088;0.24088;0
20130301 000000;0.2411;0.2411;0.2411;0.2411;0
20130302 000000;0.2411;0.2411;0.2411;0.2411;0
20130303 000000;0.2411;0.2411;0.2411;0.2411;0
20130304 000000;0.24156;0.24156;0.24156;0.24156;0
20130305 000000;0.24207;0.24207;0.24207;0.24207;0
20130306 000000;0.24099;0.24099;0.24099;0.24099;0
20130307 000000;0.24089;0.24089;0.24089;0.24089;0
20130308 000000;0.24166;0.24166;0.24166;0.24166;0
20130309 000000;0.24166;0.24166;0.24166;0.24166;0
20130310 000000;0.24166;0.24166;0.24166;0.24166;0
20130311 000000;0.24113;0.24113;0.24113;0.24113;0
20130312 000000;0.24125;0.24125;0.24125;0.24125;0
20130313 000000;0.24163;0.24163;0.24163;0.24163;0
20130314 000000;0.24068;0.24068;0.24068;0.24068;0
20130315 000000;0.24093;0.24093;0.24093;0.24093;0
20130316 000000;0.24093;0.24093;0.24093;0.24093;0
20130317 000000;0.24093;0.24093;0.24093;0.24093;0
20130318 000000;0.24059;0.24059;0.24059;0.24059;0
20130319 000000;0.24069;0.24069;0.24069;0.24069;0
20130320 000000;0.24033;0.24033;0.24033;0.24033;0
20130321 000000;0.23907;0.23907;0.23907;0.23907;0
20130322 000000;0.23922;0.23922;0.23922;0.23922;0
20130323 000000;0.23922;0.23922;0.23922;0.23922;0
20130324 000000;0.23922;0.23922;0.23922;0.23922;0
20130325 000000;0.24034;0.24034;0.24034;0.24034;0
20130326 000000;0.23938;0.23938;0.23938;0.23938;0
20130327 000000;0.23913;0.23913;0.23913;0.23913;0
20130328 000000;0.23921;0.23921;0.23921;0.23921;0
20130329 000000;0.23921;0.23921;0.23921;0.23921;0
20130330 000000;0.23921;0.23921;0.23921;0.23921;0
20130331 000000;0.23921;0.23921;0.23921;0.23921;0
20130401 000000;0.23921;0.23921;0.23921;0.23921;0
20130402 000000;0.23897;0.23897;0.23897;0.23897;0
20130403 000000;0.23862;0.23862;0.23862;0.23862;0
20130404 000000;0.23874;0.23874;0.23874;0.23874;0
20130405 000000;0.23959;0.23959;0.23959;0.23959;0
20130406 000000;0.23959;0.23959;0.23959;0.23959;0
20130407 000000;0.23959;0.23959;0.23959;0.23959;0
20130408 000000;0.24223;0.24223;0.24223;0.24223;0
20130409 000000;0.24211;0.24211;0.24211;0.24211;0
20130410 000000;0.24295;0.24295;0.24295;0.24295;0
20130411 000000;0.24317;0.24317;0.24317;0.24317;0
20130412 000000;0.24366;0.24366;0.24366;0.24366;0
20130413 000000;0.24366;0.24366;0.24366;0.24366;0
20130414 000000;0.24366;0.24366;0.24366;0.24366;0
20130415 000000;0.24312;0.24312;0.24312;0.24312;0
20130416 000000;0.24295;0.24295;0.24295;0.24295;0
20130417 000000;0.24304;0.24304;0.24304;0.24304;0
20130418 000000;0.24303;0.24303;0.24303;0.24303;0
20130419 000000;0.24388;0.24388;0.24388;0.24388;0
20130420 000000;0.24388;0.24388;0.24388;0.24388;0
20130421 000000;0.24388;0.24388;0.24388;0.24388;0
20130422 000000;0.24343;0.24343;0.24343;0.24343;0
20130423 000000;0.24188;0.24188;0.24188;0.24188;0
20130424 000000;0.24174;0.24174;0.24174;0.24174;0
20130425 000000;0.24116;0.24116;0.24116;0.24116;0
20130426 000000;0.24044;0.24044;0.24044;0.24044;0
20130427 000000;0.24044;0.24044;0.24044;0.24044;0
20130428 000000;0.24044;0.24044;0.24044;0.24044;0
20130429 000000;0.24208;0.24208;0.24208;0.24208;0
20130430 000000;0.24094;0.24094;0.24094;0.24094;0
20130501 000000;0.24094;0.24094;0.24094;0.24094;0
20130502 000000;0.24117;0.24117;0.24117;0.24117;0
20130503 000000;0.24151;0.24151;0.24151;0.24151;0
20130504 000000;0.24151;0.24151;0.24151;0.24151;0
20130505 000000;0.24151;0.24151;0.24151;0.24151;0
20130506 000000;0.24088;0.24088;0.24088;0.24088;0
20130507 000000;0.24085;0.24085;0.24085;0.24085;0
20130508 000000;0.24177;0.24177;0.24177;0.24177;0
20130509 000000;0.24235;0.24235;0.24235;0.24235;0
20130510 000000;0.24134;0.24134;0.24134;0.24134;0
20130511 000000;0.24134;0.24134;0.24134;0.24134;0
20130512 000000;0.24134;0.24134;0.24134;0.24134;0
20130513 000000;0.24064;0.24064;0.24064;0.24064;0
20130514 000000;0.24001;0.24001;0.24001;0.24001;0
20130515 000000;0.23908;0.23908;0.23908;0.23908;0
20130516 000000;0.23908;0.23908;0.23908;0.23908;0
20130517 000000;0.23979;0.23979;0.23979;0.23979;0
20130518 000000;0.23979;0.23979;0.23979;0.23979;0
20130519 000000;0.23979;0.23979;0.23979;0.23979;0
20130520 000000;0.23911;0.23911;0.23911;0.23911;0
20130521 000000;0.23867;0.23867;0.23867;0.23867;0
20130522 000000;0.23933;0.23933;0.23933;0.23933;0
20130523 000000;0.23757;0.23757;0.23757;0.23757;0
20130524 000000;0.2382;0.2382;0.2382;0.2382;0
20130525 000000;0.2382;0.2382;0.2382;0.2382;0
20130526 000000;0.2382;0.2382;0.2382;0.2382;0
20130527 000000;0.23846;0.23846;0.23846;0.23846;0
20130528 000000;0.23921;0.23921;0.23921;0.23921;0
20130529 000000;0.23669;0.23669;0.23669;0.23669;0
20130530 000000;0.23437;0.23437;0.23437;0.23437;0
20130531 000000;0.23369;0.23369;0.23369;0.23369;0
20130601 000000;0.23369;0.23369;0.23369;0.23369;0
20130602 000000;0.23369;0.23369;0.23369;0.23369;0
20130603 000000;0.23438;0.23438;0.23438;0.23438;0
20130604 000000;0.23604;0.23604;0.23604;0.23604;0
20130605 000000;0.23556;0.23556;0.23556;0.23556;0
20130606 000000;0.23387;0.23387;0.23387;0.23387;0
20130607 000000;0.23224;0.23224;0.23224;0.23224;0
20130608 000000;0.23224;0.23224;0.23224;0.23224;0
20130609 000000;0.23224;0.23224;0.23224;0.23224;0
20130610 000000;0.23512;0.23512;0.23512;0.23512;0
20130611 000000;0.2337;0.2337;0.2337;0.2337;0
20130612 000000;0.23512;0.23512;0.23512;0.23512;0
20130613 000000;0.23449;0.23449;0.23449;0.23449;0
20130614 000000;0.23614;0.23614;0.23614;0.23614;0
20130615 000000;0.23614;0.23614;0.23614;0.23614;0
20130616 000000;0.23614;0.23614;0.23614;0.23614;0
20130617 000000;0.23643;0.23643;0.23643;0.23643;0
20130618 000000;0.235;0.235;0.235;0.235;0
20130619 000000;0.23475;0.23475;0.23475;0.23475;0
20130620 000000;0.23157;0.23157;0.23157;0.23157;0
20130621 000000;0.23101;0.23101;0.23101;0.23101;0
20130622 000000;0.23101;0.23101;0.23101;0.23101;0
20130623 000000;0.23101;0.23101;0.23101;0.23101;0
20130624 000000;0.22989;0.22989;0.22989;0.22989;0
20130625 000000;0.23154;0.23154;0.23154;0.23154;0
20130626 000000;0.23018;0.23018;0.23018;0.23018;0
20130627 000000;0.23147;0.23147;0.23147;0.23147;0
20130628 000000;0.23054;0.23054;0.23054;0.23054;0
20130629 000000;0.23054;0.23054;0.23054;0.23054;0
20130630 000000;0.23054;0.23054;0.23054;0.23054;0
20130701 000000;0.23079;0.23079;0.23079;0.23079;0
20130702 000000;0.23079;0.23079;0.23079;0.23079;0
20130703 000000;0.2306;0.2306;0.2306;0.2306;0
20130704 000000;0.23211;0.23211;0.23211;0.23211;0
20130705 000000;0.23339;0.23339;0.23339;0.23339;0
20130706 000000;0.23339;0.23339;0.23339;0.23339;0
20130707 000000;0.23339;0.23339;0.23339;0.23339;0
20130708 000000;0.23278;0.23278;0.23278;0.23278;0
20130709 000000;0.23114;0.23114;0.23114;0.23114;0
20130710 000000;0.23081;0.23081;0.23081;0.23081;0
20130711 000000;0.23069;0.23069;0.23069;0.23069;0
20130712 000000;0.23152;0.23152;0.23152;0.23152;0
20130713 000000;0.23152;0.23152;0.23152;0.23152;0
20130714 000000;0.23152;0.23152;0.23152;0.23152;0
20130715 000000;0.23335;0.23335;0.23335;0.23335;0
20130716 000000;0.23496;0.23496;0.23496;0.23496;0
20130717 000000;0.23469;0.23469;0.23469;0.23469;0
20130718 000000;0.23535;0.23535;0.23535;0.23535;0
20130719 000000;0.23547;0.23547;0.23547;0.23547;0
20130720 000000;0.23547;0.23547;0.23547;0.23547;0
20130721 000000;0.23547;0.23547;0.23547;0.23547;0
20130722 000000;0.23711;0.23711;0.23711;0.23711;0
20130723 000000;0.23726;0.23726;0.23726;0.23726;0
20130724 000000;0.23767;0.23767;0.23767;0.23767;0
20130725 000000;0.23567;0.23567;0.23567;0.23567;0
20130726 000000;0.23599;0.23599;0.23599;0.23599;0
20130727 000000;0.23599;0.23599;0.23599;0.23599;0
20130728 000000;0.23599;0.23599;0.23599;0.23599;0
20130729 000000;0.23644;0.23644;0.23644;0.23644;0
20130730 000000;0.23668;0.23668;0.23668;0.23668;0
20130731 000000;0.23602;0.23602;0.23602;0.23602;0
20130801 000000;0.23615;0.23615;0.23615;0.23615;0
20130802 000000;0.23502;0.23502;0.23502;0.23502;0
20130803 000000;0.23502;0.23502;0.23502;0.23502;0
20130804 000000;0.23502;0.23502;0.23502;0.23502;0
20130805 000000;0.23701;0.23701;0.23701;0.23701;0
20130806 000000;0.23728;0.23728;0.23728;0.23728;0
20130807 000000;0.23714;0.23714;0.23714;0.23714;0
20130808 000000;0.23772;0.23772;0.23772;0.23772;0
20130809 000000;0.23879;0.23879;0.23879;0.23879;0
20130810 000000;0.23879;0.23879;0.23879;0.23879;0
20130811 000000;0.23879;0.23879;0.23879;0.23879;0
20130812 000000;0.23873;0.23873;0.23873;0.23873;0
20130813 000000;0.23859;0.23859;0.23859;0.23859;0
20130814 000000;0.23789;0.23789;0.23789;0.23789;0
20130815 000000;0.23774;0.23774;0.23774;0.23774;0
20130816 000000;0.23651;0.23651;0.23651;0.23651;0
20130817 000000;0.23651;0.23651;0.23651;0.23651;0
20130818 000000;0.23651;0.23651;0.23651;0.23651;0
20130819 000000;0.23528;0.23528;0.23528;0.23528;0
20130820 000000;0.23659;0.23659;0.23659;0.23659;0
20130821 000000;0.23583;0.23583;0.23583;0.23583;0
20130822 000000;0.23576;0.23576;0.23576;0.23576;0
20130823 000000;0.23628;0.23628;0.23628;0.23628;0
20130824 000000;0.23628;0.23628;0.23628;0.23628;0
20130825 000000;0.23628;0.23628;0.23628;0.23628;0
20130826 000000;0.23649;0.23649;0.23649;0.23649;0
20130827 000000;0.23552;0.23552;0.23552;0.23552;0
20130828 000000;0.23294;0.23294;0.23294;0.23294;0
20130829 000000;0.23351;0.23351;0.23351;0.23351;0
20130830 000000;0.23456;0.23456;0.23456;0.23456;0
20130831 000000;0.23456;0.23456;0.23456;0.23456;0
20130901 000000;0.23456;0.23456;0.23456;0.23456;0
20130902 000000;0.23503;0.23503;0.23503;0.23503;0
20130903 000000;0.23415;0.23415;0.23415;0.23415;0
20130904 000000;0.2344;0.2344;0.2344;0.2344;0
20130905 000000;0.23328;0.23328;0.23328;0.23328;0
20130906 000000;0.23283;0.23283;0.23283;0.23283;0
20130907 000000;0.23283;0.23283;0.23283;0.23283;0
20130908 000000;0.23283;0.23283;0.23283;0.23283;0
20130909 000000;0.23403;0.23403;0.23403;0.23403;0
20130910 000000;0.23477;0.23477;0.23477;0.23477;0
20130911 000000;0.23622;0.23622;0.23622;0.23622;0
20130912 000000;0.23735;0.23735;0.23735;0.23735;0
20130913 000000;0.23742;0.23742;0.23742;0.23742;0
20130914 000000;0.23742;0.23742;0.23742;0.23742;0
20130915 000000;0.23742;0.23742;0.23742;0.23742;0
20130916 000000;0.23841;0.23841;0.23841;0.23841;0
20130917 000000;0.23692;0.23692;0.23692;0.23692;0
20130918 000000;0.23625;0.23625;0.23625;0.23625;0
20130919 000000;0.23907;0.23907;0.23907;0.23907;0
20130920 000000;0.23642;0.23642;0.23642;0.23642;0
20130921 000000;0.23642;0.23642;0.23642;0.23642;0
20130922 000000;0.23642;0.23642;0.23642;0.23642;0
20130923 000000;0.2366;0.2366;0.2366;0.2366;0
20130924 000000;0.23658;0.23658;0.23658;0.23658;0
20130925 000000;0.23716;0.23716;0.23716;0.23716;0
20130926 000000;0.23652;0.23652;0.23652;0.23652;0
20130927 000000;0.23652;0.23652;0.23652;0.23652;0
20130928 000000;0.23652;0.23652;0.23652;0.23652;0
20130929 000000;0.23652;0.23652;0.23652;0.23652;0
20130930 000000;0.23647;0.23647;0.23647;0.23647;0
20131001 000000;0.23636;0.23636;0.23636;0.23636;0
20131002 000000;0.23702;0.23702;0.23702;0.23702;0
20131003 000000;0.2378;0.2378;0.2378;0.2378;0
20131004 000000;0.23784;0.23784;0.23784;0.23784;0
20131005 000000;0.23784;0.23784;0.23784;0.23784;0
20131006 000000;0.23784;0.23784;0.23784;0.23784;0
20131007 000000;0.23837;0.23837;0.23837;0.23837;0
20131008 000000;0.23849;0.23849;0.23849;0.23849;0
20131009 000000;0.23812;0.23812;0.23812;0.23812;0
20131010 000000;0.23833;0.23833;0.23833;0.23833;0
20131011 000000;0.23848;0.23848;0.23848;0.23848;0
20131012 000000;0.23848;0.23848;0.23848;0.23848;0
20131013 000000;0.23848;0.23848;0.23848;0.23848;0
20131014 000000;0.23907;0.23907;0.23907;0.23907;0
20131015 000000;0.23917;0.23917;0.23917;0.23917;0
20131016 000000;0.23943;0.23943;0.23943;0.23943;0
20131017 000000;0.23956;0.23956;0.23956;0.23956;0
20131018 000000;0.23919;0.23919;0.23919;0.23919;0
20131019 000000;0.23919;0.23919;0.23919;0.23919;0
20131020 000000;0.23919;0.23919;0.23919;0.23919;0
20131021 000000;0.2391;0.2391;0.2391;0.2391;0
20131022 000000;0.23912;0.23912;0.23912;0.23912;0
20131023 000000;0.23933;0.23933;0.23933;0.23933;0
20131024 000000;0.23889;0.23889;0.23889;0.23889;0
20131025 000000;0.2389;0.2389;0.2389;0.2389;0
20131026 000000;0.2389;0.2389;0.2389;0.2389;0
20131027 000000;0.2389;0.2389;0.2389;0.2389;0
20131028 000000;0.23892;0.23892;0.23892;0.23892;0
20131029 000000;0.23902;0.23902;0.23902;0.23902;0
20131030 000000;0.23923;0.23923;0.23923;0.23923;0
20131031 000000;0.23933;0.23933;0.23933;0.23933;0
20131101 000000;0.23881;0.23881;0.23881;0.23881;0
20131102 000000;0.23881;0.23881;0.23881;0.23881;0
20131103 000000;0.23881;0.23881;0.23881;0.23881;0
20131104 000000;0.23936;0.23936;0.23936;0.23936;0
20131105 000000;0.23922;0.23922;0.23922;0.23922;0
20131106 000000;0.23994;0.23994;0.23994;0.23994;0
20131107 000000;0.24025;0.24025;0.24025;0.24025;0
20131108 000000;0.23923;0.23923;0.23923;0.23923;0
20131109 000000;0.23923;0.23923;0.23923;0.23923;0
20131110 000000;0.23923;0.23923;0.23923;0.23923;0
20131111 000000;0.23784;0.23784;0.23784;0.23784;0
20131112 000000;0.2379;0.2379;0.2379;0.2379;0
20131113 000000;0.23798;0.23798;0.23798;0.23798;0
20131114 000000;0.23892;0.23892;0.23892;0.23892;0
20131115 000000;0.23907;0.23907;0.23907;0.23907;0
20131116 000000;0.23907;0.23907;0.23907;0.23907;0
20131117 000000;0.23907;0.23907;0.23907;0.23907;0
20131118 000000;0.23949;0.23949;0.23949;0.23949;0
20131119 000000;0.23907;0.23907;0.23907;0.23907;0
20131120 000000;0.23885;0.23885;0.23885;0.23885;0
20131121 000000;0.23853;0.23853;0.23853;0.23853;0
20131122 000000;0.23822;0.23822;0.23822;0.23822;0
20131123 000000;0.23822;0.23822;0.23822;0.23822;0
20131124 000000;0.23822;0.23822;0.23822;0.23822;0
20131125 000000;0.23857;0.23857;0.23857;0.23857;0
20131126 000000;0.23817;0.23817;0.23817;0.23817;0
20131127 000000;0.23789;0.23789;0.23789;0.23789;0
20131128 000000;0.23842;0.23842;0.23842;0.23842;0
20131129 000000;0.23776;0.23776;0.23776;0.23776;0
20131130 000000;0.23776;0.23776;0.23776;0.23776;0
20131201 000000;0.23776;0.23776;0.23776;0.23776;0
20131202 000000;0.2385;0.2385;0.2385;0.2385;0
20131203 000000;0.23791;0.23791;0.23791;0.23791;0
20131204 000000;0.23819;0.23819;0.23819;0.23819;0
20131205 000000;0.2387;0.2387;0.2387;0.2387;0
20131206 000000;0.23845;0.23845;0.23845;0.23845;0
20131207 000000;0.23845;0.23845;0.23845;0.23845;0
20131208 000000;0.23845;0.23845;0.23845;0.23845;0
20131209 000000;0.23885;0.23885;0.23885;0.23885;0
20131210 000000;0.23909;0.23909;0.23909;0.23909;0
20131211 000000;0.23906;0.23906;0.23906;0.23906;0
20131212 000000;0.2391;0.2391;0.2391;0.2391;0
20131213 000000;0.23926;0.23926;0.23926;0.23926;0
20131214 000000;0.23926;0.23926;0.23926;0.23926;0
20131215 000000;0.23926;0.23926;0.23926;0.23926;0
20131216 000000;0.23948;0.23948;0.23948;0.23948;0
20131217 000000;0.23929;0.23929;0.23929;0.23929;0
20131218 000000;0.23933;0.23933;0.23933;0.23933;0
20131219 000000;0.23958;0.23958;0.23958;0.23958;0
20131220 000000;0.24008;0.24008;0.24008;0.24008;0
20131221 000000;0.24008;0.24008;0.24008;0.24008;0
20131222 000000;0.24008;0.24008;0.24008;0.24008;0
20131223 000000;0.2404;0.2404;0.2404;0.2404;0
20131224 000000;0.24142;0.24142;0.24142;0.24142;0
20131225 000000;0.24142;0.24142;0.24142;0.24142;0
20131226 000000;0.24142;0.24142;0.24142;0.24142;0
20131227 000000;0.24088;0.24088;0.24088;0.24088;0
20131228 000000;0.24088;0.24088;0.24088;0.24088;0
20131229 000000;0.24088;0.24088;0.24088;0.24088;0
20131230 000000;0.24104;0.24104;0.24104;0.24104;0
20131231 000000;0.24071;0.24071;0.24071;0.24071;0
20140101 000000;0.24071;0.24071;0.24071;0.24071;0
20140102 000000;0.23985;0.23985;0.23985;0.23985;0
20140103 000000;0.24005;0.24005;0.24005;0.24005;0
20140104 000000;0.24005;0.24005;0.24005;0.24005;0
20140105 000000;0.24005;0.24005;0.24005;0.24005;0
20140106 000000;0.23944;0.23944;0.23944;0.23944;0
20140107 000000;0.23937;0.23937;0.23937;0.23937;0
20140108 000000;0.23942;0.23942;0.23942;0.23942;0
20140109 000000;0.23949;0.23949;0.23949;0.23949;0
20140110 000000;0.23953;0.23953;0.23953;0.23953;0
20140111 000000;0.23953;0.23953;0.23953;0.23953;0
20140112 000000;0.23953;0.23953;0.23953;0.23953;0
20140113 000000;0.24072;0.24072;0.24072;0.24072;0
20140114 000000;0.24092;0.24092;0.24092;0.24092;0
20140115 000000;0.24053;0.24053;0.24053;0.24053;0
20140116 000000;0.23985;0.23985;0.23985;0.23985;0
20140117 000000;0.24012;0.24012;0.24012;0.24012;0
20140118 000000;0.24012;0.24012;0.24012;0.24012;0
20140119 000000;0.24012;0.24012;0.24012;0.24012;0
20140120 000000;0.24051;0.24051;0.24051;0.24051;0
20140121 000000;0.24009;0.24009;0.24009;0.24009;0
20140122 000000;0.2401;0.2401;0.2401;0.2401;0
20140123 000000;0.23993;0.23993;0.23993;0.23993;0
20140124 000000;0.23764;0.23764;0.23764;0.23764;0
20140125 000000;0.23764;0.23764;0.23764;0.23764;0
20140126 000000;0.23764;0.23764;0.23764;0.23764;0
20140127 000000;0.23824;0.23824;0.23824;0.23824;0
20140128 000000;0.23859;0.23859;0.23859;0.23859;0
20140129 000000;0.23736;0.23736;0.23736;0.23736;0
20140130 000000;0.23634;0.23634;0.23634;0.23634;0
20140131 000000;0.23536;0.23536;0.23536;0.23536;0
20140201 000000;0.23536;0.23536;0.23536;0.23536;0
20140202 000000;0.23536;0.23536;0.23536;0.23536;0
20140203 000000;0.23673;0.23673;0.23673;0.23673;0
20140204 000000;0.23784;0.23784;0.23784;0.23784;0
20140205 000000;0.23841;0.23841;0.23841;0.23841;0
20140206 000000;0.23878;0.23878;0.23878;0.23878;0
20140207 000000;0.23881;0.23881;0.23881;0.23881;0
20140208 000000;0.23881;0.23881;0.23881;0.23881;0
20140209 000000;0.23881;0.23881;0.23881;0.23881;0
20140210 000000;0.23922;0.23922;0.23922;0.23922;0
20140211 000000;0.23909;0.23909;0.23909;0.23909;0
20140212 000000;0.24005;0.24005;0.24005;0.24005;0
20140213 000000;0.23995;0.23995;0.23995;0.23995;0
20140214 000000;0.24099;0.24099;0.24099;0.24099;0
20140215 000000;0.24099;0.24099;0.24099;0.24099;0
20140216 000000;0.24099;0.24099;0.24099;0.24099;0
20140217 000000;0.24113;0.24113;0.24113;0.24113;0
20140218 000000;0.24074;0.24074;0.24074;0.24074;0
20140219 000000;0.23961;0.23961;0.23961;0.23961;0
20140220 000000;0.23923;0.23923;0.23923;0.23923;0
20140221 000000;0.24003;0.24003;0.24003;0.24003;0
20140222 000000;0.24003;0.24003;0.24003;0.24003;0
20140223 000000;0.24003;0.24003;0.24003;0.24003;0
20140224 000000;0.24051;0.24051;0.24051;0.24051;0
20140225 000000;0.24082;0.24082;0.24082;0.24082;0
20140226 000000;0.24032;0.24032;0.24032;0.24032;0
20140227 000000;0.23935;0.23935;0.23935;0.23935;0
20140228 000000;0.23995;0.23995;0.23995;0.23995;0
20140301 000000;0.23995;0.23995;0.23995;0.23995;0
20140302 000000;0.23995;0.23995;0.23995;0.23995;0
20140303 000000;0.2385;0.2385;0.2385;0.2385;0
20140304 000000;0.23886;0.23886;0.23886;0.23886;0
20140305 000000;0.23926;0.23926;0.23926;0.23926;0
20140306 000000;0.23898;0.23898;0.23898;0.23898;0
20140307 000000;0.23855;0.23855;0.23855;0.23855;0
20140308 000000;0.23855;0.23855;0.23855;0.23855;0
20140309 000000;0.23855;0.23855;0.23855;0.23855;0
20140310 000000;0.23803;0.23803;0.23803;0.23803;0
20140311 000000;0.23714;0.23714;0.23714;0.23714;0
20140312 000000;0.23656;0.23656;0.23656;0.23656;0
20140313 000000;0.23679;0.23679;0.23679;0.23679;0
20140314 000000;0.23572;0.23572;0.23572;0.23572;0
20140315 000000;0.23572;0.23572;0.23572;0.23572;0
20140316 000000;0.23572;0.23572;0.23572;0.23572;0
20140317 000000;0.23685;0.23685;0.23685;0.23685;0
20140318 000000;0.23757;0.23757;0.23757;0.23757;0
20140319 000000;0.2382;0.2382;0.2382;0.2382;0
20140320 000000;0.23795;0.23795;0.23795;0.23795;0
20140321 000000;0.23824;0.23824;0.23824;0.23824;0
20140322 000000;0.23824;0.23824;0.23824;0.23824;0
20140323 000000;0.23824;0.23824;0.23824;0.23824;0
20140324 000000;0.23852;0.23852;0.23852;0.23852;0
20140325 000000;0.23819;0.23819;0.23819;0.23819;0
20140326 000000;0.23922;0.23922;0.23922;0.23922;0
20140327 000000;0.23926;0.23926;0.23926;0.23926;0
20140328 000000;0.23958;0.23958;0.23958;0.23958;0
20140329 000000;0.23958;0.23958;0.23958;0.23958;0
20140330 000000;0.23958;0.23958;0.23958;0.23958;0
20140331 000000;0.2397;0.2397;0.2397;0.2397;0
20140401 000000;0.23935;0.23935;0.23935;0.23935;0
20140402 000000;0.23942;0.23942;0.23942;0.23942;0
20140403 000000;0.23965;0.23965;0.23965;0.23965;0
20140404 000000;0.2401;0.2401;0.2401;0.2401;0
20140405 000000;0.2401;0.2401;0.2401;0.2401;0
20140406 000000;0.2401;0.2401;0.2401;0.2401;0
20140407 000000;0.23954;0.23954;0.23954;0.23954;0
20140408 000000;0.23979;0.23979;0.23979;0.23979;0
20140409 000000;0.23976;0.23976;0.23976;0.23976;0
20140410 000000;0.23982;0.23982;0.23982;0.23982;0
20140411 000000;0.23902;0.23902;0.23902;0.23902;0
20140412 000000;0.23902;0.23902;0.23902;0.23902;0
20140413 000000;0.23902;0.23902;0.23902;0.23902;0
20140414 000000;0.2391;0.2391;0.2391;0.2391;0
20140415 000000;0.23885;0.23885;0.23885;0.23885;0
20140416 000000;0.23834;0.23834;0.23834;0.23834;0
20140417 000000;0.23845;0.23845;0.23845;0.23845;0
20140418 000000;0.23845;0.23845;0.23845;0.23845;0
20140419 000000;0.23845;0.23845;0.23845;0.23845;0
20140420 000000;0.23845;0.23845;0.23845;0.23845;0
20140421 000000;0.23845;0.23845;0.23845;0.23845;0
20140422 000000;0.23863;0.23863;0.23863;0.23863;0
20140423 000000;0.23852;0.23852;0.23852;0.23852;0
20140424 000000;0.23858;0.23858;0.23858;0.23858;0
20140425 000000;0.23794;0.23794;0.23794;0.23794;0
20140426 000000;0.23794;0.23794;0.23794;0.23794;0
20140427 000000;0.23794;0.23794;0.23794;0.23794;0
20140428 000000;0.2377;0.2377;0.2377;0.2377;0
20140429 000000;0.23813;0.23813;0.23813;0.23813;0
20140430 000000;0.23796;0.23796;0.23796;0.23796;0
20140501 000000;0.23796;0.23796;0.23796;0.23796;0
20140502 000000;0.2379;0.2379;0.2379;0.2379;0
20140503 000000;0.2379;0.2379;0.2379;0.2379;0
20140504 000000;0.2379;0.2379;0.2379;0.2379;0
20140505 000000;0.2376;0.2376;0.2376;0.2376;0
20140506 000000;0.23799;0.23799;0.23799;0.23799;0
20140507 000000;0.23811;0.23811;0.23811;0.23811;0
20140508 000000;0.23848;0.23848;0.23848;0.23848;0
20140509 000000;0.2391;0.2391;0.2391;0.2391;0
20140510 000000;0.2391;0.2391;0.2391;0.2391;0
20140511 000000;0.2391;0.2391;0.2391;0.2391;0
20140512 000000;0.23913;0.23913;0.23913;0.23913;0
20140513 000000;0.23893;0.23893;0.23893;0.23893;0
20140514 000000;0.23875;0.23875;0.23875;0.23875;0
20140515 000000;0.23928;0.23928;0.23928;0.23928;0
20140516 000000;0.23864;0.23864;0.23864;0.23864;0
20140517 000000;0.23864;0.23864;0.23864;0.23864;0
20140518 000000;0.23864;0.23864;0.23864;0.23864;0
20140519 000000;0.23885;0.23885;0.23885;0.23885;0
20140520 000000;0.2387;0.2387;0.2387;0.2387;0
20140521 000000;0.23873;0.23873;0.23873;0.23873;0
20140522 000000;0.23943;0.23943;0.23943;0.23943;0
20140523 000000;0.24021;0.24021;0.24021;0.24021;0
20140524 000000;0.24021;0.24021;0.24021;0.24021;0
20140525 000000;0.24021;0.24021;0.24021;0.24021;0
20140526 000000;0.24067;0.24067;0.24067;0.24067;0
20140527 000000;0.24017;0.24017;0.24017;0.24017;0
20140528 000000;0.24059;0.24059;0.24059;0.24059;0
20140529 000000;0.24128;0.24128;0.24128;0.24128;0
20140530 000000;0.24148;0.24148;0.24148;0.24148;0
20140531 000000;0.24148;0.24148;0.24148;0.24148;0
20140601 000000;0.24148;0.24148;0.24148;0.24148;0
20140602 000000;0.24159;0.24159;0.24159;0.24159;0
20140603 000000;0.24108;0.24108;0.24108;0.24108;0
20140604 000000;0.24123;0.24123;0.24123;0.24123;0
20140605 000000;0.24283;0.24283;0.24283;0.24283;0
20140606 000000;0.243;0.243;0.243;0.243;0
20140607 000000;0.243;0.243;0.243;0.243;0
20140608 000000;0.243;0.243;0.243;0.243;0
20140609 000000;0.24392;0.24392;0.24392;0.24392;0
20140610 000000;0.24356;0.24356;0.24356;0.24356;0
20140611 000000;0.24308;0.24308;0.24308;0.24308;0
20140612 000000;0.24366;0.24366;0.24366;0.24366;0
20140613 000000;0.24234;0.24234;0.24234;0.24234;0
20140614 000000;0.24234;0.24234;0.24234;0.24234;0
20140615 000000;0.24234;0.24234;0.24234;0.24234;0
20140616 000000;0.2414;0.2414;0.2414;0.2414;0
20140617 000000;0.24172;0.24172;0.24172;0.24172;0
20140618 000000;0.24129;0.24129;0.24129;0.24129;0
20140619 000000;0.24198;0.24198;0.24198;0.24198;0
20140620 000000;0.24035;0.24035;0.24035;0.24035;0
20140621 000000;0.24035;0.24035;0.24035;0.24035;0
20140622 000000;0.24035;0.24035;0.24035;0.24035;0
20140623 000000;0.24098;0.24098;0.24098;0.24098;0
20140624 000000;0.24073;0.24073;0.24073;0.24073;0
20140625 000000;0.24094;0.24094;0.24094;0.24094;0
20140626 000000;0.24137;0.24137;0.24137;0.24137;0
20140627 000000;0.24084;0.24084;0.24084;0.24084;0
20140628 000000;0.24084;0.24084;0.24084;0.24084;0
20140629 000000;0.24084;0.24084;0.24084;0.24084;0
20140630 000000;0.24057;0.24057;0.24057;0.24057;0
20140701 000000;0.24049;0.24049;0.24049;0.24049;0
20140702 000000;0.24122;0.24122;0.24122;0.24122;0
20140703 000000;0.24113;0.24113;0.24113;0.24113;0
20140704 000000;0.24158;0.24158;0.24158;0.24158;0
20140705 000000;0.24158;0.24158;0.24158;0.24158;0
20140706 000000;0.24158;0.24158;0.24158;0.24158;0
20140707 000000;0.24136;0.24136;0.24136;0.24136;0
20140708 000000;0.24187;0.24187;0.24187;0.24187;0
20140709 000000;0.24222;0.24222;0.24222;0.24222;0
20140710 000000;0.24143;0.24143;0.24143;0.24143;0
20140711 000000;0.24139;0.24139;0.24139;0.24139;0
20140712 000000;0.24139;0.24139;0.24139;0.24139;0
20140713 000000;0.24139;0.24139;0.24139;0.24139;0
20140714 000000;0.24162;0.24162;0.24162;0.24162;0
20140715 000000;0.2415;0.2415;0.2415;0.2415;0
20140716 000000;0.2417;0.2417;0.2417;0.2417;0
20140717 000000;0.24131;0.24131;0.24131;0.24131;0
20140718 000000;0.2411;0.2411;0.2411;0.2411;0
20140719 000000;0.2411;0.2411;0.2411;0.2411;0
20140720 000000;0.2411;0.2411;0.2411;0.2411;0
20140721 000000;0.2409;0.2409;0.2409;0.2409;0
20140722 000000;0.24112;0.24112;0.24112;0.24112;0
20140723 000000;0.2419;0.2419;0.2419;0.2419;0
20140724 000000;0.2415;0.2415;0.2415;0.2415;0
20140725 000000;0.24134;0.24134;0.24134;0.24134;0
20140726 000000;0.24134;0.24134;0.24134;0.24134;0
20140727 000000;0.24134;0.24134;0.24134;0.24134;0
20140728 000000;0.24133;0.24133;0.24133;0.24133;0
20140729 000000;0.24087;0.24087;0.24087;0.24087;0
20140730 000000;0.24087;0.24087;0.24087;0.24087;0
20140731 000000;0.23986;0.23986;0.23986;0.23986;0
20140801 000000;0.23873;0.23873;0.23873;0.23873;0
20140802 000000;0.23873;0.23873;0.23873;0.23873;0
20140803 000000;0.23873;0.23873;0.23873;0.23873;0
20140804 000000;0.23972;0.23972;0.23972;0.23972;0
20140805 000000;0.23954;0.23954;0.23954;0.23954;0
20140806 000000;0.23784;0.23784;0.23784;0.23784;0
20140807 000000;0.23788;0.23788;0.23788;0.23788;0
20140808 000000;0.23804;0.23804;0.23804;0.23804;0
20140809 000000;0.23804;0.23804;0.23804;0.23804;0
20140810 000000;0.23804;0.23804;0.23804;0.23804;0
20140811 000000;0.23815;0.23815;0.23815;0.23815;0
20140812 000000;0.23776;0.23776;0.23776;0.23776;0
20140813 000000;0.23841;0.23841;0.23841;0.23841;0
20140814 000000;0.23924;0.23924;0.23924;0.23924;0
20140815 000000;0.23921;0.23921;0.23921;0.23921;0
20140816 000000;0.23921;0.23921;0.23921;0.23921;0
20140817 000000;0.23921;0.23921;0.23921;0.23921;0
20140818 000000;0.23876;0.23876;0.23876;0.23876;0
20140819 000000;0.2387;0.2387;0.2387;0.2387;0
20140820 000000;0.23907;0.23907;0.23907;0.23907;0
20140821 000000;0.23871;0.23871;0.23871;0.23871;0
20140822 000000;0.23887;0.23887;0.23887;0.23887;0
20140823 000000;0.23887;0.23887;0.23887;0.23887;0
20140824 000000;0.23887;0.23887;0.23887;0.23887;0
20140825 000000;0.23932;0.23932;0.23932;0.23932;0
20140826 000000;0.23907;0.23907;0.23907;0.23907;0
20140827 000000;0.23828;0.23828;0.23828;0.23828;0
20140828 000000;0.23728;0.23728;0.23728;0.23728;0
20140829 000000;0.23713;0.23713;0.23713;0.23713;0
20140830 000000;0.23713;0.23713;0.23713;0.23713;0
20140831 000000;0.23713;0.23713;0.23713;0.23713;0
20140901 000000;0.23763;0.23763;0.23763;0.23763;0
20140902 000000;0.2373;0.2373;0.2373;0.2373;0
20140903 000000;0.23864;0.23864;0.23864;0.23864;0
20140904 000000;0.23893;0.23893;0.23893;0.23893;0
20140905 000000;0.23848;0.23848;0.23848;0.23848;0
20140906 000000;0.23848;0.23848;0.23848;0.23848;0
20140907 000000;0.23848;0.23848;0.23848;0.23848;0
20140908 000000;0.23941;0.23941;0.23941;0.23941;0
20140909 000000;0.23793;0.23793;0.23793;0.23793;0
20140910 000000;0.23791;0.23791;0.23791;0.23791;0
20140911 000000;0.23817;0.23817;0.23817;0.23817;0
20140912 000000;0.23823;0.23823;0.23823;0.23823;0
20140913 000000;0.23823;0.23823;0.23823;0.23823;0
20140914 000000;0.23823;0.23823;0.23823;0.23823;0
20140915 000000;0.23821;0.23821;0.23821;0.23821;0
20140916 000000;0.23834;0.23834;0.23834;0.23834;0
20140917 000000;0.2388;0.2388;0.2388;0.2388;0
20140918 000000;0.23849;0.23849;0.23849;0.23849;0
20140919 000000;0.23879;0.23879;0.23879;0.23879;0
20140920 000000;0.23879;0.23879;0.23879;0.23879;0
20140921 000000;0.23879;0.23879;0.23879;0.23879;0
20140922 000000;0.23914;0.23914;0.23914;0.23914;0
20140923 000000;0.2395;0.2395;0.2395;0.2395;0
20140924 000000;0.23984;0.23984;0.23984;0.23984;0
20140925 000000;0.2394;0.2394;0.2394;0.2394;0
20140926 000000;0.23921;0.23921;0.23921;0.23921;0
20140927 000000;0.23921;0.23921;0.23921;0.23921;0
20140928 000000;0.23921;0.23921;0.23921;0.23921;0
20140929 000000;0.23908;0.23908;0.23908;0.23908;0
20140930 000000;0.23937;0.23937;0.23937;0.23937;0
20141001 000000;0.23915;0.23915;0.23915;0.23915;0
20141002 000000;0.23946;0.23946;0.23946;0.23946;0
20141003 000000;0.2393;0.2393;0.2393;0.2393;0
20141004 000000;0.2393;0.2393;0.2393;0.2393;0
20141005 000000;0.2393;0.2393;0.2393;0.2393;0
20141006 000000;0.23898;0.23898;0.23898;0.23898;0
20141007 000000;0.23901;0.23901;0.23901;0.23901;0
20141008 000000;0.23856;0.23856;0.23856;0.23856;0
20141009 000000;0.23948;0.23948;0.23948;0.23948;0
20141010 000000;0.23903;0.23903;0.23903;0.23903;0
20141011 000000;0.23903;0.23903;0.23903;0.23903;0
20141012 000000;0.23903;0.23903;0.23903;0.23903;0
20141013 000000;0.23857;0.23857;0.23857;0.23857;0
20141014 000000;0.23791;0.23791;0.23791;0.23791;0
20141015 000000;0.23764;0.23764;0.23764;0.23764;0
20141016 000000;0.23648;0.23648;0.23648;0.23648;0
20141017 000000;0.23631;0.23631;0.23631;0.23631;0
20141018 000000;0.23631;0.23631;0.23631;0.23631;0
20141019 000000;0.23631;0.23631;0.23631;0.23631;0
20141020 000000;0.23682;0.23682;0.23682;0.23682;0
20141021 000000;0.23706;0.23706;0.23706;0.23706;0
20141022 000000;0.23671;0.23671;0.23671;0.23671;0
20141023 000000;0.23646;0.23646;0.23646;0.23646;0
20141024 000000;0.23677;0.23677;0.23677;0.23677;0
20141025 000000;0.23677;0.23677;0.23677;0.23677;0
20141026 000000;0.23677;0.23677;0.23677;0.23677;0
20141027 000000;0.23676;0.23676;0.23676;0.23676;0
20141028 000000;0.23631;0.23631;0.23631;0.23631;0
20141029 000000;0.23668;0.23668;0.23668;0.23668;0
20141030 000000;0.23715;0.23715;0.23715;0.23715;0
20141031 000000;0.2371;0.2371;0.2371;0.2371;0
20141101 000000;0.2371;0.2371;0.2371;0.2371;0
20141102 000000;0.2371;0.2371;0.2371;0.2371;0
20141103 000000;0.23703;0.23703;0.23703;0.23703;0
20141104 000000;0.2367;0.2367;0.2367;0.2367;0
20141105 000000;0.23621;0.23621;0.23621;0.23621;0
20141106 000000;0.23689;0.23689;0.23689;0.23689;0
20141107 000000;0.2365;0.2365;0.2365;0.2365;0
20141108 000000;0.2365;0.2365;0.2365;0.2365;0
20141109 000000;0.2365;0.2365;0.2365;0.2365;0
20141110 000000;0.23726;0.23726;0.23726;0.23726;0
20141111 000000;0.23677;0.23677;0.23677;0.23677;0
20141112 000000;0.23701;0.23701;0.23701;0.23701;0
20141113 000000;0.23651;0.23651;0.23651;0.23651;0
20141114 000000;0.23643;0.23643;0.23643;0.23643;0
20141115 000000;0.23643;0.23643;0.23643;0.23643;0
20141116 000000;0.23643;0.23643;0.23643;0.23643;0
20141117 000000;0.23675;0.23675;0.23675;0.23675;0
20141118 000000;0.2373;0.2373;0.2373;0.2373;0
20141119 000000;0.23706;0.23706;0.23706;0.23706;0
20141120 000000;0.2373;0.2373;0.2373;0.2373;0
20141121 000000;0.23783;0.23783;0.23783;0.23783;0
20141122 000000;0.23783;0.23783;0.23783;0.23783;0
20141123 000000;0.23783;0.23783;0.23783;0.23783;0
20141124 000000;0.23842;0.23842;0.23842;0.23842;0
20141125 000000;0.23885;0.23885;0.23885;0.23885;0
20141126 000000;0.23923;0.23923;0.23923;0.23923;0
20141127 000000;0.23925;0.23925;0.23925;0.23925;0
20141128 000000;0.23901;0.23901;0.23901;0.23901;0
20141129 000000;0.23901;0.23901;0.23901;0.23901;0
20141130 000000;0.23901;0.23901;0.23901;0.23901;0
20141201 000000;0.23934;0.23934;0.23934;0.23934;0
20141202 000000;0.24017;0.24017;0.24017;0.24017;0
20141203 000000;0.2404;0.2404;0.2404;0.2404;0
20141204 000000;0.2403;0.2403;0.2403;0.2403;0
20141205 000000;0.24022;0.24022;0.24022;0.24022;0
20141206 000000;0.24022;0.24022;0.24022;0.24022;0
20141207 000000;0.24022;0.24022;0.24022;0.24022;0
20141208 000000;0.24032;0.24032;0.24032;0.24032;0
20141209 000000;0.24037;0.24037;0.24037;0.24037;0
20141210 000000;0.24027;0.24027;0.24027;0.24027;0
20141211 000000;0.23925;0.23925;0.23925;0.23925;0
20141212 000000;0.23961;0.23961;0.23961;0.23961;0
20141213 000000;0.23961;0.23961;0.23961;0.23961;0
20141214 000000;0.23961;0.23961;0.23961;0.23961;0
20141215 000000;0.23934;0.23934;0.23934;0.23934;0
20141216 000000;0.23775;0.23775;0.23775;0.23775;0
20141217 000000;0.23664;0.23664;0.23664;0.23664;0
20141218 000000;0.23573;0.23573;0.23573;0.23573;0
20141219 000000;0.23398;0.23398;0.23398;0.23398;0
20141220 000000;0.23398;0.23398;0.23398;0.23398;0
20141221 000000;0.23398;0.23398;0.23398;0.23398;0
20141222 000000;0.23438;0.23438;0.23438;0.23438;0
20141223 000000;0.23384;0.23384;0.23384;0.23384;0
20141224 000000;0.23214;0.23214;0.23214;0.23214;0
20141225 000000;0.23214;0.23214;0.23214;0.23214;0
20141226 000000;0.23214;0.23214;0.23214;0.23214;0
20141227 000000;0.23214;0.23214;0.23214;0.23214;0
20141228 000000;0.23214;0.23214;0.23214;0.23214;0
20141229 000000;0.23243;0.23243;0.23243;0.23243;0
20141230 000000;0.232;0.232;0.232;0.232;0
20141231 000000;0.23402;0.23402;0.23402;0.23402;0
20150101 000000;0.23402;0.23402;0.23402;0.23402;0
20150102 000000;0.23227;0.23227;0.23227;0.23227;0
20150103 000000;0.23227;0.23227;0.23227;0.23227;0
20150104 000000;0.23227;0.23227;0.23227;0.23227;0
20150105 000000;0.23267;0.23267;0.23267;0.23267;0
20150106 000000;0.23215;0.23215;0.23215;0.23215;0
20150107 000000;0.23198;0.23198;0.23198;0.23198;0
20150108 000000;0.23309;0.23309;0.23309;0.23309;0
20150109 000000;0.2342;0.2342;0.2342;0.2342;0
20150110 000000;0.2342;0.2342;0.2342;0.2342;0
20150111 000000;0.2342;0.2342;0.2342;0.2342;0
20150112 000000;0.23384;0.23384;0.23384;0.23384;0
20150113 000000;0.23351;0.23351;0.23351;0.23351;0
20150114 000000;0.2333;0.2333;0.2333;0.2333;0
20150115 000000;0.23251;0.23251;0.23251;0.23251;0
20150116 000000;0.23159;0.23159;0.23159;0.23159;0
20150117 000000;0.23159;0.23159;0.23159;0.23159;0
20150118 000000;0.23159;0.23159;0.23159;0.23159;0
20150119 000000;0.23167;0.23167;0.23167;0.23167;0
20150120 000000;0.23108;0.23108;0.23108;0.23108;0
20150121 000000;0.23224;0.23224;0.23224;0.23224;0
20150122 000000;0.23257;0.23257;0.23257;0.23257;0
20150123 000000;0.23652;0.23652;0.23652;0.23652;0
20150124 000000;0.23652;0.23652;0.23652;0.23652;0
20150125 000000;0.23652;0.23652;0.23652;0.23652;0
20150126 000000;0.23721;0.23721;0.23721;0.23721;0
20150127 000000;0.23641;0.23641;0.23641;0.23641;0
20150128 000000;0.23604;0.23604;0.23604;0.23604;0
20150129 000000;0.23627;0.23627;0.23627;0.23627;0
20150130 000000;0.23767;0.23767;0.23767;0.23767;0
20150131 000000;0.23767;0.23767;0.23767;0.23767;0
20150201 000000;0.23767;0.23767;0.23767;0.23767;0
20150202 000000;0.2394;0.2394;0.2394;0.2394;0
20150203 000000;0.24027;0.24027;0.24027;0.24027;0
20150204 000000;0.24034;0.24034;0.24034;0.24034;0
20150205 000000;0.24007;0.24007;0.24007;0.24007;0
20150206 000000;0.2401;0.2401;0.2401;0.2401;0
20150207 000000;0.2401;0.2401;0.2401;0.2401;0
20150208 000000;0.2401;0.2401;0.2401;0.2401;0
20150209 000000;0.23911;0.23911;0.23911;0.23911;0
20150210 000000;0.23805;0.23805;0.23805;0.23805;0
20150211 000000;0.23708;0.23708;0.23708;0.23708;0
20150212 000000;0.23857;0.23857;0.23857;0.23857;0
20150213 000000;0.23942;0.23942;0.23942;0.23942;0
20150214 000000;0.23942;0.23942;0.23942;0.23942;0
20150215 000000;0.23942;0.23942;0.23942;0.23942;0
20150216 000000;0.23905;0.23905;0.23905;0.23905;0
20150217 000000;0.23882;0.23882;0.23882;0.23882;0
20150218 000000;0.23861;0.23861;0.23861;0.23861;0
20150219 000000;0.23984;0.23984;0.23984;0.23984;0
20150220 000000;0.23917;0.23917;0.23917;0.23917;0
20150221 000000;0.23917;0.23917;0.23917;0.23917;0
20150222 000000;0.23917;0.23917;0.23917;0.23917;0
20150223 000000;0.23954;0.23954;0.23954;0.23954;0
20150224 000000;0.24003;0.24003;0.24003;0.24003;0
20150225 000000;0.2403;0.2403;0.2403;0.2403;0
20150226 000000;0.24076;0.24076;0.24076;0.24076;0
20150227 000000;0.24082;0.24082;0.24082;0.24082;0
20150228 000000;0.24082;0.24082;0.24082;0.24082;0
20150301 000000;0.24082;0.24082;0.24082;0.24082;0
20150302 000000;0.2406;0.2406;0.2406;0.2406;0
20150303 000000;0.24049;0.24049;0.24049;0.24049;0
20150304 000000;0.23965;0.23965;0.23965;0.23965;0
20150305 000000;0.24156;0.24156;0.24156;0.24156;0
20150306 000000;0.24285;0.24285;0.24285;0.24285;0
20150307 000000;0.24285;0.24285;0.24285;0.24285;0
20150308 000000;0.24285;0.24285;0.24285;0.24285;0
20150309 000000;0.24283;0.24283;0.24283;0.24283;0
20150310 000000;0.24173;0.24173;0.24173;0.24173;0
20150311 000000;0.24175;0.24175;0.24175;0.24175;0
20150312 000000;0.24172;0.24172;0.24172;0.24172;0
20150313 000000;0.24074;0.24074;0.24074;0.24074;0
20150314 000000;0.24074;0.24074;0.24074;0.24074;0
20150315 000000;0.24074;0.24074;0.24074;0.24074;0
20150316 000000;0.24224;0.24224;0.24224;0.24224;0
20150317 000000;0.24159;0.24159;0.24159;0.24159;0
20150318 000000;0.24116;0.24116;0.24116;0.24116;0
20150319 000000;0.2422;0.2422;0.2422;0.2422;0
20150320 000000;0.2423;0.2423;0.2423;0.2423;0
20150321 000000;0.2423;0.2423;0.2423;0.2423;0
20150322 000000;0.2423;0.2423;0.2423;0.2423;0
20150323 000000;0.24263;0.24263;0.24263;0.24263;0
20150324 000000;0.24313;0.24313;0.24313;0.24313;0
20150325 000000;0.24475;0.24475;0.24475;0.24475;0
20150326 000000;0.24532;0.24532;0.24532;0.24532;0
20150327 000000;0.24403;0.24403;0.24403;0.24403;0
20150328 000000;0.24403;0.24403;0.24403;0.24403;0
20150329 000000;0.24403;0.24403;0.24403;0.24403;0
20150330 000000;0.24427;0.24427;0.24427;0.24427;0
20150331 000000;0.24477;0.24477;0.24477;0.24477;0
20150401 000000;0.24626;0.24626;0.24626;0.24626;0
20150402 000000;0.24602;0.24602;0.24602;0.24602;0
20150403 000000;0.24602;0.24602;0.24602;0.24602;0
20150404 000000;0.24602;0.24602;0.24602;0.24602;0
20150405 000000;0.24602;0.24602;0.24602;0.24602;0
20150406 000000;0.24602;0.24602;0.24602;0.24602;0
20150407 000000;0.24644;0.24644;0.24644;0.24644;0
20150408 000000;0.24894;0.24894;0.24894;0.24894;0
20150409 000000;0.24896;0.24896;0.24896;0.24896;0
20150410 000000;0.24887;0.24887;0.24887;0.24887;0
20150411 000000;0.24887;0.24887;0.24887;0.24887;0
20150412 000000;0.24887;0.24887;0.24887;0.24887;0
20150413 000000;0.24915;0.24915;0.24915;0.24915;0
20150414 000000;0.24935;0.24935;0.24935;0.24935;0
20150415 000000;0.24889;0.24889;0.24889;0.24889;0
20150416 000000;0.24808;0.24808;0.24808;0.24808;0
20150417 000000;0.24884;0.24884;0.24884;0.24884;0
20150418 000000;0.24884;0.24884;0.24884;0.24884;0
20150419 000000;0.24884;0.24884;0.24884;0.24884;0
20150420 000000;0.25068;0.25068;0.25068;0.25068;0
20150421 000000;0.252;0.252;0.252;0.252;0
20150422 000000;0.24986;0.24986;0.24986;0.24986;0
20150423 000000;0.24885;0.24885;0.24885;0.24885;0
20150424 000000;0.24918;0.24918;0.24918;0.24918;0
20150425 000000;0.24918;0.24918;0.24918;0.24918;0
20150426 000000;0.24918;0.24918;0.24918;0.24918;0
20150427 000000;0.24977;0.24977;0.24977;0.24977;0
20150428 000000;0.24991;0.24991;0.24991;0.24991;0
20150429 000000;0.24925;0.24925;0.24925;0.24925;0
20150430 000000;0.24845;0.24845;0.24845;0.24845;0
20150501 000000;0.24845;0.24845;0.24845;0.24845;0
20150502 000000;0.24845;0.24845;0.24845;0.24845;0
20150503 000000;0.24845;0.24845;0.24845;0.24845;0
20150504 000000;0.24704;0.24704;0.24704;0.24704;0
20150505 000000;0.24887;0.24887;0.24887;0.24887;0
20150506 000000;0.24702;0.24702;0.24702;0.24702;0
20150507 000000;0.24715;0.24715;0.24715;0.24715;0
20150508 000000;0.24583;0.24583;0.24583;0.24583;0
20150509 000000;0.24583;0.24583;0.24583;0.24583;0
20150510 000000;0.24583;0.24583;0.24583;0.24583;0
20150511 000000;0.24589;0.24589;0.24589;0.24589;0
20150512 000000;0.24374;0.24374;0.24374;0.24374;0
20150513 000000;0.24467;0.24467;0.24467;0.24467;0
20150514 000000;0.24494;0.24494;0.24494;0.24494;0
20150515 000000;0.24733;0.24733;0.24733;0.24733;0
20150516 000000;0.24733;0.24733;0.24733;0.24733;0
20150517 000000;0.24733;0.24733;0.24733;0.24733;0
20150518 000000;0.24621;0.24621;0.24621;0.24621;0
20150519 000000;0.247;0.247;0.247;0.247;0
20150520 000000;0.24598;0.24598;0.24598;0.24598;0
20150521 000000;0.24415;0.24415;0.24415;0.24415;0
20150522 000000;0.24388;0.24388;0.24388;0.24388;0
20150523 000000;0.24388;0.24388;0.24388;0.24388;0
20150524 000000;0.24388;0.24388;0.24388;0.24388;0
20150525 000000;0.24346;0.24346;0.24346;0.24346;0
20150526 000000;0.2416;0.2416;0.2416;0.2416;0
20150527 000000;0.24193;0.24193;0.24193;0.24193;0
20150528 000000;0.2422;0.2422;0.2422;0.2422;0
20150529 000000;0.24214;0.24214;0.24214;0.24214;0
20150530 000000;0.24214;0.24214;0.24214;0.24214;0
20150531 000000;0.24214;0.24214;0.24214;0.24214;0
20150601 000000;0.24193;0.24193;0.24193;0.24193;0
20150602 000000;0.2422;0.2422;0.2422;0.2422;0
20150603 000000;0.24236;0.24236;0.24236;0.24236;0
20150604 000000;0.23985;0.23985;0.23985;0.23985;0
20150605 000000;0.24131;0.24131;0.24131;0.24131;0
20150606 000000;0.24131;0.24131;0.24131;0.24131;0
20150607 000000;0.24131;0.24131;0.24131;0.24131;0
20150608 000000;0.24067;0.24067;0.24067;0.24067;0
20150609 000000;0.24006;0.24006;0.24006;0.24006;0
20150610 000000;0.24096;0.24096;0.24096;0.24096;0
20150611 000000;0.24152;0.24152;0.24152;0.24152;0
20150612 000000;0.24098;0.24098;0.24098;0.24098;0
20150613 000000;0.24098;0.24098;0.24098;0.24098;0
20150614 000000;0.24098;0.24098;0.24098;0.24098;0
20150615 000000;0.24054;0.24054;0.24054;0.24054;0
20150616 000000;0.24127;0.24127;0.24127;0.24127;0
20150617 000000;0.24052;0.24052;0.24052;0.24052;0
20150618 000000;0.24;0.24;0.24;0.24;0
20150619 000000;0.23964;0.23964;0.23964;0.23964;0
20150620 000000;0.23964;0.23964;0.23964;0.23964;0
20150621 000000;0.23964;0.23964;0.23964;0.23964;0
20150622 000000;0.24024;0.24024;0.24024;0.24024;0
20150623 000000;0.23983;0.23983;0.23983;0.23983;0
20150624 000000;0.23998;0.23998;0.23998;0.23998;0
20150625 000000;0.23965;0.23965;0.23965;0.23965;0
20150626 000000;0.23948;0.23948;0.23948;0.23948;0
20150627 000000;0.23948;0.23948;0.23948;0.23948;0
20150628 000000;0.23948;0.23948;0.23948;0.23948;0
20150629 000000;0.2387;0.2387;0.2387;0.2387;0
20150630 000000;0.2386;0.2386;0.2386;0.2386;0
20150701 000000;0.23866;0.23866;0.23866;0.23866;0
20150702 000000;0.23851;0.23851;0.23851;0.23851;0
20150703 000000;0.23835;0.23835;0.23835;0.23835;0
20150704 000000;0.23835;0.23835;0.23835;0.23835;0
20150705 000000;0.23835;0.23835;0.23835;0.23835;0
20150706 000000;0.23807;0.23807;0.23807;0.23807;0
20150707 000000;0.23838;0.23838;0.23838;0.23838;0
20150708 000000;0.23676;0.23676;0.23676;0.23676;0
20150709 000000;0.23735;0.23735;0.23735;0.23735;0
20150710 000000;0.23949;0.23949;0.23949;0.23949;0
20150711 000000;0.23949;0.23949;0.23949;0.23949;0
20150712 000000;0.23949;0.23949;0.23949;0.23949;0
20150713 000000;0.24114;0.24114;0.24114;0.24114;0
20150714 000000;0.24096;0.24096;0.24096;0.24096;0
20150715 000000;0.24219;0.24219;0.24219;0.24219;0
20150716 000000;0.2434;0.2434;0.2434;0.2434;0
20150717 000000;0.24359;0.24359;0.24359;0.24359;0
20150718 000000;0.24359;0.24359;0.24359;0.24359;0
20150719 000000;0.24359;0.24359;0.24359;0.24359;0
20150720 000000;0.24288;0.24288;0.24288;0.24288;0
20150721 000000;0.24308;0.24308;0.24308;0.24308;0
20150722 000000;0.24267;0.24267;0.24267;0.24267;0
20150723 000000;0.24255;0.24255;0.24255;0.24255;0
20150724 000000;0.24221;0.24221;0.24221;0.24221;0
20150725 000000;0.24221;0.24221;0.24221;0.24221;0
20150726 000000;0.24221;0.24221;0.24221;0.24221;0
20150727 000000;0.24222;0.24222;0.24222;0.24222;0
20150728 000000;0.24262;0.24262;0.24262;0.24262;0
20150729 000000;0.24159;0.24159;0.24159;0.24159;0
20150730 000000;0.24139;0.24139;0.24139;0.24139;0
20150731 000000;0.24134;0.24134;0.24134;0.24134;0
20150801 000000;0.24134;0.24134;0.24134;0.24134;0
20150802 000000;0.24134;0.24134;0.24134;0.24134;0
20150803 000000;0.24098;0.24098;0.24098;0.24098;0
20150804 000000;0.24098;0.24098;0.24098;0.24098;0
20150805 000000;0.23983;0.23983;0.23983;0.23983;0
20150806 000000;0.23897;0.23897;0.23897;0.23897;0
20150807 000000;0.23893;0.23893;0.23893;0.23893;0
20150808 000000;0.23893;0.23893;0.23893;0.23893;0
20150809 000000;0.23893;0.23893;0.23893;0.23893;0
20150810 000000;0.23828;0.23828;0.23828;0.23828;0
20150811 000000;0.23825;0.23825;0.23825;0.23825;0
20150812 000000;0.23873;0.23873;0.23873;0.23873;0
20150813 000000;0.23877;0.23877;0.23877;0.23877;0
20150814 000000;0.23888;0.23888;0.23888;0.23888;0
20150815 000000;0.23888;0.23888;0.23888;0.23888;0
20150816 000000;0.23888;0.23888;0.23888;0.23888;0
20150817 000000;0.23976;0.23976;0.23976;0.23976;0
20150818 000000;0.24023;0.24023;0.24023;0.24023;0
20150819 000000;0.23963;0.23963;0.23963;0.23963;0
20150820 000000;0.23864;0.23864;0.23864;0.23864;0
20150821 000000;0.23788;0.23788;0.23788;0.23788;0
20150822 000000;0.23788;0.23788;0.23788;0.23788;0
20150823 000000;0.23788;0.23788;0.23788;0.23788;0
20150824 000000;0.23569;0.23569;0.23569;0.23569;0
20150825 000000;0.23673;0.23673;0.23673;0.23673;0
20150826 000000;0.23635;0.23635;0.23635;0.23635;0
20150827 000000;0.23609;0.23609;0.23609;0.23609;0
20150828 000000;0.23582;0.23582;0.23582;0.23582;0
20150829 000000;0.23582;0.23582;0.23582;0.23582;0
20150830 000000;0.23582;0.23582;0.23582;0.23582;0
20150831 000000;0.23647;0.23647;0.23647;0.23647;0
20150901 000000;0.23599;0.23599;0.23599;0.23599;0
20150902 000000;0.23608;0.23608;0.23608;0.23608;0
20150903 000000;0.23624;0.23624;0.23624;0.23624;0
20150904 000000;0.23651;0.23651;0.23651;0.23651;0
20150905 000000;0.23651;0.23651;0.23651;0.23651;0
20150906 000000;0.23651;0.23651;0.23651;0.23651;0
20150907 000000;0.23642;0.23642;0.23642;0.23642;0
20150908 000000;0.23659;0.23659;0.23659;0.23659;0
20150909 000000;0.23772;0.23772;0.23772;0.23772;0
20150910 000000;0.23739;0.23739;0.23739;0.23739;0
20150911 000000;0.23764;0.23764;0.23764;0.23764;0
20150912 000000;0.23764;0.23764;0.23764;0.23764;0
20150913 000000;0.23764;0.23764;0.23764;0.23764;0
20150914 000000;0.23755;0.23755;0.23755;0.23755;0
20150915 000000;0.23803;0.23803;0.23803;0.23803;0
20150916 000000;0.23827;0.23827;0.23827;0.23827;0
20150917 000000;0.23789;0.23789;0.23789;0.23789;0
20150918 000000;0.23793;0.23793;0.23793;0.23793;0
20150919 000000;0.23793;0.23793;0.23793;0.23793;0
20150920 000000;0.23793;0.23793;0.23793;0.23793;0
20150921 000000;0.23886;0.23886;0.23886;0.23886;0
20150922 000000;0.23827;0.23827;0.23827;0.23827;0
20150923 000000;0.23789;0.23789;0.23789;0.23789;0
20150924 000000;0.23641;0.23641;0.23641;0.23641;0
20150925 000000;0.23687;0.23687;0.23687;0.23687;0
20150926 000000;0.23687;0.23687;0.23687;0.23687;0
20150927 000000;0.23687;0.23687;0.23687;0.23687;0
20150928 000000;0.23617;0.23617;0.23617;0.23617;0
20150929 000000;0.23609;0.23609;0.23609;0.23609;0
20150930 000000;0.23558;0.23558;0.23558;0.23558;0
20151001 000000;0.23552;0.23552;0.23552;0.23552;0
20151002 000000;0.23556;0.23556;0.23556;0.23556;0
20151003 000000;0.23556;0.23556;0.23556;0.23556;0
20151004 000000;0.23556;0.23556;0.23556;0.23556;0
20151005 000000;0.23558;0.23558;0.23558;0.23558;0
20151006 000000;0.23537;0.23537;0.23537;0.23537;0
20151007 000000;0.23641;0.23641;0.23641;0.23641;0
20151008 000000;0.23629;0.23629;0.23629;0.23629;0
20151009 000000;0.23714;0.23714;0.23714;0.23714;0
20151010 000000;0.23714;0.23714;0.23714;0.23714;0
20151011 000000;0.23714;0.23714;0.23714;0.23714;0
20151012 000000;0.23671;0.23671;0.23671;0.23671;0
20151013 000000;0.2359;0.2359;0.2359;0.2359;0
20151014 000000;0.23597;0.23597;0.23597;0.23597;0
20151015 000000;0.23646;0.23646;0.23646;0.23646;0
20151016 000000;0.23594;0.23594;0.23594;0.23594;0
20151017 000000;0.23594;0.23594;0.23594;0.23594;0
20151018 000000;0.23594;0.23594;0.23594;0.23594;0
20151019 000000;0.23603;0.23603;0.23603;0.23603;0
20151020 000000;0.23548;0.23548;0.23548;0.23548;0
20151021 000000;0.23388;0.23388;0.23388;0.23388;0
20151022 000000;0.23338;0.23338;0.23338;0.23338;0
20151023 000000;0.23513;0.23513;0.23513;0.23513;0
20151024 000000;0.23513;0.23513;0.23513;0.23513;0
20151025 000000;0.23513;0.23513;0.23513;0.23513;0
20151026 000000;0.23431;0.23431;0.23431;0.23431;0
20151027 000000;0.233;0.233;0.233;0.233;0
20151028 000000;0.2329;0.2329;0.2329;0.2329;0
20151029 000000;0.2342;0.2342;0.2342;0.2342;0
20151030 000000;0.2345;0.2345;0.2345;0.2345;0
20151031 000000;0.2345;0.2345;0.2345;0.2345;0
20151101 000000;0.2345;0.2345;0.2345;0.2345;0
20151102 000000;0.23512;0.23512;0.23512;0.23512;0
20151103 000000;0.23507;0.23507;0.23507;0.23507;0
20151104 000000;0.23598;0.23598;0.23598;0.23598;0
20151105 000000;0.23589;0.23589;0.23589;0.23589;0
20151106 000000;0.23505;0.23505;0.23505;0.23505;0
20151107 000000;0.23505;0.23505;0.23505;0.23505;0
20151108 000000;0.23505;0.23505;0.23505;0.23505;0
20151109 000000;0.23458;0.23458;0.23458;0.23458;0
20151110 000000;0.23567;0.23567;0.23567;0.23567;0
20151111 000000;0.23688;0.23688;0.23688;0.23688;0
20151112 000000;0.23657;0.23657;0.23657;0.23657;0
20151113 000000;0.23569;0.23569;0.23569;0.23569;0
20151114 000000;0.23569;0.23569;0.23569;0.23569;0
20151115 000000;0.23569;0.23569;0.23569;0.23569;0
20151116 000000;0.2358;0.2358;0.2358;0.2358;0
20151117 000000;0.23543;0.23543;0.23543;0.23543;0
20151118 000000;0.23507;0.23507;0.23507;0.23507;0
20151119 000000;0.23529;0.23529;0.23529;0.23529;0
20151120 000000;0.23579;0.23579;0.23579;0.23579;0
20151121 000000;0.23579;0.23579;0.23579;0.23579;0
20151122 000000;0.23579;0.23579;0.23579;0.23579;0
20151123 000000;0.23583;0.23583;0.23583;0.23583;0
20151124 000000;0.2347;0.2347;0.2347;0.2347;0
20151125 000000;0.23473;0.23473;0.23473;0.23473;0
20151126 000000;0.23406;0.23406;0.23406;0.23406;0
20151127 000000;0.23457;0.23457;0.23457;0.23457;0
20151128 000000;0.23457;0.23457;0.23457;0.23457;0
20151129 000000;0.23457;0.23457;0.23457;0.23457;0
20151130 000000;0.23408;0.23408;0.23408;0.23408;0
20151201 000000;0.23431;0.23431;0.23431;0.23431;0
20151202 000000;0.23404;0.23404;0.23404;0.23404;0
20151203 000000;0.23332;0.23332;0.23332;0.23332;0
20151204 000000;0.23185;0.23185;0.23185;0.23185;0
20151205 000000;0.23185;0.23185;0.23185;0.23185;0
20151206 000000;0.23185;0.23185;0.23185;0.23185;0
20151207 000000;0.23184;0.23184;0.23184;0.23184;0
20151208 000000;0.23064;0.23064;0.23064;0.23064;0
20151209 000000;0.23039;0.23039;0.23039;0.23039;0
20151210 000000;0.23047;0.23047;0.23047;0.23047;0
20151211 000000;0.23012;0.23012;0.23012;0.23012;0
20151212 000000;0.23012;0.23012;0.23012;0.23012;0
20151213 000000;0.23012;0.23012;0.23012;0.23012;0
20151214 000000;0.22905;0.22905;0.22905;0.22905;0
20151215 000000;0.22969;0.22969;0.22969;0.22969;0
20151216 000000;0.23156;0.23156;0.23156;0.23156;0
20151217 000000;0.23278;0.23278;0.23278;0.23278;0
20151218 000000;0.23361;0.23361;0.23361;0.23361;0
20151219 000000;0.23361;0.23361;0.23361;0.23361;0
20151220 000000;0.23361;0.23361;0.23361;0.23361;0
20151221 000000;0.23584;0.23584;0.23584;0.23584;0
20151222 000000;0.23598;0.23598;0.23598;0.23598;0
20151223 000000;0.23547;0.23547;0.23547;0.23547;0
20151224 000000;0.23578;0.23578;0.23578;0.23578;0
20151225 000000;0.23578;0.23578;0.23578;0.23578;0
20151226 000000;0.23578;0.23578;0.23578;0.23578;0
20151227 000000;0.23578;0.23578;0.23578;0.23578;0
20151228 000000;0.23554;0.23554;0.23554;0.23554;0
20151229 000000;0.23605;0.23605;0.23605;0.23605;0
20151230 000000;0.23585;0.23585;0.23585;0.23585;0
20151231 000000;0.23453;0.23453;0.23453;0.23453;0
20160101 000000;0.23453;0.23453;0.23453;0.23453;0
20160102 000000;0.23453;0.23453;0.23453;0.23453;0
20160103 000000;0.23453;0.23453;0.23453;0.23453;0
20160104 000000;0.2328;0.2328;0.2328;0.2328;0
20160105 000000;0.2321;0.2321;0.2321;0.2321;0
20160106 000000;0.23055;0.23055;0.23055;0.23055;0
20160107 000000;0.22982;0.22982;0.22982;0.22982;0
20160108 000000;0.22976;0.22976;0.22976;0.22976;0
20160109 000000;0.22976;0.22976;0.22976;0.22976;0
20160110 000000;0.22976;0.22976;0.22976;0.22976;0
20160111 000000;0.22912;0.22912;0.22912;0.22912;0
20160112 000000;0.22953;0.22953;0.22953;0.22953;0
20160113 000000;0.23011;0.23011;0.23011;0.23011;0
20160114 000000;0.22868;0.22868;0.22868;0.22868;0
20160115 000000;0.22661;0.22661;0.22661;0.22661;0
20160116 000000;0.22661;0.22661;0.22661;0.22661;0
20160117 000000;0.22661;0.22661;0.22661;0.22661;0
20160118 000000;0.22419;0.22419;0.22419;0.22419;0
20160119 000000;0.22531;0.22531;0.22531;0.22531;0
20160120 000000;0.2237;0.2237;0.2237;0.2237;0
20160121 000000;0.2225;0.2225;0.2225;0.2225;0
20160122 000000;0.22428;0.22428;0.22428;0.22428;0
20160123 000000;0.22428;0.22428;0.22428;0.22428;0
20160124 000000;0.22428;0.22428;0.22428;0.22428;0
20160125 000000;0.22376;0.22376;0.22376;0.22376;0
20160126 000000;0.22251;0.22251;0.22251;0.22251;0
20160127 000000;0.22366;0.22366;0.22366;0.22366;0
20160128 000000;0.22455;0.22455;0.22455;0.22455;0
20160129 000000;0.22524;0.22524;0.22524;0.22524;0
20160130 000000;0.22524;0.22524;0.22524;0.22524;0
20160131 000000;0.22524;0.22524;0.22524;0.22524;0
20160201 000000;0.22752;0.22752;0.22752;0.22752;0
20160202 000000;0.22699;0.22699;0.22699;0.22699;0
20160203 000000;0.22737;0.22737;0.22737;0.22737;0
20160204 000000;0.22649;0.22649;0.22649;0.22649;0
20160205 000000;0.22658;0.22658;0.22658;0.22658;0
20160206 000000;0.22658;0.22658;0.22658;0.22658;0
20160207 000000;0.22658;0.22658;0.22658;0.22658;0
20160208 000000;0.22547;0.22547;0.22547;0.22547;0
20160209 000000;0.22457;0.22457;0.22457;0.22457;0
20160210 000000;0.22579;0.22579;0.22579;0.22579;0
20160211 000000;0.22479;0.22479;0.22479;0.22479;0
20160212 000000;0.22671;0.22671;0.22671;0.22671;0
20160213 000000;0.22671;0.22671;0.22671;0.22671;0
20160214 000000;0.22671;0.22671;0.22671;0.22671;0
20160215 000000;0.22756;0.22756;0.22756;0.22756;0
20160216 000000;0.22695;0.22695;0.22695;0.22695;0
20160217 000000;0.22738;0.22738;0.22738;0.22738;0
20160218 000000;0.22822;0.22822;0.22822;0.22822;0
20160219 000000;0.22843;0.22843;0.22843;0.22843;0
20160220 000000;0.22843;0.22843;0.22843;0.22843;0
20160221 000000;0.22843;0.22843;0.22843;0.22843;0
20160222 000000;0.22912;0.22912;0.22912;0.22912;0
20160223 000000;0.229;0.229;0.229;0.229;0
20160224 000000;0.22894;0.22894;0.22894;0.22894;0
20160225 000000;0.22946;0.22946;0.22946;0.22946;0
20160226 000000;0.22919;0.22919;0.22919;0.22919;0
20160227 000000;0.22919;0.22919;0.22919;0.22919;0
20160228 000000;0.22919;0.22919;0.22919;0.22919;0
20160229 000000;0.22966;0.22966;0.22966;0.22966;0
20160301 000000;0.23005;0.23005;0.23005;0.23005;0
20160302 000000;0.23096;0.23096;0.23096;0.23096;0
20160303 000000;0.23074;0.23074;0.23074;0.23074;0
20160304 000000;0.23088;0.23088;0.23088;0.23088;0
20160305 000000;0.23088;0.23088;0.23088;0.23088;0
20160306 000000;0.23088;0.23088;0.23088;0.23088;0
20160307 000000;0.23106;0.23106;0.23106;0.23106;0
20160308 000000;0.23108;0.23108;0.23108;0.23108;0
20160309 000000;0.23176;0.23176;0.23176;0.23176;0
20160310 000000;0.23299;0.23299;0.23299;0.23299;0
20160311 000000;0.23202;0.23202;0.23202;0.23202;0
20160312 000000;0.23202;0.23202;0.23202;0.23202;0
20160313 000000;0.23202;0.23202;0.23202;0.23202;0
20160314 000000;0.23344;0.23344;0.23344;0.23344;0
20160315 000000;0.23316;0.23316;0.23316;0.23316;0
20160316 000000;0.23243;0.23243;0.23243;0.23243;0
20160317 000000;0.23313;0.23313;0.23313;0.23313;0
20160318 000000;0.2346;0.2346;0.2346;0.2346;0
20160319 000000;0.2346;0.2346;0.2346;0.2346;0
20160320 000000;0.2346;0.2346;0.2346;0.2346;0
20160321 000000;0.23485;0.23485;0.23485;0.23485;0
20160322 000000;0.23468;0.23468;0.23468;0.23468;0
20160323 000000;0.23495;0.23495;0.23495;0.23495;0
20160324 000000;0.23371;0.23371;0.23371;0.23371;0
20160325 000000;0.23371;0.23371;0.23371;0.23371;0
20160326 000000;0.23371;0.23371;0.23371;0.23371;0
20160327 000000;0.23371;0.23371;0.23371;0.23371;0
20160328 000000;0.23371;0.23371;0.23371;0.23371;0
20160329 000000;0.23531;0.23531;0.23531;0.23531;0
20160330 000000;0.23508;0.23508;0.23508;0.23508;0
20160331 000000;0.23487;0.23487;0.23487;0.23487;0
20160401 000000;0.23563;0.23563;0.23563;0.23563;0
20160402 000000;0.23563;0.23563;0.23563;0.23563;0
20160403 000000;0.23563;0.23563;0.23563;0.23563;0
20160404 000000;0.23618;0.23618;0.23618;0.23618;0
20160405 000000;0.23558;0.23558;0.23558;0.23558;0
20160406 000000;0.23454;0.23454;0.23454;0.23454;0
20160407 000000;0.23346;0.23346;0.23346;0.23346;0
20160408 000000;0.23281;0.23281;0.23281;0.23281;0
20160409 000000;0.23281;0.23281;0.23281;0.23281;0
20160410 000000;0.23281;0.23281;0.23281;0.23281;0
20160411 000000;0.23368;0.23368;0.23368;0.23368;0
20160412 000000;0.23298;0.23298;0.23298;0.23298;0
20160413 000000;0.23327;0.23327;0.23327;0.23327;0
20160414 000000;0.2326;0.2326;0.2326;0.2326;0
20160415 000000;0.23274;0.23274;0.23274;0.23274;0
20160416 000000;0.23274;0.23274;0.23274;0.23274;0
20160417 000000;0.23274;0.23274;0.23274;0.23274;0
20160418 000000;0.23224;0.23224;0.23224;0.23224;0
20160419 000000;0.23241;0.23241;0.23241;0.23241;0
20160420 000000;0.23324;0.23324;0.23324;0.23324;0
20160421 000000;0.2321;0.2321;0.2321;0.2321;0
20160422 000000;0.22985;0.22985;0.22985;0.22985;0
20160423 000000;0.22985;0.22985;0.22985;0.22985;0
20160424 000000;0.22985;0.22985;0.22985;0.22985;0
20160425 000000;0.22773;0.22773;0.22773;0.22773;0
20160426 000000;0.22832;0.22832;0.22832;0.22832;0
20160427 000000;0.2277;0.2277;0.2277;0.2277;0
20160428 000000;0.22789;0.22789;0.22789;0.22789;0
20160429 000000;0.22745;0.22745;0.22745;0.22745;0
20160430 000000;0.22745;0.22745;0.22745;0.22745;0
20160501 000000;0.22745;0.22745;0.22745;0.22745;0
20160502 000000;0.22814;0.22814;0.22814;0.22814;0
20160503 000000;0.22808;0.22808;0.22808;0.22808;0
20160504 000000;0.2276;0.2276;0.2276;0.2276;0
20160505 000000;0.22607;0.22607;0.22607;0.22607;0
20160506 000000;0.22625;0.22625;0.22625;0.22625;0
20160507 000000;0.22625;0.22625;0.22625;0.22625;0
20160508 000000;0.22625;0.22625;0.22625;0.22625;0
20160509 000000;0.22654;0.22654;0.22654;0.22654;0
20160510 000000;0.22624;0.22624;0.22624;0.22624;0
20160511 000000;0.22602;0.22602;0.22602;0.22602;0
20160512 000000;0.22628;0.22628;0.22628;0.22628;0
20160513 000000;0.22764;0.22764;0.22764;0.22764;0
20160514 000000;0.22764;0.22764;0.22764;0.22764;0
20160515 000000;0.22764;0.22764;0.22764;0.22764;0
20160516 000000;0.22874;0.22874;0.22874;0.22874;0
20160517 000000;0.22925;0.22925;0.22925;0.22925;0
20160518 000000;0.22787;0.22787;0.22787;0.22787;0
20160519 000000;0.22765;0.22765;0.22765;0.22765;0
20160520 000000;0.22623;0.22623;0.22623;0.22623;0
20160521 000000;0.22623;0.22623;0.22623;0.22623;0
20160522 000000;0.22623;0.22623;0.22623;0.22623;0
20160523 000000;0.22539;0.22539;0.22539;0.22539;0
20160524 000000;0.22544;0.22544;0.22544;0.22544;0
20160525 000000;0.22622;0.22622;0.22622;0.22622;0
20160526 000000;0.22672;0.22672;0.22672;0.22672;0
20160527 000000;0.22773;0.22773;0.22773;0.22773;0
20160528 000000;0.22773;0.22773;0.22773;0.22773;0
20160529 000000;0.22773;0.22773;0.22773;0.22773;0
20160530 000000;0.22758;0.22758;0.22758;0.22758;0
20160531 000000;0.22797;0.22797;0.22797;0.22797;0
20160601 000000;0.22739;0.22739;0.22739;0.22739;0
20160602 000000;0.22777;0.22777;0.22777;0.22777;0
20160603 000000;0.22799;0.22799;0.22799;0.22799;0
20160604 000000;0.22799;0.22799;0.22799;0.22799;0
20160605 000000;0.22799;0.22799;0.22799;0.22799;0
20160606 000000;0.22844;0.22844;0.22844;0.22844;0
20160607 000000;0.22996;0.22996;0.22996;0.22996;0
20160608 000000;0.23133;0.23133;0.23133;0.23133;0
20160609 000000;0.23083;0.23083;0.23083;0.23083;0
20160610 000000;0.22941;0.22941;0.22941;0.22941;0
20160611 000000;0.22941;0.22941;0.22941;0.22941;0
20160612 000000;0.22941;0.22941;0.22941;0.22941;0
20160613 000000;0.22787;0.22787;0.22787;0.22787;0
20160614 000000;0.22557;0.22557;0.22557;0.22557;0
20160615 000000;0.22666;0.22666;0.22666;0.22666;0
20160616 000000;0.22477;0.22477;0.22477;0.22477;0
20160617 000000;0.22491;0.22491;0.22491;0.22491;0
20160618 000000;0.22491;0.22491;0.22491;0.22491;0
20160619 000000;0.22491;0.22491;0.22491;0.22491;0
20160620 000000;0.22766;0.22766;0.22766;0.22766;0
20160621 000000;0.22732;0.22732;0.22732;0.22732;0
20160622 000000;0.22839;0.22839;0.22839;0.22839;0
20160623 000000;0.22951;0.22951;0.22951;0.22951;0
20160624 000000;0.22447;0.22447;0.22447;0.22447;0
20160625 000000;0.22447;0.22447;0.22447;0.22447;0
20160626 000000;0.22447;0.22447;0.22447;0.22447;0
20160627 000000;0.22412;0.22412;0.22412;0.22412;0
20160628 000000;0.22516;0.22516;0.22516;0.22516;0
20160629 000000;0.22593;0.22593;0.22593;0.22593;0
20160630 000000;0.22542;0.22542;0.22542;0.22542;0
20160701 000000;0.22745;0.22745;0.22745;0.22745;0
20160702 000000;0.22745;0.22745;0.22745;0.22745;0
20160703 000000;0.22745;0.22745;0.22745;0.22745;0
20160704 000000;0.22571;0.22571;0.22571;0.22571;0
20160705 000000;0.22494;0.22494;0.22494;0.22494;0
20160706 000000;0.22441;0.22441;0.22441;0.22441;0
20160707 000000;0.22586;0.22586;0.22586;0.22586;0
20160708 000000;0.22585;0.22585;0.22585;0.22585;0
20160709 000000;0.22585;0.22585;0.22585;0.22585;0
20160710 000000;0.22585;0.22585;0.22585;0.22585;0
20160711 000000;0.22619;0.22619;0.22619;0.22619;0
20160712 000000;0.22639;0.22639;0.22639;0.22639;0
20160713 000000;0.22699;0.22699;0.22699;0.22699;0
20160714 000000;0.22668;0.22668;0.22668;0.22668;0
20160715 000000;0.22676;0.22676;0.22676;0.22676;0
20160716 000000;0.22676;0.22676;0.22676;0.22676;0
20160717 000000;0.22676;0.22676;0.22676;0.22676;0
20160718 000000;0.22828;0.22828;0.22828;0.22828;0
20160719 000000;0.22868;0.22868;0.22868;0.22868;0
20160720 000000;0.22853;0.22853;0.22853;0.22853;0
20160721 000000;0.22887;0.22887;0.22887;0.22887;0
20160722 000000;0.2296;0.2296;0.2296;0.2296;0
20160723 000000;0.2296;0.2296;0.2296;0.2296;0
20160724 000000;0.2296;0.2296;0.2296;0.2296;0
20160725 000000;0.22947;0.22947;0.22947;0.22947;0
20160726 000000;0.22921;0.22921;0.22921;0.22921;0
20160727 000000;0.22866;0.22866;0.22866;0.22866;0
20160728 000000;0.22917;0.22917;0.22917;0.22917;0
20160729 000000;0.2292;0.2292;0.2292;0.2292;0
20160730 000000;0.2292;0.2292;0.2292;0.2292;0
20160731 000000;0.2292;0.2292;0.2292;0.2292;0
20160801 000000;0.22983;0.22983;0.22983;0.22983;0
20160802 000000;0.23126;0.23126;0.23126;0.23126;0
20160803 000000;0.23186;0.23186;0.23186;0.23186;0
20160804 000000;0.23288;0.23288;0.23288;0.23288;0
20160805 000000;0.23342;0.23342;0.23342;0.23342;0
20160806 000000;0.23342;0.23342;0.23342;0.23342;0
20160807 000000;0.23342;0.23342;0.23342;0.23342;0
20160808 000000;0.23372;0.23372;0.23372;0.23372;0
20160809 000000;0.23436;0.23436;0.23436;0.23436;0
20160810 000000;0.23428;0.23428;0.23428;0.23428;0
20160811 000000;0.23472;0.23472;0.23472;0.23472;0
20160812 000000;0.23442;0.23442;0.23442;0.23442;0
20160813 000000;0.23442;0.23442;0.23442;0.23442;0
20160814 000000;0.23442;0.23442;0.23442;0.23442;0
20160815 000000;0.23422;0.23422;0.23422;0.23422;0
20160816 000000;0.23421;0.23421;0.23421;0.23421;0
20160817 000000;0.23306;0.23306;0.23306;0.23306;0
20160818 000000;0.23296;0.23296;0.23296;0.23296;0
20160819 000000;0.2326;0.2326;0.2326;0.2326;0
20160820 000000;0.2326;0.2326;0.2326;0.2326;0
20160821 000000;0.2326;0.2326;0.2326;0.2326;0
20160822 000000;0.23246;0.23246;0.23246;0.23246;0
20160823 000000;0.23188;0.23188;0.23188;0.23188;0
20160824 000000;0.23235;0.23235;0.23235;0.23235;0
20160825 000000;0.23189;0.23189;0.23189;0.23189;0
20160826 000000;0.23125;0.23125;0.23125;0.23125;0
20160827 000000;0.23125;0.23125;0.23125;0.23125;0
20160828 000000;0.23125;0.23125;0.23125;0.23125;0
20160829 000000;0.23087;0.23087;0.23087;0.23087;0
20160830 000000;0.23022;0.23022;0.23022;0.23022;0
20160831 000000;0.22971;0.22971;0.22971;0.22971;0
20160901 000000;0.22912;0.22912;0.22912;0.22912;0
20160902 000000;0.22772;0.22772;0.22772;0.22772;0
20160903 000000;0.22772;0.22772;0.22772;0.22772;0
20160904 000000;0.22772;0.22772;0.22772;0.22772;0
20160905 000000;0.22967;0.22967;0.22967;0.22967;0
20160906 000000;0.23048;0.23048;0.23048;0.23048;0
20160907 000000;0.23156;0.23156;0.23156;0.23156;0
20160908 000000;0.232;0.232;0.232;0.232;0
20160909 000000;0.23071;0.23071;0.23071;0.23071;0
20160910 000000;0.23071;0.23071;0.23071;0.23071;0
20160911 000000;0.23071;0.23071;0.23071;0.23071;0
20160912 000000;0.22992;0.22992;0.22992;0.22992;0
20160913 000000;0.23;0.23;0.23;0.23;0
20160914 000000;0.23031;0.23031;0.23031;0.23031;0
20160915 000000;0.23119;0.23119;0.23119;0.23119;0
20160916 000000;0.23166;0.23166;0.23166;0.23166;0
20160917 000000;0.23166;0.23166;0.23166;0.23166;0
20160918 000000;0.23166;0.23166;0.23166;0.23166;0
20160919 000000;0.23296;0.23296;0.23296;0.23296;0
20160920 000000;0.23269;0.23269;0.23269;0.23269;0
20160921 000000;0.23302;0.23302;0.23302;0.23302;0
20160922 000000;0.23336;0.23336;0.23336;0.23336;0
20160923 000000;0.23327;0.23327;0.23327;0.23327;0
20160924 000000;0.23327;0.23327;0.23327;0.23327;0
20160925 000000;0.23327;0.23327;0.23327;0.23327;0
20160926 000000;0.23232;0.23232;0.23232;0.23232;0
20160927 000000;0.23317;0.23317;0.23317;0.23317;0
20160928 000000;0.23314;0.23314;0.23314;0.23314;0
20160929 000000;0.23221;0.23221;0.23221;0.23221;0
20160930 000000;0.23152;0.23152;0.23152;0.23152;0
20161001 000000;0.23152;0.23152;0.23152;0.23152;0
20161002 000000;0.23152;0.23152;0.23152;0.23152;0
20161003 000000;0.23292;0.23292;0.23292;0.23292;0
20161004 000000;0.2329;0.2329;0.2329;0.2329;0
20161005 000000;0.23288;0.23288;0.23288;0.23288;0
20161006 000000;0.23295;0.23295;0.23295;0.23295;0
20161007 000000;0.23357;0.23357;0.23357;0.23357;0
20161008 000000;0.23357;0.23357;0.23357;0.23357;0
20161009 000000;0.23357;0.23357;0.23357;0.23357;0
20161010 000000;0.23353;0.23353;0.23353;0.23353;0
20161011 000000;0.23413;0.23413;0.23413;0.23413;0
20161012 000000;0.2327;0.2327;0.2327;0.2327;0
20161013 000000;0.23245;0.23245;0.23245;0.23245;0
20161014 000000;0.23245;0.23245;0.23245;0.23245;0
20161015 000000;0.23245;0.23245;0.23245;0.23245;0
20161016 000000;0.23245;0.23245;0.23245;0.23245;0
20161017 000000;0.23105;0.23105;0.23105;0.23105;0
20161018 000000;0.23157;0.23157;0.23157;0.23157;0
20161019 000000;0.23159;0.23159;0.23159;0.23159;0
20161020 000000;0.23104;0.23104;0.23104;0.23104;0
20161021 000000;0.23121;0.23121;0.23121;0.23121;0
20161022 000000;0.23121;0.23121;0.23121;0.23121;0
20161023 000000;0.23121;0.23121;0.23121;0.23121;0
20161024 000000;0.23166;0.23166;0.23166;0.23166;0
20161025 000000;0.23233;0.23233;0.23233;0.23233;0
20161026 000000;0.23124;0.23124;0.23124;0.23124;0
20161027 000000;0.23099;0.23099;0.23099;0.23099;0
20161028 000000;0.23091;0.23091;0.23091;0.23091;0
20161029 000000;0.23091;0.23091;0.23091;0.23091;0
20161030 000000;0.23091;0.23091;0.23091;0.23091;0
20161031 000000;0.23106;0.23106;0.23106;0.23106;0
20161101 000000;0.2321;0.2321;0.2321;0.2321;0
20161102 000000;0.23119;0.23119;0.23119;0.23119;0
20161103 000000;0.23156;0.23156;0.23156;0.23156;0
20161104 000000;0.23155;0.23155;0.23155;0.23155;0
20161105 000000;0.23155;0.23155;0.23155;0.23155;0
20161106 000000;0.23155;0.23155;0.23155;0.23155;0
20161107 000000;0.23094;0.23094;0.23094;0.23094;0
20161108 000000;0.23104;0.23104;0.23104;0.23104;0
20161109 000000;0.23048;0.23048;0.23048;0.23048;0
20161110 000000;0.22942;0.22942;0.22942;0.22942;0
20161111 000000;0.22686;0.22686;0.22686;0.22686;0
20161112 000000;0.22686;0.22686;0.22686;0.22686;0
20161113 000000;0.22686;0.22686;0.22686;0.22686;0
20161114 000000;0.22696;0.22696;0.22696;0.22696;0
20161115 000000;0.22601;0.22601;0.22601;0.22601;0
20161116 000000;0.22506;0.22506;0.22506;0.22506;0
20161117 000000;0.22498;0.22498;0.22498;0.22498;0
20161118 000000;0.22508;0.22508;0.22508;0.22508;0
20161119 000000;0.22508;0.22508;0.22508;0.22508;0
20161120 000000;0.22508;0.22508;0.22508;0.22508;0
20161121 000000;0.2257;0.2257;0.2257;0.2257;0
20161122 000000;0.22622;0.22622;0.22622;0.22622;0
20161123 000000;0.22648;0.22648;0.22648;0.22648;0
20161124 000000;0.22604;0.22604;0.22604;0.22604;0
20161125 000000;0.2263;0.2263;0.2263;0.2263;0
20161126 000000;0.2263;0.2263;0.2263;0.2263;0
20161127 000000;0.2263;0.2263;0.2263;0.2263;0
20161128 000000;0.22628;0.22628;0.22628;0.22628;0
20161129 000000;0.22574;0.22574;0.22574;0.22574;0
20161130 000000;0.2248;0.2248;0.2248;0.2248;0
20161201 000000;0.22383;0.22383;0.22383;0.22383;0
20161202 000000;0.22276;0.22276;0.22276;0.22276;0
20161203 000000;0.22276;0.22276;0.22276;0.22276;0
20161204 000000;0.22276;0.22276;0.22276;0.22276;0
20161205 000000;0.2222;0.2222;0.2222;0.2222;0
20161206 000000;0.22331;0.22331;0.22331;0.22331;0
20161207 000000;0.22584;0.22584;0.22584;0.22584;0
20161208 000000;0.22452;0.22452;0.22452;0.22452;0
20161209 000000;0.22495;0.22495;0.22495;0.22495;0
20161210 000000;0.22495;0.22495;0.22495;0.22495;0
20161211 000000;0.22495;0.22495;0.22495;0.22495;0
20161212 000000;0.22457;0.22457;0.22457;0.22457;0
20161213 000000;0.22501;0.22501;0.22501;0.22501;0
20161214 000000;0.22522;0.22522;0.22522;0.22522;0
20161215 000000;0.22497;0.22497;0.22497;0.22497;0
20161216 000000;0.22624;0.22624;0.22624;0.22624;0
20161217 000000;0.22624;0.22624;0.22624;0.22624;0
20161218 000000;0.22624;0.22624;0.22624;0.22624;0
20161219 000000;0.22671;0.22671;0.22671;0.22671;0
20161220 000000;0.22678;0.22678;0.22678;0.22678;0
20161221 000000;0.22685;0.22685;0.22685;0.22685;0
20161222 000000;0.22678;0.22678;0.22678;0.22678;0
20161223 000000;0.22677;0.22677;0.22677;0.22677;0
20161224 000000;0.22677;0.22677;0.22677;0.22677;0
20161225 000000;0.22677;0.22677;0.22677;0.22677;0
20161226 000000;0.22677;0.22677;0.22677;0.22677;0
20161227 000000;0.22681;0.22681;0.22681;0.22681;0
20161228 000000;0.22713;0.22713;0.22713;0.22713;0
20161229 000000;0.22655;0.22655;0.22655;0.22655;0
20161230 000000;0.22674;0.22674;0.22674;0.22674;0
20161231 000000;0.22674;0.22674;0.22674;0.22674;0
20170101 000000;0.22674;0.22674;0.22674;0.22674;0
20170102 000000;0.22664;0.22664;0.22664;0.22664;0
20170103 000000;0.22761;0.22761;0.22761;0.22761;0
20170104 000000;0.22843;0.22843;0.22843;0.22843;0
20170105 000000;0.22894;0.22894;0.22894;0.22894;0
20170106 000000;0.22961;0.22961;0.22961;0.22961;0
20170107 000000;0.22961;0.22961;0.22961;0.22961;0
20170108 000000;0.22961;0.22961;0.22961;0.22961;0
20170109 000000;0.22843;0.22843;0.22843;0.22843;0
20170110 000000;0.22872;0.22872;0.22872;0.22872;0
20170111 000000;0.22882;0.22882;0.22882;0.22882;0
20170112 000000;0.22849;0.22849;0.22849;0.22849;0
20170113 000000;0.22863;0.22863;0.22863;0.22863;0
20170114 000000;0.22863;0.22863;0.22863;0.22863;0
20170115 000000;0.22863;0.22863;0.22863;0.22863;0
20170116 000000;0.22868;0.22868;0.22868;0.22868;0
20170117 000000;0.22887;0.22887;0.22887;0.22887;0
20170118 000000;0.22897;0.22897;0.22897;0.22897;0
20170119 000000;0.22869;0.22869;0.22869;0.22869;0
20170120 000000;0.22884;0.22884;0.22884;0.22884;0
20170121 000000;0.22884;0.22884;0.22884;0.22884;0
20170122 000000;0.22884;0.22884;0.22884;0.22884;0
20170123 000000;0.22873;0.22873;0.22873;0.22873;0
20170124 000000;0.2287;0.2287;0.2287;0.2287;0
20170125 000000;0.22914;0.22914;0.22914;0.22914;0
20170126 000000;0.23023;0.23023;0.23023;0.23023;0
20170127 000000;0.23041;0.23041;0.23041;0.23041;0
20170128 000000;0.23041;0.23041;0.23041;0.23041;0
20170129 000000;0.23041;0.23041;0.23041;0.23041;0
20170130 000000;0.23089;0.23089;0.23089;0.23089;0
20170131 000000;0.23127;0.23127;0.23127;0.23127;0
20170201 000000;0.23156;0.23156;0.23156;0.23156;0
20170202 000000;0.23217;0.23217;0.23217;0.23217;0
20170203 000000;0.23271;0.23271;0.23271;0.23271;0
20170204 000000;0.23271;0.23271;0.23271;0.23271;0
20170205 000000;0.23271;0.23271;0.23271;0.23271;0
20170206 000000;0.23383;0.23383;0.23383;0.23383;0
20170207 000000;0.23237;0.23237;0.23237;0.23237;0
20170208 000000;0.23192;0.23192;0.23192;0.23192;0
20170209 000000;0.23204;0.23204;0.23204;0.23204;0
20170210 000000;0.23281;0.23281;0.23281;0.23281;0
20170211 000000;0.23281;0.23281;0.23281;0.23281;0
20170212 000000;0.23281;0.23281;0.23281;0.23281;0
20170213 000000;0.23182;0.23182;0.23182;0.23182;0
20170214 000000;0.23249;0.23249;0.23249;0.23249;0
20170215 000000;0.23248;0.23248;0.23248;0.23248;0
20170216 000000;0.23161;0.23161;0.23161;0.23161;0
20170217 000000;0.23092;0.23092;0.23092;0.23092;0
20170218 000000;0.23092;0.23092;0.23092;0.23092;0
20170219 000000;0.23092;0.23092;0.23092;0.23092;0
20170220 000000;0.23124;0.23124;0.23124;0.23124;0
20170221 000000;0.23221;0.23221;0.23221;0.23221;0
20170222 000000;0.23263;0.23263;0.23263;0.23263;0
20170223 000000;0.23213;0.23213;0.23213;0.23213;0
20170224 000000;0.23198;0.23198;0.23198;0.23198;0
20170225 000000;0.23198;0.23198;0.23198;0.23198;0
20170226 000000;0.23198;0.23198;0.23198;0.23198;0
20170227 000000;0.23176;0.23176;0.23176;0.23176;0
20170228 000000;0.23176;0.23176;0.23176;0.23176;0
20170301 000000;0.23279;0.23279;0.23279;0.23279;0
20170302 000000;0.23288;0.23288;0.23288;0.23288;0
20170303 000000;0.23252;0.23252;0.23252;0.23252;0
20170304 000000;0.23252;0.23252;0.23252;0.23252;0
20170305 000000;0.23252;0.23252;0.23252;0.23252;0
20170306 000000;0.23207;0.23207;0.23207;0.23207;0
20170307 000000;0.23215;0.23215;0.23215;0.23215;0
20170308 000000;0.23186;0.23186;0.23186;0.23186;0
20170309 000000;0.23164;0.23164;0.23164;0.23164;0
20170310 000000;0.23117;0.23117;0.23117;0.23117;0
20170311 000000;0.23117;0.23117;0.23117;0.23117;0
20170312 000000;0.23117;0.23117;0.23117;0.23117;0
20170313 000000;0.23054;0.23054;0.23054;0.23054;0
20170314 000000;0.23137;0.23137;0.23137;0.23137;0
20170315 000000;0.23145;0.23145;0.23145;0.23145;0
20170316 000000;0.2327;0.2327;0.2327;0.2327;0
20170317 000000;0.23266;0.23266;0.23266;0.23266;0
20170318 000000;0.23266;0.23266;0.23266;0.23266;0
20170319 000000;0.23266;0.23266;0.23266;0.23266;0
20170320 000000;0.23354;0.23354;0.23354;0.23354;0
20170321 000000;0.23459;0.23459;0.23459;0.23459;0
20170322 000000;0.23356;0.23356;0.23356;0.23356;0
20170323 000000;0.23427;0.23427;0.23427;0.23427;0
20170324 000000;0.23422;0.23422;0.23422;0.23422;0
20170325 000000;0.23422;0.23422;0.23422;0.23422;0
20170326 000000;0.23422;0.23422;0.23422;0.23422;0
20170327 000000;0.23452;0.23452;0.23452;0.23452;0
20170328 000000;0.23546;0.23546;0.23546;0.23546;0
20170329 000000;0.23591;0.23591;0.23591;0.23591;0
20170330 000000;0.23678;0.23678;0.23678;0.23678;0
20170331 000000;0.2366;0.2366;0.2366;0.2366;0
20170401 000000;0.2366;0.2366;0.2366;0.2366;0
20170402 000000;0.2366;0.2366;0.2366;0.2366;0
20170403 000000;0.23652;0.23652;0.23652;0.23652;0
20170404 000000;0.2349;0.2349;0.2349;0.2349;0
20170405 000000;0.23632;0.23632;0.23632;0.23632;0
20170406 000000;0.23657;0.23657;0.23657;0.23657;0
20170407 000000;0.23669;0.23669;0.23669;0.23669;0
20170408 000000;0.23669;0.23669;0.23669;0.23669;0
20170409 000000;0.23669;0.23669;0.23669;0.23669;0
20170410 000000;0.23643;0.23643;0.23643;0.23643;0
20170411 000000;0.23577;0.23577;0.23577;0.23577;0
20170412 000000;0.23538;0.23538;0.23538;0.23538;0
20170413 000000;0.23557;0.23557;0.23557;0.23557;0
20170414 000000;0.23557;0.23557;0.23557;0.23557;0
20170415 000000;0.23557;0.23557;0.23557;0.23557;0
20170416 000000;0.23557;0.23557;0.23557;0.23557;0
20170417 000000;0.23557;0.23557;0.23557;0.23557;0
20170418 000000;0.23606;0.23606;0.23606;0.23606;0
20170419 000000;0.23608;0.23608;0.23608;0.23608;0
20170420 000000;0.23481;0.23481;0.23481;0.23481;0
20170421 000000;0.23404;0.23404;0.23404;0.23404;0
20170422 000000;0.23404;0.23404;0.23404;0.23404;0
20170423 000000;0.23404;0.23404;0.23404;0.23404;0
20170424 000000;0.23574;0.23574;0.23574;0.23574;0
20170425 000000;0.23656;0.23656;0.23656;0.23656;0
20170426 000000;0.23674;0.23674;0.23674;0.23674;0
20170427 000000;0.23688;0.23688;0.23688;0.23688;0
20170428 000000;0.23683;0.23683;0.23683;0.23683;0
20170429 000000;0.23683;0.23683;0.23683;0.23683;0
20170430 000000;0.23683;0.23683;0.23683;0.23683;0
20170501 000000;0.23683;0.23683;0.23683;0.23683;0
20170502 000000;0.2376;0.2376;0.2376;0.2376;0
20170503 000000;0.23859;0.23859;0.23859;0.23859;0
20170504 000000;0.23749;0.23749;0.23749;0.23749;0
20170505 000000;0.23712;0.23712;0.23712;0.23712;0
20170506 000000;0.23712;0.23712;0.23712;0.23712;0
20170507 000000;0.23712;0.23712;0.23712;0.23712;0
20170508 000000;0.23803;0.23803;0.23803;0.23803;0
20170509 000000;0.23684;0.23684;0.23684;0.23684;0
20170510 000000;0.23708;0.23708;0.23708;0.23708;0
20170511 000000;0.23673;0.23673;0.23673;0.23673;0
20170512 000000;0.23714;0.23714;0.23714;0.23714;0
20170513 000000;0.23714;0.23714;0.23714;0.23714;0
20170514 000000;0.23714;0.23714;0.23714;0.23714;0
20170515 000000;0.23759;0.23759;0.23759;0.23759;0
20170516 000000;0.23819;0.23819;0.23819;0.23819;0
20170517 000000;0.23885;0.23885;0.23885;0.23885;0
20170518 000000;0.23679;0.23679;0.23679;0.23679;0
20170519 000000;0.23807;0.23807;0.23807;0.23807;0
20170520 000000;0.23807;0.23807;0.23807;0.23807;0
20170521 000000;0.23807;0.23807;0.23807;0.23807;0
20170522 000000;0.23851;0.23851;0.23851;0.23851;0
20170523 000000;0.23821;0.23821;0.23821;0.23821;0
20170524 000000;0.23885;0.23885;0.23885;0.23885;0
20170525 000000;0.23927;0.23927;0.23927;0.23927;0
20170526 000000;0.23906;0.23906;0.23906;0.23906;0
20170527 000000;0.23906;0.23906;0.23906;0.23906;0
20170528 000000;0.23906;0.23906;0.23906;0.23906;0
20170529 000000;0.23925;0.23925;0.23925;0.23925;0
20170530 000000;0.23946;0.23946;0.23946;0.23946;0
20170531 000000;0.23974;0.23974;0.23974;0.23974;0
20170601 000000;0.23906;0.23906;0.23906;0.23906;0
20170602 000000;0.23852;0.23852;0.23852;0.23852;0
20170603 000000;0.23852;0.23852;0.23852;0.23852;0
20170604 000000;0.23852;0.23852;0.23852;0.23852;0
20170605 000000;0.23902;0.23902;0.23902;0.23902;0
20170606 000000;0.23814;0.23814;0.23814;0.23814;0
20170607 000000;0.23859;0.23859;0.23859;0.23859;0
20170608 000000;0.23773;0.23773;0.23773;0.23773;0
20170609 000000;0.23865;0.23865;0.23865;0.23865;0
20170610 000000;0.23865;0.23865;0.23865;0.23865;0
20170611 000000;0.23865;0.23865;0.23865;0.23865;0
20170612 000000;0.23867;0.23867;0.23867;0.23867;0
20170613 000000;0.23846;0.23846;0.23846;0.23846;0
20170614 000000;0.23828;0.23828;0.23828;0.23828;0
20170615 000000;0.23741;0.23741;0.23741;0.23741;0
20170616 000000;0.23706;0.23706;0.23706;0.23706;0
20170617 000000;0.23706;0.23706;0.23706;0.23706;0
20170618 000000;0.23706;0.23706;0.23706;0.23706;0
20170619 000000;0.23739;0.23739;0.23739;0.23739;0
20170620 000000;0.23637;0.23637;0.23637;0.23637;0
20170621 000000;0.23603;0.23603;0.23603;0.23603;0
20170622 000000;0.23584;0.23584;0.23584;0.23584;0
20170623 000000;0.23629;0.23629;0.23629;0.23629;0
20170624 000000;0.23629;0.23629;0.23629;0.23629;0
20170625 000000;0.23629;0.23629;0.23629;0.23629;0
20170626 000000;0.23748;0.23748;0.23748;0.23748;0
20170627 000000;0.23724;0.23724;0.23724;0.23724;0
20170628 000000;0.23599;0.23599;0.23599;0.23599;0
20170629 000000;0.23536;0.23536;0.23536;0.23536;0
20170630 000000;0.23664;0.23664;0.23664;0.23664;0
20170701 000000;0.23664;0.23664;0.23664;0.23664;0
20170702 000000;0.23664;0.23664;0.23664;0.23664;0
20170703 000000;0.2361;0.2361;0.2361;0.2361;0
20170704 000000;0.2357;0.2357;0.2357;0.2357;0
20170705 000000;0.2355;0.2355;0.2355;0.2355;0
20170706 000000;0.23542;0.23542;0.23542;0.23542;0
20170707 000000;0.23628;0.23628;0.23628;0.23628;0
20170708 000000;0.23628;0.23628;0.23628;0.23628;0
20170709 000000;0.23628;0.23628;0.23628;0.23628;0
20170710 000000;0.23618;0.23618;0.23618;0.23618;0
20170711 000000;0.23552;0.23552;0.23552;0.23552;0
20170712 000000;0.2356;0.2356;0.2356;0.2356;0
20170713 000000;0.23623;0.23623;0.23623;0.23623;0
20170714 000000;0.23712;0.23712;0.23712;0.23712;0
20170715 000000;0.23712;0.23712;0.23712;0.23712;0
20170716 000000;0.23712;0.23712;0.23712;0.23712;0
20170717 000000;0.23764;0.23764;0.23764;0.23764;0
20170718 000000;0.23793;0.23793;0.23793;0.23793;0
20170719 000000;0.23738;0.23738;0.23738;0.23738;0
20170720 000000;0.23753;0.23753;0.23753;0.23753;0
20170721 000000;0.23605;0.23605;0.23605;0.23605;0
20170722 000000;0.23605;0.23605;0.23605;0.23605;0
20170723 000000;0.23605;0.23605;0.23605;0.23605;0
20170724 000000;0.2358;0.2358;0.2358;0.2358;0
20170725 000000;0.2349;0.2349;0.2349;0.2349;0
20170726 000000;0.23467;0.23467;0.23467;0.23467;0
20170727 000000;0.23507;0.23507;0.23507;0.23507;0
20170728 000000;0.23533;0.23533;0.23533;0.23533;0
20170729 000000;0.23533;0.23533;0.23533;0.23533;0
20170730 000000;0.23533;0.23533;0.23533;0.23533;0
20170731 000000;0.23533;0.23533;0.23533;0.23533;0
20170801 000000;0.23495;0.23495;0.23495;0.23495;0
20170802 000000;0.23507;0.23507;0.23507;0.23507;0
20170803 000000;0.23515;0.23515;0.23515;0.23515;0
20170804 000000;0.23579;0.23579;0.23579;0.23579;0
20170805 000000;0.23579;0.23579;0.23579;0.23579;0
20170806 000000;0.23579;0.23579;0.23579;0.23579;0
20170807 000000;0.23519;0.23519;0.23519;0.23519;0
20170808 000000;0.235;0.235;0.235;0.235;0
20170809 000000;0.23436;0.23436;0.23436;0.23436;0
20170810 000000;0.2341;0.2341;0.2341;0.2341;0
20170811 000000;0.23317;0.23317;0.23317;0.23317;0
20170812 000000;0.23317;0.23317;0.23317;0.23317;0
20170813 000000;0.23317;0.23317;0.23317;0.23317;0
20170814 000000;0.23356;0.23356;0.23356;0.23356;0
20170815 000000;0.23369;0.23369;0.23369;0.23369;0
20170816 000000;0.23392;0.23392;0.23392;0.23392;0
20170817 000000;0.23488;0.23488;0.23488;0.23488;0
20170818 000000;0.23361;0.23361;0.23361;0.23361;0
20170819 000000;0.23361;0.23361;0.23361;0.23361;0
20170820 000000;0.23361;0.23361;0.23361;0.23361;0
20170821 000000;0.23398;0.23398;0.23398;0.23398;0
20170822 000000;0.23355;0.23355;0.23355;0.23355;0
20170823 000000;0.23338;0.23338;0.23338;0.23338;0
20170824 000000;0.2339;0.2339;0.2339;0.2339;0
20170825 000000;0.23475;0.23475;0.23475;0.23475;0
20170826 000000;0.23475;0.23475;0.23475;0.23475;0
20170827 000000;0.23475;0.23475;0.23475;0.23475;0
20170828 000000;0.23485;0.23485;0.23485;0.23485;0
20170829 000000;0.23432;0.23432;0.23432;0.23432;0
20170830 000000;0.23475;0.23475;0.23475;0.23475;0
20170831 000000;0.23484;0.23484;0.23484;0.23484;0
20170901 000000;0.23582;0.23582;0.23582;0.23582;0
20170902 000000;0.23582;0.23582;0.23582;0.23582;0
20170903 000000;0.23582;0.23582;0.23582;0.23582;0
20170904 000000;0.23582;0.23582;0.23582;0.23582;0
20170905 000000;0.23607;0.23607;0.23607;0.23607;0
20170906 000000;0.23577;0.23577;0.23577;0.23577;0
20170907 000000;0.23567;0.23567;0.23567;0.23567;0
20170908 000000;0.23511;0.23511;0.23511;0.23511;0
20170909 000000;0.23511;0.23511;0.23511;0.23511;0
20170910 000000;0.23511;0.23511;0.23511;0.23511;0
20170911 000000;0.23563;0.23563;0.23563;0.23563;0
20170912 000000;0.23502;0.23502;0.23502;0.23502;0
20170913 000000;0.23366;0.23366;0.23366;0.23366;0
20170914 000000;0.23341;0.23341;0.23341;0.23341;0
20170915 000000;0.23386;0.23386;0.23386;0.23386;0
20170916 000000;0.23386;0.23386;0.23386;0.23386;0
20170917 000000;0.23386;0.23386;0.23386;0.23386;0
20170918 000000;0.23319;0.23319;0.23319;0.23319;0
20170919 000000;0.23373;0.23373;0.23373;0.23373;0
20170920 000000;0.23379;0.23379;0.23379;0.23379;0
20170921 000000;0.23362;0.23362;0.23362;0.23362;0
20170922 000000;0.23435;0.23435;0.23435;0.23435;0
20170923 000000;0.23435;0.23435;0.23435;0.23435;0
20170924 000000;0.23435;0.23435;0.23435;0.23435;0
20170925 000000;0.2343;0.2343;0.2343;0.2343;0
20170926 000000;0.23351;0.23351;0.23351;0.23351;0
20170927 000000;0.23241;0.23241;0.23241;0.23241;0
20170928 000000;0.2319;0.2319;0.2319;0.2319;0
20170929 000000;0.23233;0.23233;0.23233;0.23233;0
20170930 000000;0.23233;0.23233;0.23233;0.23233;0
20171001 000000;0.23233;0.23233;0.23233;0.23233;0
20171002 000000;0.23185;0.23185;0.23185;0.23185;0
20171003 000000;0.23201;0.23201;0.23201;0.23201;0
20171004 000000;0.23272;0.23272;0.23272;0.23272;0
20171005 000000;0.23256;0.23256;0.23256;0.23256;0
20171006 000000;0.23235;0.23235;0.23235;0.23235;0
20171007 000000;0.23235;0.23235;0.23235;0.23235;0
20171008 000000;0.23235;0.23235;0.23235;0.23235;0
20171009 000000;0.23214;0.23214;0.23214;0.23214;0
20171010 000000;0.23293;0.23293;0.23293;0.23293;0
20171011 000000;0.23337;0.23337;0.23337;0.23337;0
20171012 000000;0.23403;0.23403;0.23403;0.23403;0
20171013 000000;0.23499;0.23499;0.23499;0.23499;0
20171014 000000;0.23499;0.23499;0.23499;0.23499;0
20171015 000000;0.23499;0.23499;0.23499;0.23499;0
20171016 000000;0.23597;0.23597;0.23597;0.23597;0
20171017 000000;0.23642;0.23642;0.23642;0.23642;0
20171018 000000;0.23654;0.23654;0.23654;0.23654;0
20171019 000000;0.23589;0.23589;0.23589;0.23589;0
20171020 000000;0.23606;0.23606;0.23606;0.23606;0
20171021 000000;0.23606;0.23606;0.23606;0.23606;0
20171022 000000;0.23606;0.23606;0.23606;0.23606;0
20171023 000000;0.2366;0.2366;0.2366;0.2366;0
20171024 000000;0.23583;0.23583;0.23583;0.23583;0
20171025 000000;0.2361;0.2361;0.2361;0.2361;0
20171026 000000;0.23613;0.23613;0.23613;0.23613;0
20171027 000000;0.2355;0.2355;0.2355;0.2355;0
20171028 000000;0.2355;0.2355;0.2355;0.2355;0
20171029 000000;0.2355;0.2355;0.2355;0.2355;0
20171030 000000;0.23567;0.23567;0.23567;0.23567;0
20171031 000000;0.23563;0.23563;0.23563;0.23563;0
20171101 000000;0.23619;0.23619;0.23619;0.23619;0
20171102 000000;0.23598;0.23598;0.23598;0.23598;0
20171103 000000;0.23594;0.23594;0.23594;0.23594;0
20171104 000000;0.23594;0.23594;0.23594;0.23594;0
20171105 000000;0.23594;0.23594;0.23594;0.23594;0
20171106 000000;0.2358;0.2358;0.2358;0.2358;0
20171107 000000;0.23587;0.23587;0.23587;0.23587;0
20171108 000000;0.23618;0.23618;0.23618;0.23618;0
20171109 000000;0.23615;0.23615;0.23615;0.23615;0
20171110 000000;0.23636;0.23636;0.23636;0.23636;0
20171111 000000;0.23636;0.23636;0.23636;0.23636;0
20171112 000000;0.23636;0.23636;0.23636;0.23636;0
20171113 000000;0.23613;0.23613;0.23613;0.23613;0
20171114 000000;0.23595;0.23595;0.23595;0.23595;0
20171115 000000;0.23544;0.23544;0.23544;0.23544;0
20171116 000000;0.23618;0.23618;0.23618;0.23618;0
20171117 000000;0.23617;0.23617;0.23617;0.23617;0
20171118 000000;0.23617;0.23617;0.23617;0.23617;0
20171119 000000;0.23617;0.23617;0.23617;0.23617;0
20171120 000000;0.23635;0.23635;0.23635;0.23635;0
20171121 000000;0.23646;0.23646;0.23646;0.23646;0
20171122 000000;0.23722;0.23722;0.23722;0.23722;0
20171123 000000;0.23739;0.23739;0.23739;0.23739;0
20171124 000000;0.23748;0.23748;0.23748;0.23748;0
20171125 000000;0.23748;0.23748;0.23748;0.23748;0
20171126 000000;0.23748;0.23748;0.23748;0.23748;0
20171127 000000;0.2376;0.2376;0.2376;0.2376;0
20171128 000000;0.2377;0.2377;0.2377;0.2377;0
20171129 000000;0.23806;0.23806;0.23806;0.23806;0
20171130 000000;0.23835;0.23835;0.23835;0.23835;0
20171201 000000;0.23737;0.23737;0.23737;0.23737;0
20171202 000000;0.23737;0.23737;0.23737;0.23737;0
20171203 000000;0.23737;0.23737;0.23737;0.23737;0
20171204 000000;0.23795;0.23795;0.23795;0.23795;0
20171205 000000;0.23798;0.23798;0.23798;0.23798;0
20171206 000000;0.23729;0.23729;0.23729;0.23729;0
20171207 000000;0.23737;0.23737;0.23737;0.23737;0
20171208 000000;0.23798;0.23798;0.23798;0.23798;0
20171209 000000;0.23798;0.23798;0.23798;0.23798;0
20171210 000000;0.23798;0.23798;0.23798;0.23798;0
20171211 000000;0.23791;0.23791;0.23791;0.23791;0
20171212 000000;0.23785;0.23785;0.23785;0.23785;0
20171213 000000;0.23727;0.23727;0.23727;0.23727;0
20171214 000000;0.23685;0.23685;0.23685;0.23685;0
20171215 000000;0.23715;0.23715;0.23715;0.23715;0
20171216 000000;0.23715;0.23715;0.23715;0.23715;0
20171217 000000;0.23715;0.23715;0.23715;0.23715;0
20171218 000000;0.2377;0.2377;0.2377;0.2377;0
20171219 000000;0.23813;0.23813;0.23813;0.23813;0
20171220 000000;0.23786;0.23786;0.23786;0.23786;0
20171221 000000;0.23811;0.23811;0.23811;0.23811;0
20171222 000000;0.23824;0.23824;0.23824;0.23824;0
20171223 000000;0.23824;0.23824;0.23824;0.23824;0
20171224 000000;0.23824;0.23824;0.23824;0.23824;0
20171225 000000;0.23824;0.23824;0.23824;0.23824;0
20171226 000000;0.23824;0.23824;0.23824;0.23824;0
20171227 000000;0.23875;0.23875;0.23875;0.23875;0
20171228 000000;0.23919;0.23919;0.23919;0.23919;0
20171229 000000;0.23941;0.23941;0.23941;0.23941;0
20171230 000000;0.23941;0.23941;0.23941;0.23941;0
20171231 000000;0.23941;0.23941;0.23941;0.23941;0
20180101 000000;0.23941;0.23941;0.23941;0.23941;0
20180102 000000;0.24019;0.24019;0.24019;0.24019;0
20180103 000000;0.24008;0.24008;0.24008;0.24008;0
20180104 000000;0.24064;0.24064;0.24064;0.24064;0
20180105 000000;0.24065;0.24065;0.24065;0.24065;0
20180106 000000;0.24065;0.24065;0.24065;0.24065;0
20180107 000000;0.24065;0.24065;0.24065;0.24065;0
20180108 000000;0.24002;0.24002;0.24002;0.24002;0
20180109 000000;0.23926;0.23926;0.23926;0.23926;0
20180110 000000;0.23915;0.23915;0.23915;0.23915;0
20180111 000000;0.23932;0.23932;0.23932;0.23932;0
20180112 000000;0.23968;0.23968;0.23968;0.23968;0
20180113 000000;0.23968;0.23968;0.23968;0.23968;0
20180114 000000;0.23968;0.23968;0.23968;0.23968;0
20180115 000000;0.23989;0.23989;0.23989;0.23989;0
20180116 000000;0.23973;0.23973;0.23973;0.23973;0
20180117 000000;0.23973;0.23973;0.23973;0.23973;0
20180118 000000;0.24001;0.24001;0.24001;0.24001;0
20180119 000000;0.23972;0.23972;0.23972;0.23972;0
20180120 000000;0.23972;0.23972;0.23972;0.23972;0
20180121 000000;0.23972;0.23972;0.23972;0.23972;0
20180122 000000;0.23977;0.23977;0.23977;0.23977;0
20180123 000000;0.23983;0.23983;0.23983;0.23983;0
20180124 000000;0.2406;0.2406;0.2406;0.2406;0
20180125 000000;0.24114;0.24114;0.24114;0.24114;0
20180126 000000;0.24142;0.24142;0.24142;0.24142;0
20180127 000000;0.24142;0.24142;0.24142;0.24142;0
20180128 000000;0.24142;0.24142;0.24142;0.24142;0
20180129 000000;0.24134;0.24134;0.24134;0.24134;0
20180130 000000;0.24126;0.24126;0.24126;0.24126;0
20180131 000000;0.24095;0.24095;0.24095;0.24095;0
20180201 000000;0.24071;0.24071;0.24071;0.24071;0
20180202 000000;0.24073;0.24073;0.24073;0.24073;0
20180203 000000;0.24073;0.24073;0.24073;0.24073;0
20180204 000000;0.24073;0.24073;0.24073;0.24073;0
20180205 000000;0.24047;0.24047;0.24047;0.24047;0
20180206 000000;0.24013;0.24013;0.24013;0.24013;0
20180207 000000;0.24041;0.24041;0.24041;0.24041;0
20180208 000000;0.23984;0.23984;0.23984;0.23984;0
20180209 000000;0.23865;0.23865;0.23865;0.23865;0
20180210 000000;0.23865;0.23865;0.23865;0.23865;0
20180211 000000;0.23865;0.23865;0.23865;0.23865;0
20180212 000000;0.23953;0.23953;0.23953;0.23953;0
20180213 000000;0.23934;0.23934;0.23934;0.23934;0
20180214 000000;0.2397;0.2397;0.2397;0.2397;0
20180215 000000;0.24078;0.24078;0.24078;0.24078;0
20180216 000000;0.2404;0.2404;0.2404;0.2404;0
20180217 000000;0.2404;0.2404;0.2404;0.2404;0
20180218 000000;0.2404;0.2404;0.2404;0.2404;0
20180219 000000;0.2412;0.2412;0.2412;0.2412;0
20180220 000000;0.24116;0.24116;0.24116;0.24116;0
20180221 000000;0.24045;0.24045;0.24045;0.24045;0
20180222 000000;0.23913;0.23913;0.23913;0.23913;0
20180223 000000;0.23982;0.23982;0.23982;0.23982;0
20180224 000000;0.23982;0.23982;0.23982;0.23982;0
20180225 000000;0.23982;0.23982;0.23982;0.23982;0
20180226 000000;0.23983;0.23983;0.23983;0.23983;0
20180227 000000;0.23998;0.23998;0.23998;0.23998;0
20180228 000000;0.23934;0.23934;0.23934;0.23934;0
20180301 000000;0.23893;0.23893;0.23893;0.23893;0
20180302 000000;0.23841;0.23841;0.23841;0.23841;0
20180303 000000;0.23841;0.23841;0.23841;0.23841;0
20180304 000000;0.23841;0.23841;0.23841;0.23841;0
20180305 000000;0.23861;0.23861;0.23861;0.23861;0
20180306 000000;0.23915;0.23915;0.23915;0.23915;0
20180307 000000;0.23844;0.23844;0.23844;0.23844;0
20180308 000000;0.23786;0.23786;0.23786;0.23786;0
20180309 000000;0.23799;0.23799;0.23799;0.23799;0
20180310 000000;0.23799;0.23799;0.23799;0.23799;0
20180311 000000;0.23799;0.23799;0.23799;0.23799;0
20180312 000000;0.23802;0.23802;0.23802;0.23802;0
20180313 000000;0.23742;0.23742;0.23742;0.23742;0
20180314 000000;0.23796;0.23796;0.23796;0.23796;0
20180315 000000;0.23741;0.23741;0.23741;0.23741;0
20180316 000000;0.23712;0.23712;0.23712;0.23712;0
20180317 000000;0.23712;0.23712;0.23712;0.23712;0
20180318 000000;0.23712;0.23712;0.23712;0.23712;0
20180319 000000;0.23713;0.23713;0.23713;0.23713;0
20180320 000000;0.23654;0.23654;0.23654;0.23654;0
20180321 000000;0.23605;0.23605;0.23605;0.23605;0
20180322 000000;0.23687;0.23687;0.23687;0.23687;0
20180323 000000;0.23662;0.23662;0.23662;0.23662;0
20180324 000000;0.23662;0.23662;0.23662;0.23662;0
20180325 000000;0.23662;0.23662;0.23662;0.23662;0
20180326 000000;0.23641;0.23641;0.23641;0.23641;0
20180327 000000;0.23699;0.23699;0.23699;0.23699;0
20180328 000000;0.23769;0.23769;0.23769;0.23769;0
20180329 000000;0.2375;0.2375;0.2375;0.2375;0
20180330 000000;0.2375;0.2375;0.2375;0.2375;0
20180331 000000;0.2375;0.2375;0.2375;0.2375;0
20180401 000000;0.2375;0.2375;0.2375;0.2375;0
20180402 000000;0.2375;0.2375;0.2375;0.2375;0
20180403 000000;0.2376;0.2376;0.2376;0.2376;0
20180404 000000;0.2379;0.2379;0.2379;0.2379;0
20180405 000000;0.23786;0.23786;0.23786;0.23786;0
20180406 000000;0.23819;0.23819;0.23819;0.23819;0
20180407 000000;0.23819;0.23819;0.23819;0.23819;0
20180408 000000;0.23819;0.23819;0.23819;0.23819;0
20180409 000000;0.23837;0.23837;0.23837;0.23837;0
20180410 000000;0.23849;0.23849;0.23849;0.23849;0
20180411 000000;0.23858;0.23858;0.23858;0.23858;0
20180412 000000;0.23898;0.23898;0.23898;0.23898;0
20180413 000000;0.23945;0.23945;0.23945;0.23945;0
20180414 000000;0.23945;0.23945;0.23945;0.23945;0
20180415 000000;0.23945;0.23945;0.23945;0.23945;0
20180416 000000;0.24023;0.24023;0.24023;0.24023;0
20180417 000000;0.24037;0.24037;0.24037;0.24037;0
20180418 000000;0.23983;0.23983;0.23983;0.23983;0
20180419 000000;0.24002;0.24002;0.24002;0.24002;0
20180420 000000;0.23994;0.23994;0.23994;0.23994;0
20180421 000000;0.23994;0.23994;0.23994;0.23994;0
20180422 000000;0.23994;0.23994;0.23994;0.23994;0
20180423 000000;0.2387;0.2387;0.2387;0.2387;0
20180424 000000;0.23812;0.23812;0.23812;0.23812;0
20180425 000000;0.23674;0.23674;0.23674;0.23674;0
20180426 000000;0.23607;0.23607;0.23607;0.23607;0
20180427 000000;0.23719;0.23719;0.23719;0.23719;0
20180428 000000;0.23719;0.23719;0.23719;0.23719;0
20180429 000000;0.23719;0.23719;0.23719;0.23719;0
20180430 000000;0.23661;0.23661;0.23661;0.23661;0
20180501 000000;0.23661;0.23661;0.23661;0.23661;0
20180502 000000;0.23389;0.23389;0.23389;0.23389;0
20180503 000000;0.23459;0.23459;0.23459;0.23459;0
20180504 000000;0.23506;0.23506;0.23506;0.23506;0
20180505 000000;0.23506;0.23506;0.23506;0.23506;0
20180506 000000;0.23506;0.23506;0.23506;0.23506;0
20180507 000000;0.23509;0.23509;0.23509;0.23509;0
20180508 000000;0.23369;0.23369;0.23369;0.23369;0
20180509 000000;0.23443;0.23443;0.23443;0.23443;0
20180510 000000;0.23561;0.23561;0.23561;0.23561;0
20180511 000000;0.23483;0.23483;0.23483;0.23483;0
20180512 000000;0.23483;0.23483;0.23483;0.23483;0
20180513 000000;0.23483;0.23483;0.23483;0.23483;0
20180514 000000;0.23458;0.23458;0.23458;0.23458;0
20180515 000000;0.23344;0.23344;0.23344;0.23344;0
20180516 000000;0.23316;0.23316;0.23316;0.23316;0
20180517 000000;0.23311;0.23311;0.23311;0.23311;0
