20130101 000000;2.0178;2.0178;2.0178;2.0178;0
20130102 000000;2.0297;2.0297;2.0297;2.0297;0
20130103 000000;1.9984;1.9984;1.9984;1.9984;0
20130104 000000;1.9695;1.9695;1.9695;1.9695;0
20130105 000000;1.9695;1.9695;1.9695;1.9695;0
20130106 000000;1.9695;1.9695;1.9695;1.9695;0
20130107 000000;1.9719;1.9719;1.9719;1.9719;0
20130108 000000;1.9751;1.9751;1.9751;1.9751;0
20130109 000000;1.9783;1.9783;1.9783;1.9783;0
20130110 000000;1.9964;1.9964;1.9964;1.9964;0
20130111 000000;2.0128;2.0128;2.0128;2.0128;0
20130112 000000;2.0128;2.0128;2.0128;2.0128;0
20130113 000000;2.0128;2.0128;2.0128;2.0128;0
20130114 000000;2.0142;2.0142;2.0142;2.0142;0
20130115 000000;2.0106;2.0106;2.0106;2.0106;0
20130116 000000;1.9983;1.9983;1.9983;1.9983;0
20130117 000000;2.0184;2.0184;2.0184;2.0184;0
20130118 000000;1.9993;1.9993;1.9993;1.9993;0
20130119 000000;1.9993;1.9993;1.9993;1.9993;0
20130120 000000;1.9993;1.9993;1.9993;1.9993;0
20130121 000000;1.9879;1.9879;1.9879;1.9879;0
20130122 000000;1.9848;1.9848;1.9848;1.9848;0
20130123 000000;1.9908;1.9908;1.9908;1.9908;0
20130124 000000;1.9821;1.9821;1.9821;1.9821;0
20130125 000000;2.006;2.006;2.006;2.006;0
20130126 000000;2.006;2.006;2.006;2.006;0
20130127 000000;2.006;2.006;2.006;2.006;0
20130128 000000;1.9938;1.9938;1.9938;1.9938;0
20130129 000000;1.9876;1.9876;1.9876;1.9876;0
20130130 000000;2.0063;2.0063;2.0063;2.0063;0
20130131 000000;2.009;2.009;2.009;2.009;0
20130201 000000;2.033;2.033;2.033;2.033;0
20130202 000000;2.033;2.033;2.033;2.033;0
20130203 000000;2.033;2.033;2.033;2.033;0
20130204 000000;2.0289;2.0289;2.0289;2.0289;0
20130205 000000;2.017;2.017;2.017;2.017;0
20130206 000000;2.012;2.012;2.012;2.012;0
20130207 000000;2.0155;2.0155;2.0155;2.0155;0
20130208 000000;2.005;2.005;2.005;2.005;0
20130209 000000;2.005;2.005;2.005;2.005;0
20130210 000000;2.005;2.005;2.005;2.005;0
20130211 000000;2.0092;2.0092;2.0092;2.0092;0
20130212 000000;2.006;2.006;2.006;2.006;0
20130213 000000;2.0139;2.0139;2.0139;2.0139;0
20130214 000000;1.9888;1.9888;1.9888;1.9888;0
20130215 000000;1.9817;1.9817;1.9817;1.9817;0
20130216 000000;1.9817;1.9817;1.9817;1.9817;0
20130217 000000;1.9817;1.9817;1.9817;1.9817;0
20130218 000000;1.9907;1.9907;1.9907;1.9907;0
20130219 000000;2.0;2.0;2.0;2.0;0
20130220 000000;2.0063;2.0063;2.0063;2.0063;0
20130221 000000;1.9713;1.9713;1.9713;1.9713;0
20130222 000000;1.981;1.981;1.981;1.981;0
20130223 000000;1.981;1.981;1.981;1.981;0
20130224 000000;1.981;1.981;1.981;1.981;0
20130225 000000;2.001;2.001;2.001;2.001;0
20130226 000000;1.955;1.955;1.955;1.955;0
20130227 000000;1.9584;1.9584;1.9584;1.9584;0
20130228 000000;1.9684;1.9684;1.9684;1.9684;0
20130301 000000;1.9507;1.9507;1.9507;1.9507;0
20130302 000000;1.9507;1.9507;1.9507;1.9507;0
20130303 000000;1.9507;1.9507;1.9507;1.9507;0
20130304 000000;1.9561;1.9561;1.9561;1.9561;0
20130305 000000;1.9624;1.9624;1.9624;1.9624;0
20130306 000000;1.9536;1.9536;1.9536;1.9536;0
20130307 000000;1.9495;1.9495;1.9495;1.9495;0
20130308 000000;1.9674;1.9674;1.9674;1.9674;0
20130309 000000;1.9674;1.9674;1.9674;1.9674;0
20130310 000000;1.9674;1.9674;1.9674;1.9674;0
20130311 000000;1.9484;1.9484;1.9484;1.9484;0
20130312 000000;1.9576;1.9576;1.9576;1.9576;0
20130313 000000;1.9492;1.9492;1.9492;1.9492;0
20130314 000000;1.9354;1.9354;1.9354;1.9354;0
20130315 000000;1.9601;1.9601;1.9601;1.9601;0
20130316 000000;1.9601;1.9601;1.9601;1.9601;0
20130317 000000;1.9601;1.9601;1.9601;1.9601;0
20130318 000000;1.9343;1.9343;1.9343;1.9343;0
20130319 000000;1.9365;1.9365;1.9365;1.9365;0
20130320 000000;1.934;1.934;1.934;1.934;0
20130321 000000;1.9191;1.9191;1.9191;1.9191;0
20130322 000000;1.9241;1.9241;1.9241;1.9241;0
20130323 000000;1.9241;1.9241;1.9241;1.9241;0
20130324 000000;1.9241;1.9241;1.9241;1.9241;0
20130325 000000;1.9316;1.9316;1.9316;1.9316;0
20130326 000000;1.9126;1.9126;1.9126;1.9126;0
20130327 000000;1.8973;1.8973;1.8973;1.8973;0
20130328 000000;1.9041;1.9041;1.9041;1.9041;0
20130329 000000;1.9041;1.9041;1.9041;1.9041;0
20130330 000000;1.9041;1.9041;1.9041;1.9041;0
20130331 000000;1.9041;1.9041;1.9041;1.9041;0
20130401 000000;1.9041;1.9041;1.9041;1.9041;0
20130402 000000;1.8969;1.8969;1.8969;1.8969;0
20130403 000000;1.9003;1.9003;1.9003;1.9003;0
20130404 000000;1.8976;1.8976;1.8976;1.8976;0
20130405 000000;1.9232;1.9232;1.9232;1.9232;0
20130406 000000;1.9232;1.9232;1.9232;1.9232;0
20130407 000000;1.9232;1.9232;1.9232;1.9232;0
20130408 000000;1.9569;1.9569;1.9569;1.9569;0
20130409 000000;1.9581;1.9581;1.9581;1.9581;0
20130410 000000;1.9692;1.9692;1.9692;1.9692;0
20130411 000000;1.9767;1.9767;1.9767;1.9767;0
20130412 000000;1.9693;1.9693;1.9693;1.9693;0
20130413 000000;1.9693;1.9693;1.9693;1.9693;0
20130414 000000;1.9693;1.9693;1.9693;1.9693;0
20130415 000000;1.9676;1.9676;1.9676;1.9676;0
20130416 000000;1.9722;1.9722;1.9722;1.9722;0
20130417 000000;1.9696;1.9696;1.9696;1.9696;0
20130418 000000;1.9596;1.9596;1.9596;1.9596;0
20130419 000000;1.976;1.976;1.976;1.976;0
20130420 000000;1.976;1.976;1.976;1.976;0
20130421 000000;1.976;1.976;1.976;1.976;0
20130422 000000;1.9619;1.9619;1.9619;1.9619;0
20130423 000000;1.9415;1.9415;1.9415;1.9415;0
20130424 000000;1.9424;1.9424;1.9424;1.9424;0
20130425 000000;1.9449;1.9449;1.9449;1.9449;0
20130426 000000;1.9269;1.9269;1.9269;1.9269;0
20130427 000000;1.9269;1.9269;1.9269;1.9269;0
20130428 000000;1.9269;1.9269;1.9269;1.9269;0
20130429 000000;1.957;1.957;1.957;1.957;0
20130430 000000;1.9419;1.9419;1.9419;1.9419;0
20130501 000000;1.9419;1.9419;1.9419;1.9419;0
20130502 000000;1.9584;1.9584;1.9584;1.9584;0
20130503 000000;1.9495;1.9495;1.9495;1.9495;0
20130504 000000;1.9495;1.9495;1.9495;1.9495;0
20130505 000000;1.9495;1.9495;1.9495;1.9495;0
20130506 000000;1.9469;1.9469;1.9469;1.9469;0
20130507 000000;1.9426;1.9426;1.9426;1.9426;0
20130508 000000;1.9503;1.9503;1.9503;1.9503;0
20130509 000000;1.9527;1.9527;1.9527;1.9527;0
20130510 000000;1.9255;1.9255;1.9255;1.9255;0
20130511 000000;1.9255;1.9255;1.9255;1.9255;0
20130512 000000;1.9255;1.9255;1.9255;1.9255;0
20130513 000000;1.919;1.919;1.919;1.919;0
20130514 000000;1.9132;1.9132;1.9132;1.9132;0
20130515 000000;1.8899;1.8899;1.8899;1.8899;0
20130516 000000;1.895;1.895;1.895;1.895;0
20130517 000000;1.8953;1.8953;1.8953;1.8953;0
20130518 000000;1.8953;1.8953;1.8953;1.8953;0
20130519 000000;1.8953;1.8953;1.8953;1.8953;0
20130520 000000;1.8867;1.8867;1.8867;1.8867;0
20130521 000000;1.8845;1.8845;1.8845;1.8845;0
20130522 000000;1.8962;1.8962;1.8962;1.8962;0
20130523 000000;1.8781;1.8781;1.8781;1.8781;0
20130524 000000;1.8899;1.8899;1.8899;1.8899;0
20130525 000000;1.8899;1.8899;1.8899;1.8899;0
20130526 000000;1.8899;1.8899;1.8899;1.8899;0
20130527 000000;1.8887;1.8887;1.8887;1.8887;0
20130528 000000;1.8945;1.8945;1.8945;1.8945;0
20130529 000000;1.8789;1.8789;1.8789;1.8789;0
20130530 000000;1.8616;1.8616;1.8616;1.8616;0
20130531 000000;1.8646;1.8646;1.8646;1.8646;0
20130601 000000;1.8646;1.8646;1.8646;1.8646;0
20130602 000000;1.8646;1.8646;1.8646;1.8646;0
20130603 000000;1.8694;1.8694;1.8694;1.8694;0
20130604 000000;1.8939;1.8939;1.8939;1.8939;0
20130605 000000;1.8862;1.8862;1.8862;1.8862;0
20130606 000000;1.8825;1.8825;1.8825;1.8825;0
20130607 000000;1.8888;1.8888;1.8888;1.8888;0
20130608 000000;1.8888;1.8888;1.8888;1.8888;0
20130609 000000;1.8888;1.8888;1.8888;1.8888;0
20130610 000000;1.9048;1.9048;1.9048;1.9048;0
20130611 000000;1.9026;1.9026;1.9026;1.9026;0
20130612 000000;1.9147;1.9147;1.9147;1.9147;0
20130613 000000;1.9153;1.9153;1.9153;1.9153;0
20130614 000000;1.9259;1.9259;1.9259;1.9259;0
20130615 000000;1.9259;1.9259;1.9259;1.9259;0
20130616 000000;1.9259;1.9259;1.9259;1.9259;0
20130617 000000;1.9313;1.9313;1.9313;1.9313;0
20130618 000000;1.9261;1.9261;1.9261;1.9261;0
20130619 000000;1.9282;1.9282;1.9282;1.9282;0
20130620 000000;1.8732;1.8732;1.8732;1.8732;0
20130621 000000;1.8673;1.8673;1.8673;1.8673;0
20130622 000000;1.8673;1.8673;1.8673;1.8673;0
20130623 000000;1.8673;1.8673;1.8673;1.8673;0
20130624 000000;1.8486;1.8486;1.8486;1.8486;0
20130625 000000;1.8687;1.8687;1.8687;1.8687;0
20130626 000000;1.8429;1.8429;1.8429;1.8429;0
20130627 000000;1.8548;1.8548;1.8548;1.8548;0
20130628 000000;1.8508;1.8508;1.8508;1.8508;0
20130629 000000;1.8508;1.8508;1.8508;1.8508;0
20130630 000000;1.8508;1.8508;1.8508;1.8508;0
20130701 000000;1.8452;1.8452;1.8452;1.8452;0
20130702 000000;1.8425;1.8425;1.8425;1.8425;0
20130703 000000;1.8321;1.8321;1.8321;1.8321;0
20130704 000000;1.8461;1.8461;1.8461;1.8461;0
20130705 000000;1.8439;1.8439;1.8439;1.8439;0
20130706 000000;1.8439;1.8439;1.8439;1.8439;0
20130707 000000;1.8439;1.8439;1.8439;1.8439;0
20130708 000000;1.8347;1.8347;1.8347;1.8347;0
20130709 000000;1.8217;1.8217;1.8217;1.8217;0
20130710 000000;1.8142;1.8142;1.8142;1.8142;0
20130711 000000;1.8451;1.8451;1.8451;1.8451;0
20130712 000000;1.8523;1.8523;1.8523;1.8523;0
20130713 000000;1.8523;1.8523;1.8523;1.8523;0
20130714 000000;1.8523;1.8523;1.8523;1.8523;0
20130715 000000;1.8636;1.8636;1.8636;1.8636;0
20130716 000000;1.891;1.891;1.891;1.891;0
20130717 000000;1.8915;1.8915;1.8915;1.8915;0
20130718 000000;1.8924;1.8924;1.8924;1.8924;0
20130719 000000;1.8967;1.8967;1.8967;1.8967;0
20130720 000000;1.8967;1.8967;1.8967;1.8967;0
20130721 000000;1.8967;1.8967;1.8967;1.8967;0
20130722 000000;1.9172;1.9172;1.9172;1.9172;0
20130723 000000;1.9193;1.9193;1.9193;1.9193;0
20130724 000000;1.9314;1.9314;1.9314;1.9314;0
20130725 000000;1.9087;1.9087;1.9087;1.9087;0
20130726 000000;1.9187;1.9187;1.9187;1.9187;0
20130727 000000;1.9187;1.9187;1.9187;1.9187;0
20130728 000000;1.9187;1.9187;1.9187;1.9187;0
20130729 000000;1.9241;1.9241;1.9241;1.9241;0
20130730 000000;1.9277;1.9277;1.9277;1.9277;0
20130731 000000;1.9203;1.9203;1.9203;1.9203;0
20130801 000000;1.9162;1.9162;1.9162;1.9162;0
20130802 000000;1.9019;1.9019;1.9019;1.9019;0
20130803 000000;1.9019;1.9019;1.9019;1.9019;0
20130804 000000;1.9019;1.9019;1.9019;1.9019;0
20130805 000000;1.9244;1.9244;1.9244;1.9244;0
20130806 000000;1.929;1.929;1.929;1.929;0
20130807 000000;1.9307;1.9307;1.9307;1.9307;0
20130808 000000;1.9439;1.9439;1.9439;1.9439;0
20130809 000000;1.955;1.955;1.955;1.955;0
20130810 000000;1.955;1.955;1.955;1.955;0
20130811 000000;1.955;1.955;1.955;1.955;0
20130812 000000;1.9409;1.9409;1.9409;1.9409;0
20130813 000000;1.9409;1.9409;1.9409;1.9409;0
20130814 000000;1.9278;1.9278;1.9278;1.9278;0
20130815 000000;1.9325;1.9325;1.9325;1.9325;0
20130816 000000;1.9293;1.9293;1.9293;1.9293;0
20130817 000000;1.9293;1.9293;1.9293;1.9293;0
20130818 000000;1.9293;1.9293;1.9293;1.9293;0
20130819 000000;1.9223;1.9223;1.9223;1.9223;0
20130820 000000;1.9405;1.9405;1.9405;1.9405;0
20130821 000000;1.9328;1.9328;1.9328;1.9328;0
20130822 000000;1.9226;1.9226;1.9226;1.9226;0
20130823 000000;1.9318;1.9318;1.9318;1.9318;0
20130824 000000;1.9318;1.9318;1.9318;1.9318;0
20130825 000000;1.9318;1.9318;1.9318;1.9318;0
20130826 000000;1.9346;1.9346;1.9346;1.9346;0
20130827 000000;1.923;1.923;1.923;1.923;0
20130828 000000;1.9028;1.9028;1.9028;1.9028;0
20130829 000000;1.8964;1.8964;1.8964;1.8964;0
20130830 000000;1.8994;1.8994;1.8994;1.8994;0
20130831 000000;1.8994;1.8994;1.8994;1.8994;0
20130901 000000;1.8994;1.8994;1.8994;1.8994;0
20130902 000000;1.8995;1.8995;1.8995;1.8995;0
20130903 000000;1.8878;1.8878;1.8878;1.8878;0
20130904 000000;1.8894;1.8894;1.8894;1.8894;0
20130905 000000;1.8844;1.8844;1.8844;1.8844;0
20130906 000000;1.8689;1.8689;1.8689;1.8689;0
20130907 000000;1.8689;1.8689;1.8689;1.8689;0
20130908 000000;1.8689;1.8689;1.8689;1.8689;0
20130909 000000;1.89;1.89;1.89;1.89;0
20130910 000000;1.9023;1.9023;1.9023;1.9023;0
20130911 000000;1.9178;1.9178;1.9178;1.9178;0
20130912 000000;1.9299;1.9299;1.9299;1.9299;0
20130913 000000;1.9314;1.9314;1.9314;1.9314;0
20130914 000000;1.9314;1.9314;1.9314;1.9314;0
20130915 000000;1.9314;1.9314;1.9314;1.9314;0
20130916 000000;1.949;1.949;1.949;1.949;0
20130917 000000;1.937;1.937;1.937;1.937;0
20130918 000000;1.9309;1.9309;1.9309;1.9309;0
20130919 000000;1.9816;1.9816;1.9816;1.9816;0
20130920 000000;1.9555;1.9555;1.9555;1.9555;0
20130921 000000;1.9555;1.9555;1.9555;1.9555;0
20130922 000000;1.9555;1.9555;1.9555;1.9555;0
20130923 000000;1.9555;1.9555;1.9555;1.9555;0
20130924 000000;1.9523;1.9523;1.9523;1.9523;0
20130925 000000;1.9602;1.9602;1.9602;1.9602;0
20130926 000000;1.9542;1.9542;1.9542;1.9542;0
20130927 000000;1.959;1.959;1.959;1.959;0
20130928 000000;1.959;1.959;1.959;1.959;0
20130929 000000;1.959;1.959;1.959;1.959;0
20130930 000000;1.9543;1.9543;1.9543;1.9543;0
20131001 000000;1.9611;1.9611;1.9611;1.9611;0
20131002 000000;1.9608;1.9608;1.9608;1.9608;0
20131003 000000;1.9786;1.9786;1.9786;1.9786;0
20131004 000000;1.9786;1.9786;1.9786;1.9786;0
20131005 000000;1.9786;1.9786;1.9786;1.9786;0
20131006 000000;1.9786;1.9786;1.9786;1.9786;0
20131007 000000;1.9798;1.9798;1.9798;1.9798;0
20131008 000000;1.9826;1.9826;1.9826;1.9826;0
20131009 000000;1.9695;1.9695;1.9695;1.9695;0
20131010 000000;1.9728;1.9728;1.9728;1.9728;0
20131011 000000;1.9795;1.9795;1.9795;1.9795;0
20131012 000000;1.9795;1.9795;1.9795;1.9795;0
20131013 000000;1.9795;1.9795;1.9795;1.9795;0
20131014 000000;1.9803;1.9803;1.9803;1.9803;0
20131015 000000;1.9692;1.9692;1.9692;1.9692;0
20131016 000000;1.9807;1.9807;1.9807;1.9807;0
20131017 000000;1.9955;1.9955;1.9955;1.9955;0
20131018 000000;1.9956;1.9956;1.9956;1.9956;0
20131019 000000;1.9956;1.9956;1.9956;1.9956;0
20131020 000000;1.9956;1.9956;1.9956;1.9956;0
20131021 000000;1.9919;1.9919;1.9919;1.9919;0
20131022 000000;1.9923;1.9923;1.9923;1.9923;0
20131023 000000;2.003;2.003;2.003;2.003;0
20131024 000000;2.0066;2.0066;2.0066;2.0066;0
20131025 000000;2.0023;2.0023;2.0023;2.0023;0
20131026 000000;2.0023;2.0023;2.0023;2.0023;0
20131027 000000;2.0023;2.0023;2.0023;2.0023;0
20131028 000000;2.0043;2.0043;2.0043;2.0043;0
20131029 000000;2.0043;2.0043;2.0043;2.0043;0
20131030 000000;2.0055;2.0055;2.0055;2.0055;0
20131031 000000;1.9891;1.9891;1.9891;1.9891;0
20131101 000000;1.9673;1.9673;1.9673;1.9673;0
20131102 000000;1.9673;1.9673;1.9673;1.9673;0
20131103 000000;1.9673;1.9673;1.9673;1.9673;0
20131104 000000;1.9726;1.9726;1.9726;1.9726;0
20131105 000000;1.9684;1.9684;1.9684;1.9684;0
20131106 000000;1.9758;1.9758;1.9758;1.9758;0
20131107 000000;1.9561;1.9561;1.9561;1.9561;0
20131108 000000;1.9574;1.9574;1.9574;1.9574;0
20131109 000000;1.9574;1.9574;1.9574;1.9574;0
20131110 000000;1.9574;1.9574;1.9574;1.9574;0
20131111 000000;1.9405;1.9405;1.9405;1.9405;0
20131112 000000;1.9466;1.9466;1.9466;1.9466;0
20131113 000000;1.9451;1.9451;1.9451;1.9451;0
20131114 000000;1.9555;1.9555;1.9555;1.9555;0
20131115 000000;1.9605;1.9605;1.9605;1.9605;0
20131116 000000;1.9605;1.9605;1.9605;1.9605;0
20131117 000000;1.9605;1.9605;1.9605;1.9605;0
20131118 000000;1.9716;1.9716;1.9716;1.9716;0
20131119 000000;1.9669;1.9669;1.9669;1.9669;0
20131120 000000;1.9689;1.9689;1.9689;1.9689;0
20131121 000000;1.9579;1.9579;1.9579;1.9579;0
20131122 000000;1.9626;1.9626;1.9626;1.9626;0
20131123 000000;1.9626;1.9626;1.9626;1.9626;0
20131124 000000;1.9626;1.9626;1.9626;1.9626;0
20131125 000000;1.9645;1.9645;1.9645;1.9645;0
20131126 000000;1.9656;1.9656;1.9656;1.9656;0
20131127 000000;1.9707;1.9707;1.9707;1.9707;0
20131128 000000;1.9744;1.9744;1.9744;1.9744;0
20131129 000000;1.9723;1.9723;1.9723;1.9723;0
20131130 000000;1.9723;1.9723;1.9723;1.9723;0
20131201 000000;1.9723;1.9723;1.9723;1.9723;0
20131202 000000;1.9672;1.9672;1.9672;1.9672;0
20131203 000000;1.968;1.968;1.968;1.968;0
20131204 000000;1.972;1.972;1.972;1.972;0
20131205 000000;1.9767;1.9767;1.9767;1.9767;0
20131206 000000;1.9816;1.9816;1.9816;1.9816;0
20131207 000000;1.9816;1.9816;1.9816;1.9816;0
20131208 000000;1.9816;1.9816;1.9816;1.9816;0
20131209 000000;1.9904;1.9904;1.9904;1.9904;0
20131210 000000;1.9961;1.9961;1.9961;1.9961;0
20131211 000000;1.9977;1.9977;1.9977;1.9977;0
20131212 000000;2.0007;2.0007;2.0007;2.0007;0
20131213 000000;1.9946;1.9946;1.9946;1.9946;0
20131214 000000;1.9946;1.9946;1.9946;1.9946;0
20131215 000000;1.9946;1.9946;1.9946;1.9946;0
20131216 000000;2.0032;2.0032;2.0032;2.0032;0
20131217 000000;1.9975;1.9975;1.9975;1.9975;0
20131218 000000;1.998;1.998;1.998;1.998;0
20131219 000000;1.9888;1.9888;1.9888;1.9888;0
20131220 000000;1.99;1.99;1.99;1.99;0
20131221 000000;1.99;1.99;1.99;1.99;0
20131222 000000;1.99;1.99;1.99;1.99;0
20131223 000000;1.999;1.999;1.999;1.999;0
20131224 000000;2.0057;2.0057;2.0057;2.0057;0
20131225 000000;2.0057;2.0057;2.0057;2.0057;0
20131226 000000;2.0057;2.0057;2.0057;2.0057;0
20131227 000000;2.0195;2.0195;2.0195;2.0195;0
20131228 000000;2.0195;2.0195;2.0195;2.0195;0
20131229 000000;2.0195;2.0195;2.0195;2.0195;0
20131230 000000;2.014;2.014;2.014;2.014;0
20131231 000000;2.0097;2.0097;2.0097;2.0097;0
20140101 000000;2.0097;2.0097;2.0097;2.0097;0
20140102 000000;1.9822;1.9822;1.9822;1.9822;0
20140103 000000;1.9821;1.9821;1.9821;1.9821;0
20140104 000000;1.9821;1.9821;1.9821;1.9821;0
20140105 000000;1.9821;1.9821;1.9821;1.9821;0
20140106 000000;1.9712;1.9712;1.9712;1.9712;0
20140107 000000;1.9761;1.9761;1.9761;1.9761;0
20140108 000000;1.9692;1.9692;1.9692;1.9692;0
20140109 000000;1.9735;1.9735;1.9735;1.9735;0
20140110 000000;1.9696;1.9696;1.9696;1.9696;0
20140111 000000;1.9696;1.9696;1.9696;1.9696;0
20140112 000000;1.9696;1.9696;1.9696;1.9696;0
20140113 000000;1.9867;1.9867;1.9867;1.9867;0
20140114 000000;1.9897;1.9897;1.9897;1.9897;0
20140115 000000;1.9787;1.9787;1.9787;1.9787;0
20140116 000000;1.9754;1.9754;1.9754;1.9754;0
20140117 000000;1.9733;1.9733;1.9733;1.9733;0
20140118 000000;1.9733;1.9733;1.9733;1.9733;0
20140119 000000;1.9733;1.9733;1.9733;1.9733;0
20140120 000000;1.9749;1.9749;1.9749;1.9749;0
20140121 000000;1.9649;1.9649;1.9649;1.9649;0
20140122 000000;1.9714;1.9714;1.9714;1.9714;0
20140123 000000;1.9801;1.9801;1.9801;1.9801;0
20140124 000000;1.9679;1.9679;1.9679;1.9679;0
20140125 000000;1.9679;1.9679;1.9679;1.9679;0
20140126 000000;1.9679;1.9679;1.9679;1.9679;0
20140127 000000;1.9677;1.9677;1.9677;1.9677;0
20140128 000000;1.9705;1.9705;1.9705;1.9705;0
20140129 000000;1.9559;1.9559;1.9559;1.9559;0
20140130 000000;1.9451;1.9451;1.9451;1.9451;0
20140131 000000;1.9281;1.9281;1.9281;1.9281;0
20140201 000000;1.9281;1.9281;1.9281;1.9281;0
20140202 000000;1.9281;1.9281;1.9281;1.9281;0
20140203 000000;1.9364;1.9364;1.9364;1.9364;0
20140204 000000;1.9494;1.9494;1.9494;1.9494;0
20140205 000000;1.9567;1.9567;1.9567;1.9567;0
20140206 000000;1.9525;1.9525;1.9525;1.9525;0
20140207 000000;1.9656;1.9656;1.9656;1.9656;0
20140208 000000;1.9656;1.9656;1.9656;1.9656;0
20140209 000000;1.9656;1.9656;1.9656;1.9656;0
20140210 000000;1.9772;1.9772;1.9772;1.9772;0
20140211 000000;1.9816;1.9816;1.9816;1.9816;0
20140212 000000;1.9753;1.9753;1.9753;1.9753;0
20140213 000000;1.9898;1.9898;1.9898;1.9898;0
20140214 000000;2.0041;2.0041;2.0041;2.0041;0
20140215 000000;2.0041;2.0041;2.0041;2.0041;0
20140216 000000;2.0041;2.0041;2.0041;2.0041;0
20140217 000000;2.0031;2.0031;2.0031;2.0031;0
20140218 000000;2.0059;2.0059;2.0059;2.0059;0
20140219 000000;2.0012;2.0012;2.0012;2.0012;0
20140220 000000;1.995;1.995;1.995;1.995;0
20140221 000000;2.0042;2.0042;2.0042;2.0042;0
20140222 000000;2.0042;2.0042;2.0042;2.0042;0
20140223 000000;2.0042;2.0042;2.0042;2.0042;0
20140224 000000;2.0143;2.0143;2.0143;2.0143;0
20140225 000000;2.0282;2.0282;2.0282;2.0282;0
20140226 000000;2.0205;2.0205;2.0205;2.0205;0
20140227 000000;2.0031;2.0031;2.0031;2.0031;0
20140228 000000;2.0367;2.0367;2.0367;2.0367;0
20140301 000000;2.0367;2.0367;2.0367;2.0367;0
20140302 000000;2.0367;2.0367;2.0367;2.0367;0
20140303 000000;2.0175;2.0175;2.0175;2.0175;0
20140304 000000;2.0199;2.0199;2.0199;2.0199;0
20140305 000000;2.0136;2.0136;2.0136;2.0136;0
20140306 000000;2.0105;2.0105;2.0105;2.0105;0
20140307 000000;2.0303;2.0303;2.0303;2.0303;0
20140308 000000;2.0303;2.0303;2.0303;2.0303;0
20140309 000000;2.0303;2.0303;2.0303;2.0303;0
20140310 000000;2.0288;2.0288;2.0288;2.0288;0
20140311 000000;2.0166;2.0166;2.0166;2.0166;0
20140312 000000;2.0189;2.0189;2.0189;2.0189;0
20140313 000000;2.0261;2.0261;2.0261;2.0261;0
20140314 000000;2.0127;2.0127;2.0127;2.0127;0
20140315 000000;2.0127;2.0127;2.0127;2.0127;0
20140316 000000;2.0127;2.0127;2.0127;2.0127;0
20140317 000000;2.0345;2.0345;2.0345;2.0345;0
20140318 000000;2.0451;2.0451;2.0451;2.0451;0
20140319 000000;2.0535;2.0535;2.0535;2.0535;0
20140320 000000;2.0396;2.0396;2.0396;2.0396;0
20140321 000000;2.0439;2.0439;2.0439;2.0439;0
20140322 000000;2.0439;2.0439;2.0439;2.0439;0
20140323 000000;2.0439;2.0439;2.0439;2.0439;0
20140324 000000;2.0351;2.0351;2.0351;2.0351;0
20140325 000000;2.0371;2.0371;2.0371;2.0371;0
20140326 000000;2.0484;2.0484;2.0484;2.0484;0
20140327 000000;2.0444;2.0444;2.0444;2.0444;0
20140328 000000;2.0478;2.0478;2.0478;2.0478;0
20140329 000000;2.0478;2.0478;2.0478;2.0478;0
20140330 000000;2.0478;2.0478;2.0478;2.0478;0
20140331 000000;2.0555;2.0555;2.0555;2.0555;0
20140401 000000;2.0487;2.0487;2.0487;2.0487;0
20140402 000000;2.0486;2.0486;2.0486;2.0486;0
20140403 000000;2.0499;2.0499;2.0499;2.0499;0
20140404 000000;2.0434;2.0434;2.0434;2.0434;0
20140405 000000;2.0434;2.0434;2.0434;2.0434;0
20140406 000000;2.0434;2.0434;2.0434;2.0434;0
20140407 000000;2.0425;2.0425;2.0425;2.0425;0
20140408 000000;2.0466;2.0466;2.0466;2.0466;0
20140409 000000;2.0505;2.0505;2.0505;2.0505;0
20140410 000000;2.0664;2.0664;2.0664;2.0664;0
20140411 000000;2.0592;2.0592;2.0592;2.0592;0
20140412 000000;2.0592;2.0592;2.0592;2.0592;0
20140413 000000;2.0592;2.0592;2.0592;2.0592;0
20140414 000000;2.0562;2.0562;2.0562;2.0562;0
20140415 000000;2.0509;2.0509;2.0509;2.0509;0
20140416 000000;2.0527;2.0527;2.0527;2.0527;0
20140417 000000;2.0542;2.0542;2.0542;2.0542;0
20140418 000000;2.0542;2.0542;2.0542;2.0542;0
20140419 000000;2.0542;2.0542;2.0542;2.0542;0
20140420 000000;2.0542;2.0542;2.0542;2.0542;0
20140421 000000;2.0542;2.0542;2.0542;2.0542;0
20140422 000000;2.0564;2.0564;2.0564;2.0564;0
20140423 000000;2.0577;2.0577;2.0577;2.0577;0
20140424 000000;2.0609;2.0609;2.0609;2.0609;0
20140425 000000;2.0586;2.0586;2.0586;2.0586;0
20140426 000000;2.0586;2.0586;2.0586;2.0586;0
20140427 000000;2.0586;2.0586;2.0586;2.0586;0
20140428 000000;2.0606;2.0606;2.0606;2.0606;0
20140429 000000;2.0603;2.0603;2.0603;2.0603;0
20140430 000000;2.0635;2.0635;2.0635;2.0635;0
20140501 000000;2.0635;2.0635;2.0635;2.0635;0
20140502 000000;2.0643;2.0643;2.0643;2.0643;0
20140503 000000;2.0643;2.0643;2.0643;2.0643;0
20140504 000000;2.0643;2.0643;2.0643;2.0643;0
20140505 000000;2.0587;2.0587;2.0587;2.0587;0
20140506 000000;2.0664;2.0664;2.0664;2.0664;0
20140507 000000;2.0676;2.0676;2.0676;2.0676;0
20140508 000000;2.0722;2.0722;2.0722;2.0722;0
20140509 000000;2.052;2.052;2.052;2.052;0
20140510 000000;2.052;2.052;2.052;2.052;0
20140511 000000;2.052;2.052;2.052;2.052;0
20140512 000000;2.053;2.053;2.053;2.053;0
20140513 000000;2.0398;2.0398;2.0398;2.0398;0
20140514 000000;2.0402;2.0402;2.0402;2.0402;0
20140515 000000;2.036;2.036;2.036;2.036;0
20140516 000000;2.0375;2.0375;2.0375;2.0375;0
20140517 000000;2.0375;2.0375;2.0375;2.0375;0
20140518 000000;2.0375;2.0375;2.0375;2.0375;0
20140519 000000;2.0432;2.0432;2.0432;2.0432;0
20140520 000000;2.0402;2.0402;2.0402;2.0402;0
20140521 000000;2.0353;2.0353;2.0353;2.0353;0
20140522 000000;2.0406;2.0406;2.0406;2.0406;0
20140523 000000;2.0422;2.0422;2.0422;2.0422;0
20140524 000000;2.0422;2.0422;2.0422;2.0422;0
20140525 000000;2.0422;2.0422;2.0422;2.0422;0
20140526 000000;2.0474;2.0474;2.0474;2.0474;0
20140527 000000;2.0469;2.0469;2.0469;2.0469;0
20140528 000000;2.048;2.048;2.048;2.048;0
20140529 000000;2.0491;2.0491;2.0491;2.0491;0
20140530 000000;2.0532;2.0532;2.0532;2.0532;0
20140531 000000;2.0532;2.0532;2.0532;2.0532;0
20140601 000000;2.0532;2.0532;2.0532;2.0532;0
20140602 000000;2.0545;2.0545;2.0545;2.0545;0
20140603 000000;2.0573;2.0573;2.0573;2.0573;0
20140604 000000;2.0548;2.0548;2.0548;2.0548;0
20140605 000000;2.0601;2.0601;2.0601;2.0601;0
20140606 000000;2.072;2.072;2.072;2.072;0
20140607 000000;2.072;2.072;2.072;2.072;0
20140608 000000;2.072;2.072;2.072;2.072;0
20140609 000000;2.0717;2.0717;2.0717;2.0717;0
20140610 000000;2.0539;2.0539;2.0539;2.0539;0
20140611 000000;2.051;2.051;2.051;2.051;0
20140612 000000;2.0499;2.0499;2.0499;2.0499;0
20140613 000000;2.0361;2.0361;2.0361;2.0361;0
20140614 000000;2.0361;2.0361;2.0361;2.0361;0
20140615 000000;2.0361;2.0361;2.0361;2.0361;0
20140616 000000;2.0337;2.0337;2.0337;2.0337;0
20140617 000000;2.0423;2.0423;2.0423;2.0423;0
20140618 000000;2.039;2.039;2.039;2.039;0
20140619 000000;2.0539;2.0539;2.0539;2.0539;0
20140620 000000;2.0334;2.0334;2.0334;2.0334;0
20140621 000000;2.0334;2.0334;2.0334;2.0334;0
20140622 000000;2.0334;2.0334;2.0334;2.0334;0
20140623 000000;2.0397;2.0397;2.0397;2.0397;0
20140624 000000;2.0427;2.0427;2.0427;2.0427;0
20140625 000000;2.0452;2.0452;2.0452;2.0452;0
20140626 000000;2.0443;2.0443;2.0443;2.0443;0
20140627 000000;2.0396;2.0396;2.0396;2.0396;0
20140628 000000;2.0396;2.0396;2.0396;2.0396;0
20140629 000000;2.0396;2.0396;2.0396;2.0396;0
20140630 000000;2.0382;2.0382;2.0382;2.0382;0
20140701 000000;2.0413;2.0413;2.0413;2.0413;0
20140702 000000;2.0459;2.0459;2.0459;2.0459;0
20140703 000000;2.0441;2.0441;2.0441;2.0441;0
20140704 000000;2.0369;2.0369;2.0369;2.0369;0
20140705 000000;2.0369;2.0369;2.0369;2.0369;0
20140706 000000;2.0369;2.0369;2.0369;2.0369;0
20140707 000000;2.0353;2.0353;2.0353;2.0353;0
20140708 000000;2.0385;2.0385;2.0385;2.0385;0
20140709 000000;2.043;2.043;2.043;2.043;0
20140710 000000;2.0377;2.0377;2.0377;2.0377;0
20140711 000000;2.0362;2.0362;2.0362;2.0362;0
20140712 000000;2.0362;2.0362;2.0362;2.0362;0
20140713 000000;2.0362;2.0362;2.0362;2.0362;0
20140714 000000;2.0432;2.0432;2.0432;2.0432;0
20140715 000000;2.0394;2.0394;2.0394;2.0394;0
20140716 000000;2.0297;2.0297;2.0297;2.0297;0
20140717 000000;2.0251;2.0251;2.0251;2.0251;0
20140718 000000;2.0246;2.0246;2.0246;2.0246;0
20140719 000000;2.0246;2.0246;2.0246;2.0246;0
20140720 000000;2.0246;2.0246;2.0246;2.0246;0
20140721 000000;2.0225;2.0225;2.0225;2.0225;0
20140722 000000;2.0171;2.0171;2.0171;2.0171;0
20140723 000000;2.0192;2.0192;2.0192;2.0192;0
20140724 000000;2.0156;2.0156;2.0156;2.0156;0
20140725 000000;2.0097;2.0097;2.0097;2.0097;0
20140726 000000;2.0097;2.0097;2.0097;2.0097;0
20140727 000000;2.0097;2.0097;2.0097;2.0097;0
20140728 000000;2.0057;2.0057;2.0057;2.0057;0
20140729 000000;1.9991;1.9991;1.9991;1.9991;0
20140730 000000;1.9922;1.9922;1.9922;1.9922;0
20140731 000000;1.9817;1.9817;1.9817;1.9817;0
20140801 000000;1.9761;1.9761;1.9761;1.9761;0
20140802 000000;1.9761;1.9761;1.9761;1.9761;0
20140803 000000;1.9761;1.9761;1.9761;1.9761;0
20140804 000000;1.9882;1.9882;1.9882;1.9882;0
20140805 000000;1.9781;1.9781;1.9781;1.9781;0
20140806 000000;1.9561;1.9561;1.9561;1.9561;0
20140807 000000;1.9592;1.9592;1.9592;1.9592;0
20140808 000000;1.9625;1.9625;1.9625;1.9625;0
20140809 000000;1.9625;1.9625;1.9625;1.9625;0
20140810 000000;1.9625;1.9625;1.9625;1.9625;0
20140811 000000;1.962;1.962;1.962;1.962;0
20140812 000000;1.9536;1.9536;1.9536;1.9536;0
20140813 000000;1.9601;1.9601;1.9601;1.9601;0
20140814 000000;1.9686;1.9686;1.9686;1.9686;0
20140815 000000;1.9704;1.9704;1.9704;1.9704;0
20140816 000000;1.9704;1.9704;1.9704;1.9704;0
20140817 000000;1.9704;1.9704;1.9704;1.9704;0
20140818 000000;1.9642;1.9642;1.9642;1.9642;0
20140819 000000;1.9579;1.9579;1.9579;1.9579;0
20140820 000000;1.9499;1.9499;1.9499;1.9499;0
20140821 000000;1.9482;1.9482;1.9482;1.9482;0
20140822 000000;1.9498;1.9498;1.9498;1.9498;0
20140823 000000;1.9498;1.9498;1.9498;1.9498;0
20140824 000000;1.9498;1.9498;1.9498;1.9498;0
20140825 000000;1.9443;1.9443;1.9443;1.9443;0
20140826 000000;1.9428;1.9428;1.9428;1.9428;0
20140827 000000;1.9289;1.9289;1.9289;1.9289;0
20140828 000000;1.9204;1.9204;1.9204;1.9204;0
20140829 000000;1.9212;1.9212;1.9212;1.9212;0
20140830 000000;1.9212;1.9212;1.9212;1.9212;0
20140831 000000;1.9212;1.9212;1.9212;1.9212;0
20140901 000000;1.9172;1.9172;1.9172;1.9172;0
20140902 000000;1.9133;1.9133;1.9133;1.9133;0
20140903 000000;1.9275;1.9275;1.9275;1.9275;0
20140904 000000;1.9089;1.9089;1.9089;1.9089;0
20140905 000000;1.8963;1.8963;1.8963;1.8963;0
20140906 000000;1.8963;1.8963;1.8963;1.8963;0
20140907 000000;1.8963;1.8963;1.8963;1.8963;0
20140908 000000;1.9037;1.9037;1.9037;1.9037;0
20140909 000000;1.8838;1.8838;1.8838;1.8838;0
20140910 000000;1.8855;1.8855;1.8855;1.8855;0
20140911 000000;1.8874;1.8874;1.8874;1.8874;0
20140912 000000;1.8894;1.8894;1.8894;1.8894;0
20140913 000000;1.8894;1.8894;1.8894;1.8894;0
20140914 000000;1.8894;1.8894;1.8894;1.8894;0
20140915 000000;1.8894;1.8894;1.8894;1.8894;0
20140916 000000;1.8967;1.8967;1.8967;1.8967;0
20140917 000000;1.8996;1.8996;1.8996;1.8996;0
20140918 000000;1.8854;1.8854;1.8854;1.8854;0
20140919 000000;1.8846;1.8846;1.8846;1.8846;0
20140920 000000;1.8846;1.8846;1.8846;1.8846;0
20140921 000000;1.8846;1.8846;1.8846;1.8846;0
20140922 000000;1.8864;1.8864;1.8864;1.8864;0
20140923 000000;1.8954;1.8954;1.8954;1.8954;0
20140924 000000;1.8879;1.8879;1.8879;1.8879;0
20140925 000000;1.8677;1.8677;1.8677;1.8677;0
20140926 000000;1.8656;1.8656;1.8656;1.8656;0
20140927 000000;1.8656;1.8656;1.8656;1.8656;0
20140928 000000;1.8656;1.8656;1.8656;1.8656;0
20140929 000000;1.8682;1.8682;1.8682;1.8682;0
20140930 000000;1.8494;1.8494;1.8494;1.8494;0
20141001 000000;1.8506;1.8506;1.8506;1.8506;0
20141002 000000;1.8572;1.8572;1.8572;1.8572;0
20141003 000000;1.8532;1.8532;1.8532;1.8532;0
20141004 000000;1.8532;1.8532;1.8532;1.8532;0
20141005 000000;1.8532;1.8532;1.8532;1.8532;0
20141006 000000;1.8437;1.8437;1.8437;1.8437;0
20141007 000000;1.85;1.85;1.85;1.85;0
20141008 000000;1.8518;1.8518;1.8518;1.8518;0
20141009 000000;1.8743;1.8743;1.8743;1.8743;0
20141010 000000;1.8521;1.8521;1.8521;1.8521;0
20141011 000000;1.8521;1.8521;1.8521;1.8521;0
20141012 000000;1.8521;1.8521;1.8521;1.8521;0
20141013 000000;1.8533;1.8533;1.8533;1.8533;0
20141014 000000;1.843;1.843;1.843;1.843;0
20141015 000000;1.8441;1.8441;1.8441;1.8441;0
20141016 000000;1.8463;1.8463;1.8463;1.8463;0
20141017 000000;1.8561;1.8561;1.8561;1.8561;0
20141018 000000;1.8561;1.8561;1.8561;1.8561;0
20141019 000000;1.8561;1.8561;1.8561;1.8561;0
20141020 000000;1.8521;1.8521;1.8521;1.8521;0
20141021 000000;1.8525;1.8525;1.8525;1.8525;0
20141022 000000;1.8386;1.8386;1.8386;1.8386;0
20141023 000000;1.8336;1.8336;1.8336;1.8336;0
20141024 000000;1.8332;1.8332;1.8332;1.8332;0
20141025 000000;1.8332;1.8332;1.8332;1.8332;0
20141026 000000;1.8332;1.8332;1.8332;1.8332;0
20141027 000000;1.836;1.836;1.836;1.836;0
20141028 000000;1.8417;1.8417;1.8417;1.8417;0
20141029 000000;1.8423;1.8423;1.8423;1.8423;0
20141030 000000;1.8268;1.8268;1.8268;1.8268;0
20141031 000000;1.8152;1.8152;1.8152;1.8152;0
20141101 000000;1.8152;1.8152;1.8152;1.8152;0
20141102 000000;1.8152;1.8152;1.8152;1.8152;0
20141103 000000;1.8121;1.8121;1.8121;1.8121;0
20141104 000000;1.8116;1.8116;1.8116;1.8116;0
20141105 000000;1.8025;1.8025;1.8025;1.8025;0
20141106 000000;1.8127;1.8127;1.8127;1.8127;0
20141107 000000;1.7944;1.7944;1.7944;1.7944;0
20141108 000000;1.7944;1.7944;1.7944;1.7944;0
20141109 000000;1.7944;1.7944;1.7944;1.7944;0
20141110 000000;1.813;1.813;1.813;1.813;0
20141111 000000;1.8013;1.8013;1.8013;1.8013;0
20141112 000000;1.8103;1.8103;1.8103;1.8103;0
20141113 000000;1.805;1.805;1.805;1.805;0
20141114 000000;1.8023;1.8023;1.8023;1.8023;0
20141115 000000;1.8023;1.8023;1.8023;1.8023;0
20141116 000000;1.8023;1.8023;1.8023;1.8023;0
20141117 000000;1.8117;1.8117;1.8117;1.8117;0
20141118 000000;1.8178;1.8178;1.8178;1.8178;0
20141119 000000;1.8185;1.8185;1.8185;1.8185;0
20141120 000000;1.8231;1.8231;1.8231;1.8231;0
20141121 000000;1.8102;1.8102;1.8102;1.8102;0
20141122 000000;1.8102;1.8102;1.8102;1.8102;0
20141123 000000;1.8102;1.8102;1.8102;1.8102;0
20141124 000000;1.817;1.817;1.817;1.817;0
20141125 000000;1.8212;1.8212;1.8212;1.8212;0
20141126 000000;1.832;1.832;1.832;1.832;0
20141127 000000;1.8329;1.8329;1.8329;1.8329;0
20141128 000000;1.8326;1.8326;1.8326;1.8326;0
20141129 000000;1.8326;1.8326;1.8326;1.8326;0
20141130 000000;1.8326;1.8326;1.8326;1.8326;0
20141201 000000;1.8367;1.8367;1.8367;1.8367;0
20141202 000000;1.8352;1.8352;1.8352;1.8352;0
20141203 000000;1.821;1.821;1.821;1.821;0
20141204 000000;1.8209;1.8209;1.8209;1.8209;0
20141205 000000;1.827;1.827;1.827;1.827;0
20141206 000000;1.827;1.827;1.827;1.827;0
20141207 000000;1.827;1.827;1.827;1.827;0
20141208 000000;1.8184;1.8184;1.8184;1.8184;0
20141209 000000;1.84;1.84;1.84;1.84;0
20141210 000000;1.8387;1.8387;1.8387;1.8387;0
20141211 000000;1.8402;1.8402;1.8402;1.8402;0
20141212 000000;1.8461;1.8461;1.8461;1.8461;0
20141213 000000;1.8461;1.8461;1.8461;1.8461;0
20141214 000000;1.8461;1.8461;1.8461;1.8461;0
20141215 000000;1.8419;1.8419;1.8419;1.8419;0
20141216 000000;1.8455;1.8455;1.8455;1.8455;0
20141217 000000;1.8255;1.8255;1.8255;1.8255;0
20141218 000000;1.8001;1.8001;1.8001;1.8001;0
20141219 000000;1.7876;1.7876;1.7876;1.7876;0
20141220 000000;1.7876;1.7876;1.7876;1.7876;0
20141221 000000;1.7876;1.7876;1.7876;1.7876;0
20141222 000000;1.7877;1.7877;1.7877;1.7877;0
20141223 000000;1.7779;1.7779;1.7779;1.7779;0
20141224 000000;1.7635;1.7635;1.7635;1.7635;0
20141225 000000;1.7635;1.7635;1.7635;1.7635;0
20141226 000000;1.7635;1.7635;1.7635;1.7635;0
20141227 000000;1.7635;1.7635;1.7635;1.7635;0
20141228 000000;1.7635;1.7635;1.7635;1.7635;0
20141229 000000;1.7646;1.7646;1.7646;1.7646;0
20141230 000000;1.7503;1.7503;1.7503;1.7503;0
20141231 000000;1.7635;1.7635;1.7635;1.7635;0
20150101 000000;1.7635;1.7635;1.7635;1.7635;0
20150102 000000;1.7364;1.7364;1.7364;1.7364;0
20150103 000000;1.7364;1.7364;1.7364;1.7364;0
20150104 000000;1.7364;1.7364;1.7364;1.7364;0
20150105 000000;1.7244;1.7244;1.7244;1.7244;0
20150106 000000;1.7184;1.7184;1.7184;1.7184;0
20150107 000000;1.7053;1.7053;1.7053;1.7053;0
20150108 000000;1.7051;1.7051;1.7051;1.7051;0
20150109 000000;1.7172;1.7172;1.7172;1.7172;0
20150110 000000;1.7172;1.7172;1.7172;1.7172;0
20150111 000000;1.7172;1.7172;1.7172;1.7172;0
20150112 000000;1.7115;1.7115;1.7115;1.7115;0
20150113 000000;1.7053;1.7053;1.7053;1.7053;0
20150114 000000;1.7024;1.7024;1.7024;1.7024;0
20150115 000000;1.6859;1.6859;1.6859;1.6859;0
20150116 000000;1.6658;1.6658;1.6658;1.6658;0
20150117 000000;1.6658;1.6658;1.6658;1.6658;0
20150118 000000;1.6658;1.6658;1.6658;1.6658;0
20150119 000000;1.6724;1.6724;1.6724;1.6724;0
20150120 000000;1.6626;1.6626;1.6626;1.6626;0
20150121 000000;1.6726;1.6726;1.6726;1.6726;0
20150122 000000;1.6779;1.6779;1.6779;1.6779;0
20150123 000000;1.6498;1.6498;1.6498;1.6498;0
20150124 000000;1.6498;1.6498;1.6498;1.6498;0
20150125 000000;1.6498;1.6498;1.6498;1.6498;0
20150126 000000;1.6681;1.6681;1.6681;1.6681;0
20150127 000000;1.6691;1.6691;1.6691;1.6691;0
20150128 000000;1.6728;1.6728;1.6728;1.6728;0
20150129 000000;1.6698;1.6698;1.6698;1.6698;0
20150130 000000;1.6789;1.6789;1.6789;1.6789;0
20150131 000000;1.6789;1.6789;1.6789;1.6789;0
20150201 000000;1.6789;1.6789;1.6789;1.6789;0
20150202 000000;1.6943;1.6943;1.6943;1.6943;0
20150203 000000;1.7102;1.7102;1.7102;1.7102;0
20150204 000000;1.7191;1.7191;1.7191;1.7191;0
20150205 000000;1.7118;1.7118;1.7118;1.7118;0
20150206 000000;1.7175;1.7175;1.7175;1.7175;0
20150207 000000;1.7175;1.7175;1.7175;1.7175;0
20150208 000000;1.7175;1.7175;1.7175;1.7175;0
20150209 000000;1.684;1.684;1.684;1.684;0
20150210 000000;1.6785;1.6785;1.6785;1.6785;0
20150211 000000;1.6745;1.6745;1.6745;1.6745;0
20150212 000000;1.6874;1.6874;1.6874;1.6874;0
20150213 000000;1.7001;1.7001;1.7001;1.7001;0
20150214 000000;1.7001;1.7001;1.7001;1.7001;0
20150215 000000;1.7001;1.7001;1.7001;1.7001;0
20150216 000000;1.7042;1.7042;1.7042;1.7042;0
20150217 000000;1.7053;1.7053;1.7053;1.7053;0
20150218 000000;1.6973;1.6973;1.6973;1.6973;0
20150219 000000;1.7083;1.7083;1.7083;1.7083;0
20150220 000000;1.6895;1.6895;1.6895;1.6895;0
20150221 000000;1.6895;1.6895;1.6895;1.6895;0
20150222 000000;1.6895;1.6895;1.6895;1.6895;0
20150223 000000;1.6932;1.6932;1.6932;1.6932;0
20150224 000000;1.7004;1.7004;1.7004;1.7004;0
20150225 000000;1.7067;1.7067;1.7067;1.7067;0
20150226 000000;1.7053;1.7053;1.7053;1.7053;0
20150227 000000;1.6975;1.6975;1.6975;1.6975;0
20150228 000000;1.6975;1.6975;1.6975;1.6975;0
20150301 000000;1.6975;1.6975;1.6975;1.6975;0
20150302 000000;1.6952;1.6952;1.6952;1.6952;0
20150303 000000;1.6845;1.6845;1.6845;1.6845;0
20150304 000000;1.6712;1.6712;1.6712;1.6712;0
20150305 000000;1.676;1.676;1.676;1.676;0
20150306 000000;1.6672;1.6672;1.6672;1.6672;0
20150307 000000;1.6672;1.6672;1.6672;1.6672;0
20150308 000000;1.6672;1.6672;1.6672;1.6672;0
20150309 000000;1.6521;1.6521;1.6521;1.6521;0
20150310 000000;1.6253;1.6253;1.6253;1.6253;0
20150311 000000;1.6015;1.6015;1.6015;1.6015;0
20150312 000000;1.6064;1.6064;1.6064;1.6064;0
20150313 000000;1.593;1.593;1.593;1.593;0
20150314 000000;1.593;1.593;1.593;1.593;0
20150315 000000;1.593;1.593;1.593;1.593;0
20150316 000000;1.6015;1.6015;1.6015;1.6015;0
20150317 000000;1.6058;1.6058;1.6058;1.6058;0
20150318 000000;1.5912;1.5912;1.5912;1.5912;0
20150319 000000;1.6019;1.6019;1.6019;1.6019;0
20150320 000000;1.6201;1.6201;1.6201;1.6201;0
20150321 000000;1.6201;1.6201;1.6201;1.6201;0
20150322 000000;1.6201;1.6201;1.6201;1.6201;0
20150323 000000;1.6453;1.6453;1.6453;1.6453;0
20150324 000000;1.6528;1.6528;1.6528;1.6528;0
20150325 000000;1.6703;1.6703;1.6703;1.6703;0
20150326 000000;1.6724;1.6724;1.6724;1.6724;0
20150327 000000;1.6467;1.6467;1.6467;1.6467;0
20150328 000000;1.6467;1.6467;1.6467;1.6467;0
20150329 000000;1.6467;1.6467;1.6467;1.6467;0
20150330 000000;1.6445;1.6445;1.6445;1.6445;0
20150331 000000;1.6329;1.6329;1.6329;1.6329;0
20150401 000000;1.6416;1.6416;1.6416;1.6416;0
20150402 000000;1.6509;1.6509;1.6509;1.6509;0
20150403 000000;1.6509;1.6509;1.6509;1.6509;0
20150404 000000;1.6509;1.6509;1.6509;1.6509;0
20150405 000000;1.6509;1.6509;1.6509;1.6509;0
20150406 000000;1.6509;1.6509;1.6509;1.6509;0
20150407 000000;1.6571;1.6571;1.6571;1.6571;0
20150408 000000;1.6773;1.6773;1.6773;1.6773;0
20150409 000000;1.6646;1.6646;1.6646;1.6646;0
20150410 000000;1.6333;1.6333;1.6333;1.6333;0
20150411 000000;1.6333;1.6333;1.6333;1.6333;0
20150412 000000;1.6333;1.6333;1.6333;1.6333;0
20150413 000000;1.6332;1.6332;1.6332;1.6332;0
20150414 000000;1.6365;1.6365;1.6365;1.6365;0
20150415 000000;1.6338;1.6338;1.6338;1.6338;0
20150416 000000;1.6467;1.6467;1.6467;1.6467;0
20150417 000000;1.6675;1.6675;1.6675;1.6675;0
20150418 000000;1.6675;1.6675;1.6675;1.6675;0
20150419 000000;1.6675;1.6675;1.6675;1.6675;0
20150420 000000;1.6681;1.6681;1.6681;1.6681;0
20150421 000000;1.6722;1.6722;1.6722;1.6722;0
20150422 000000;1.6627;1.6627;1.6627;1.6627;0
20150423 000000;1.6614;1.6614;1.6614;1.6614;0
20150424 000000;1.6709;1.6709;1.6709;1.6709;0
20150425 000000;1.6709;1.6709;1.6709;1.6709;0
20150426 000000;1.6709;1.6709;1.6709;1.6709;0
20150427 000000;1.6812;1.6812;1.6812;1.6812;0
20150428 000000;1.6945;1.6945;1.6945;1.6945;0
20150429 000000;1.7002;1.7002;1.7002;1.7002;0
20150430 000000;1.7284;1.7284;1.7284;1.7284;0
20150501 000000;1.7284;1.7284;1.7284;1.7284;0
20150502 000000;1.7284;1.7284;1.7284;1.7284;0
20150503 000000;1.7284;1.7284;1.7284;1.7284;0
20150504 000000;1.7106;1.7106;1.7106;1.7106;0
20150505 000000;1.7159;1.7159;1.7159;1.7159;0
20150506 000000;1.72;1.72;1.72;1.72;0
20150507 000000;1.7332;1.7332;1.7332;1.7332;0
20150508 000000;1.7119;1.7119;1.7119;1.7119;0
20150509 000000;1.7119;1.7119;1.7119;1.7119;0
20150510 000000;1.7119;1.7119;1.7119;1.7119;0
20150511 000000;1.7014;1.7014;1.7014;1.7014;0
20150512 000000;1.7018;1.7018;1.7018;1.7018;0
20150513 000000;1.7034;1.7034;1.7034;1.7034;0
20150514 000000;1.7344;1.7344;1.7344;1.7344;0
20150515 000000;1.7382;1.7382;1.7382;1.7382;0
20150516 000000;1.7382;1.7382;1.7382;1.7382;0
20150517 000000;1.7382;1.7382;1.7382;1.7382;0
20150518 000000;1.7398;1.7398;1.7398;1.7398;0
20150519 000000;1.7138;1.7138;1.7138;1.7138;0
20150520 000000;1.6967;1.6967;1.6967;1.6967;0
20150521 000000;1.6841;1.6841;1.6841;1.6841;0
20150522 000000;1.6875;1.6875;1.6875;1.6875;0
20150523 000000;1.6875;1.6875;1.6875;1.6875;0
20150524 000000;1.6875;1.6875;1.6875;1.6875;0
20150525 000000;1.6579;1.6579;1.6579;1.6579;0
20150526 000000;1.6377;1.6377;1.6377;1.6377;0
20150527 000000;1.6291;1.6291;1.6291;1.6291;0
20150528 000000;1.6365;1.6365;1.6365;1.6365;0
20150529 000000;1.6464;1.6464;1.6464;1.6464;0
20150530 000000;1.6464;1.6464;1.6464;1.6464;0
20150531 000000;1.6464;1.6464;1.6464;1.6464;0
20150601 000000;1.6404;1.6404;1.6404;1.6404;0
20150602 000000;1.6556;1.6556;1.6556;1.6556;0
20150603 000000;1.6729;1.6729;1.6729;1.6729;0
20150604 000000;1.6832;1.6832;1.6832;1.6832;0
20150605 000000;1.6794;1.6794;1.6794;1.6794;0
20150606 000000;1.6794;1.6794;1.6794;1.6794;0
20150607 000000;1.6794;1.6794;1.6794;1.6794;0
20150608 000000;1.6673;1.6673;1.6673;1.6673;0
20150609 000000;1.6758;1.6758;1.6758;1.6758;0
20150610 000000;1.6869;1.6869;1.6869;1.6869;0
20150611 000000;1.6835;1.6835;1.6835;1.6835;0
20150612 000000;1.6786;1.6786;1.6786;1.6786;0
20150613 000000;1.6786;1.6786;1.6786;1.6786;0
20150614 000000;1.6786;1.6786;1.6786;1.6786;0
20150615 000000;1.6754;1.6754;1.6754;1.6754;0
20150616 000000;1.6804;1.6804;1.6804;1.6804;0
20150617 000000;1.6839;1.6839;1.6839;1.6839;0
20150618 000000;1.6989;1.6989;1.6989;1.6989;0
20150619 000000;1.6813;1.6813;1.6813;1.6813;0
20150620 000000;1.6813;1.6813;1.6813;1.6813;0
20150621 000000;1.6813;1.6813;1.6813;1.6813;0
20150622 000000;1.6924;1.6924;1.6924;1.6924;0
20150623 000000;1.6677;1.6677;1.6677;1.6677;0
20150624 000000;1.6707;1.6707;1.6707;1.6707;0
20150625 000000;1.6675;1.6675;1.6675;1.6675;0
20150626 000000;1.6657;1.6657;1.6657;1.6657;0
20150627 000000;1.6657;1.6657;1.6657;1.6657;0
20150628 000000;1.6657;1.6657;1.6657;1.6657;0
20150629 000000;1.6499;1.6499;1.6499;1.6499;0
20150630 000000;1.6551;1.6551;1.6551;1.6551;0
20150701 000000;1.6429;1.6429;1.6429;1.6429;0
20150702 000000;1.6376;1.6376;1.6376;1.6376;0
20150703 000000;1.6412;1.6412;1.6412;1.6412;0
20150704 000000;1.6412;1.6412;1.6412;1.6412;0
20150705 000000;1.6412;1.6412;1.6412;1.6412;0
20150706 000000;1.6269;1.6269;1.6269;1.6269;0
20150707 000000;1.6188;1.6188;1.6188;1.6188;0
20150708 000000;1.6206;1.6206;1.6206;1.6206;0
20150709 000000;1.629;1.629;1.629;1.629;0
20150710 000000;1.6633;1.6633;1.6633;1.6633;0
20150711 000000;1.6633;1.6633;1.6633;1.6633;0
20150712 000000;1.6633;1.6633;1.6633;1.6633;0
20150713 000000;1.6542;1.6542;1.6542;1.6542;0
20150714 000000;1.6501;1.6501;1.6501;1.6501;0
20150715 000000;1.6555;1.6555;1.6555;1.6555;0
20150716 000000;1.6429;1.6429;1.6429;1.6429;0
20150717 000000;1.647;1.647;1.647;1.647;0
20150718 000000;1.647;1.647;1.647;1.647;0
20150719 000000;1.647;1.647;1.647;1.647;0
20150720 000000;1.6365;1.6365;1.6365;1.6365;0
20150721 000000;1.6403;1.6403;1.6403;1.6403;0
20150722 000000;1.6428;1.6428;1.6428;1.6428;0
20150723 000000;1.6566;1.6566;1.6566;1.6566;0
20150724 000000;1.6451;1.6451;1.6451;1.6451;0
20150725 000000;1.6451;1.6451;1.6451;1.6451;0
20150726 000000;1.6451;1.6451;1.6451;1.6451;0
20150727 000000;1.6633;1.6633;1.6633;1.6633;0
20150728 000000;1.661;1.661;1.661;1.661;0
20150729 000000;1.6546;1.6546;1.6546;1.6546;0
20150730 000000;1.6421;1.6421;1.6421;1.6421;0
20150731 000000;1.6436;1.6436;1.6436;1.6436;0
20150801 000000;1.6436;1.6436;1.6436;1.6436;0
20150802 000000;1.6436;1.6436;1.6436;1.6436;0
20150803 000000;1.6387;1.6387;1.6387;1.6387;0
20150804 000000;1.6421;1.6421;1.6421;1.6421;0
20150805 000000;1.6207;1.6207;1.6207;1.6207;0
20150806 000000;1.6153;1.6153;1.6153;1.6153;0
20150807 000000;1.6233;1.6233;1.6233;1.6233;0
20150808 000000;1.6233;1.6233;1.6233;1.6233;0
20150809 000000;1.6233;1.6233;1.6233;1.6233;0
20150810 000000;1.6217;1.6217;1.6217;1.6217;0
20150811 000000;1.6659;1.6659;1.6659;1.6659;0
20150812 000000;1.7005;1.7005;1.7005;1.7005;0
20150813 000000;1.6971;1.6971;1.6971;1.6971;0
20150814 000000;1.7055;1.7055;1.7055;1.7055;0
20150815 000000;1.7055;1.7055;1.7055;1.7055;0
20150816 000000;1.7055;1.7055;1.7055;1.7055;0
20150817 000000;1.7019;1.7019;1.7019;1.7019;0
20150818 000000;1.6989;1.6989;1.6989;1.6989;0
20150819 000000;1.6921;1.6921;1.6921;1.6921;0
20150820 000000;1.7051;1.7051;1.7051;1.7051;0
20150821 000000;1.7143;1.7143;1.7143;1.7143;0
20150822 000000;1.7143;1.7143;1.7143;1.7143;0
20150823 000000;1.7143;1.7143;1.7143;1.7143;0
20150824 000000;1.7356;1.7356;1.7356;1.7356;0
20150825 000000;1.7467;1.7467;1.7467;1.7467;0
20150826 000000;1.7272;1.7272;1.7272;1.7272;0
20150827 000000;1.7065;1.7065;1.7065;1.7065;0
20150828 000000;1.6979;1.6979;1.6979;1.6979;0
20150829 000000;1.6979;1.6979;1.6979;1.6979;0
20150830 000000;1.6979;1.6979;1.6979;1.6979;0
20150831 000000;1.6926;1.6926;1.6926;1.6926;0
20150901 000000;1.6876;1.6876;1.6876;1.6876;0
20150902 000000;1.6888;1.6888;1.6888;1.6888;0
20150903 000000;1.686;1.686;1.686;1.686;0
20150904 000000;1.6743;1.6743;1.6743;1.6743;0
20150905 000000;1.6743;1.6743;1.6743;1.6743;0
20150906 000000;1.6743;1.6743;1.6743;1.6743;0
20150907 000000;1.6775;1.6775;1.6775;1.6775;0
20150908 000000;1.6815;1.6815;1.6815;1.6815;0
20150909 000000;1.6889;1.6889;1.6889;1.6889;0
20150910 000000;1.6933;1.6933;1.6933;1.6933;0
20150911 000000;1.707;1.707;1.707;1.707;0
20150912 000000;1.707;1.707;1.707;1.707;0
20150913 000000;1.707;1.707;1.707;1.707;0
20150914 000000;1.7105;1.7105;1.7105;1.7105;0
20150915 000000;1.7164;1.7164;1.7164;1.7164;0
20150916 000000;1.7043;1.7043;1.7043;1.7043;0
20150917 000000;1.7132;1.7132;1.7132;1.7132;0
20150918 000000;1.7291;1.7291;1.7291;1.7291;0
20150919 000000;1.7291;1.7291;1.7291;1.7291;0
20150920 000000;1.7291;1.7291;1.7291;1.7291;0
20150921 000000;1.7112;1.7112;1.7112;1.7112;0
20150922 000000;1.6948;1.6948;1.6948;1.6948;0
20150923 000000;1.693;1.693;1.693;1.693;0
20150924 000000;1.6961;1.6961;1.6961;1.6961;0
20150925 000000;1.6837;1.6837;1.6837;1.6837;0
20150926 000000;1.6837;1.6837;1.6837;1.6837;0
20150927 000000;1.6837;1.6837;1.6837;1.6837;0
20150928 000000;1.6791;1.6791;1.6791;1.6791;0
20150929 000000;1.6837;1.6837;1.6837;1.6837;0
20150930 000000;1.6775;1.6775;1.6775;1.6775;0
20151001 000000;1.6699;1.6699;1.6699;1.6699;0
20151002 000000;1.6712;1.6712;1.6712;1.6712;0
20151003 000000;1.6712;1.6712;1.6712;1.6712;0
20151004 000000;1.6712;1.6712;1.6712;1.6712;0
20151005 000000;1.6824;1.6824;1.6824;1.6824;0
20151006 000000;1.6795;1.6795;1.6795;1.6795;0
20151007 000000;1.6932;1.6932;1.6932;1.6932;0
20151008 000000;1.6896;1.6896;1.6896;1.6896;0
20151009 000000;1.7096;1.7096;1.7096;1.7096;0
20151010 000000;1.7096;1.7096;1.7096;1.7096;0
20151011 000000;1.7096;1.7096;1.7096;1.7096;0
20151012 000000;1.7023;1.7023;1.7023;1.7023;0
20151013 000000;1.7014;1.7014;1.7014;1.7014;0
20151014 000000;1.7093;1.7093;1.7093;1.7093;0
20151015 000000;1.7163;1.7163;1.7163;1.7163;0
20151016 000000;1.7025;1.7025;1.7025;1.7025;0
20151017 000000;1.7025;1.7025;1.7025;1.7025;0
20151018 000000;1.7025;1.7025;1.7025;1.7025;0
20151019 000000;1.7014;1.7014;1.7014;1.7014;0
20151020 000000;1.7002;1.7002;1.7002;1.7002;0
20151021 000000;1.686;1.686;1.686;1.686;0
20151022 000000;1.6787;1.6787;1.6787;1.6787;0
20151023 000000;1.6551;1.6551;1.6551;1.6551;0
20151024 000000;1.6551;1.6551;1.6551;1.6551;0
20151025 000000;1.6551;1.6551;1.6551;1.6551;0
20151026 000000;1.6389;1.6389;1.6389;1.6389;0
20151027 000000;1.6372;1.6372;1.6372;1.6372;0
20151028 000000;1.6416;1.6416;1.6416;1.6416;0
20151029 000000;1.6267;1.6267;1.6267;1.6267;0
20151030 000000;1.6345;1.6345;1.6345;1.6345;0
20151031 000000;1.6345;1.6345;1.6345;1.6345;0
20151101 000000;1.6345;1.6345;1.6345;1.6345;0
20151102 000000;1.6438;1.6438;1.6438;1.6438;0
20151103 000000;1.6348;1.6348;1.6348;1.6348;0
20151104 000000;1.6351;1.6351;1.6351;1.6351;0
20151105 000000;1.6292;1.6292;1.6292;1.6292;0
20151106 000000;1.6227;1.6227;1.6227;1.6227;0
20151107 000000;1.6227;1.6227;1.6227;1.6227;0
20151108 000000;1.6227;1.6227;1.6227;1.6227;0
20151109 000000;1.6085;1.6085;1.6085;1.6085;0
20151110 000000;1.6054;1.6054;1.6054;1.6054;0
20151111 000000;1.6164;1.6164;1.6164;1.6164;0
20151112 000000;1.6165;1.6165;1.6165;1.6165;0
20151113 000000;1.617;1.617;1.617;1.617;0
20151114 000000;1.617;1.617;1.617;1.617;0
20151115 000000;1.617;1.617;1.617;1.617;0
20151116 000000;1.6113;1.6113;1.6113;1.6113;0
20151117 000000;1.602;1.602;1.602;1.602;0
20151118 000000;1.5998;1.5998;1.5998;1.5998;0
20151119 000000;1.6057;1.6057;1.6057;1.6057;0
20151120 000000;1.609;1.609;1.609;1.609;0
20151121 000000;1.609;1.609;1.609;1.609;0
20151122 000000;1.609;1.609;1.609;1.609;0
20151123 000000;1.6019;1.6019;1.6019;1.6019;0
20151124 000000;1.5971;1.5971;1.5971;1.5971;0
20151125 000000;1.587;1.587;1.587;1.587;0
20151126 000000;1.587;1.587;1.587;1.587;0
20151127 000000;1.5869;1.5869;1.5869;1.5869;0
20151128 000000;1.5869;1.5869;1.5869;1.5869;0
20151129 000000;1.5869;1.5869;1.5869;1.5869;0
20151130 000000;1.5844;1.5844;1.5844;1.5844;0
20151201 000000;1.5888;1.5888;1.5888;1.5888;0
20151202 000000;1.5892;1.5892;1.5892;1.5892;0
20151203 000000;1.593;1.593;1.593;1.593;0
20151204 000000;1.6184;1.6184;1.6184;1.6184;0
20151205 000000;1.6184;1.6184;1.6184;1.6184;0
20151206 000000;1.6184;1.6184;1.6184;1.6184;0
20151207 000000;1.6059;1.6059;1.6059;1.6059;0
20151208 000000;1.6098;1.6098;1.6098;1.6098;0
20151209 000000;1.6202;1.6202;1.6202;1.6202;0
20151210 000000;1.6229;1.6229;1.6229;1.6229;0
20151211 000000;1.6273;1.6273;1.6273;1.6273;0
20151212 000000;1.6273;1.6273;1.6273;1.6273;0
20151213 000000;1.6273;1.6273;1.6273;1.6273;0
20151214 000000;1.6247;1.6247;1.6247;1.6247;0
20151215 000000;1.6312;1.6312;1.6312;1.6312;0
20151216 000000;1.6377;1.6377;1.6377;1.6377;0
20151217 000000;1.6371;1.6371;1.6371;1.6371;0
20151218 000000;1.6417;1.6417;1.6417;1.6417;0
20151219 000000;1.6417;1.6417;1.6417;1.6417;0
20151220 000000;1.6417;1.6417;1.6417;1.6417;0
20151221 000000;1.6616;1.6616;1.6616;1.6616;0
20151222 000000;1.6739;1.6739;1.6739;1.6739;0
20151223 000000;1.665;1.665;1.665;1.665;0
20151224 000000;1.6712;1.6712;1.6712;1.6712;0
20151225 000000;1.6712;1.6712;1.6712;1.6712;0
20151226 000000;1.6712;1.6712;1.6712;1.6712;0
20151227 000000;1.6712;1.6712;1.6712;1.6712;0
20151228 000000;1.675;1.675;1.675;1.675;0
20151229 000000;1.6775;1.6775;1.6775;1.6775;0
20151230 000000;1.6724;1.6724;1.6724;1.6724;0
20151231 000000;1.6559;1.6559;1.6559;1.6559;0
20160101 000000;1.6559;1.6559;1.6559;1.6559;0
20160102 000000;1.6559;1.6559;1.6559;1.6559;0
20160103 000000;1.6559;1.6559;1.6559;1.6559;0
20160104 000000;1.6577;1.6577;1.6577;1.6577;0
20160105 000000;1.6265;1.6265;1.6265;1.6265;0
20160106 000000;1.6228;1.6228;1.6228;1.6228;0
20160107 000000;1.6472;1.6472;1.6472;1.6472;0
20160108 000000;1.6446;1.6446;1.6446;1.6446;0
20160109 000000;1.6446;1.6446;1.6446;1.6446;0
20160110 000000;1.6446;1.6446;1.6446;1.6446;0
20160111 000000;1.6394;1.6394;1.6394;1.6394;0
20160112 000000;1.636;1.636;1.636;1.636;0
20160113 000000;1.6365;1.6365;1.6365;1.6365;0
20160114 000000;1.6421;1.6421;1.6421;1.6421;0
20160115 000000;1.629;1.629;1.629;1.629;0
20160116 000000;1.629;1.629;1.629;1.629;0
20160117 000000;1.629;1.629;1.629;1.629;0
20160118 000000;1.6065;1.6065;1.6065;1.6065;0
20160119 000000;1.6109;1.6109;1.6109;1.6109;0
20160120 000000;1.6055;1.6055;1.6055;1.6055;0
20160121 000000;1.5946;1.5946;1.5946;1.5946;0
20160122 000000;1.5947;1.5947;1.5947;1.5947;0
20160123 000000;1.5947;1.5947;1.5947;1.5947;0
20160124 000000;1.5947;1.5947;1.5947;1.5947;0
20160125 000000;1.5922;1.5922;1.5922;1.5922;0
20160126 000000;1.5868;1.5868;1.5868;1.5868;0
20160127 000000;1.6019;1.6019;1.6019;1.6019;0
20160128 000000;1.6101;1.6101;1.6101;1.6101;0
20160129 000000;1.6174;1.6174;1.6174;1.6174;0
20160130 000000;1.6174;1.6174;1.6174;1.6174;0
20160131 000000;1.6174;1.6174;1.6174;1.6174;0
20160201 000000;1.6292;1.6292;1.6292;1.6292;0
20160202 000000;1.6308;1.6308;1.6308;1.6308;0
20160203 000000;1.6351;1.6351;1.6351;1.6351;0
20160204 000000;1.669;1.669;1.669;1.669;0
20160205 000000;1.6682;1.6682;1.6682;1.6682;0
20160206 000000;1.6682;1.6682;1.6682;1.6682;0
20160207 000000;1.6682;1.6682;1.6682;1.6682;0
20160208 000000;1.6458;1.6458;1.6458;1.6458;0
20160209 000000;1.6601;1.6601;1.6601;1.6601;0
20160210 000000;1.671;1.671;1.671;1.671;0
20160211 000000;1.6768;1.6768;1.6768;1.6768;0
20160212 000000;1.6802;1.6802;1.6802;1.6802;0
20160213 000000;1.6802;1.6802;1.6802;1.6802;0
20160214 000000;1.6802;1.6802;1.6802;1.6802;0
20160215 000000;1.6522;1.6522;1.6522;1.6522;0
20160216 000000;1.6509;1.6509;1.6509;1.6509;0
20160217 000000;1.6527;1.6527;1.6527;1.6527;0
20160218 000000;1.6487;1.6487;1.6487;1.6487;0
20160219 000000;1.6533;1.6533;1.6533;1.6533;0
20160220 000000;1.6533;1.6533;1.6533;1.6533;0
20160221 000000;1.6533;1.6533;1.6533;1.6533;0
20160222 000000;1.6476;1.6476;1.6476;1.6476;0
20160223 000000;1.6445;1.6445;1.6445;1.6445;0
20160224 000000;1.6436;1.6436;1.6436;1.6436;0
20160225 000000;1.6527;1.6527;1.6527;1.6527;0
20160226 000000;1.6491;1.6491;1.6491;1.6491;0
20160227 000000;1.6491;1.6491;1.6491;1.6491;0
20160228 000000;1.6491;1.6491;1.6491;1.6491;0
20160229 000000;1.6386;1.6386;1.6386;1.6386;0
20160301 000000;1.6387;1.6387;1.6387;1.6387;0
20160302 000000;1.6427;1.6427;1.6427;1.6427;0
20160303 000000;1.6451;1.6451;1.6451;1.6451;0
20160304 000000;1.6503;1.6503;1.6503;1.6503;0
20160305 000000;1.6503;1.6503;1.6503;1.6503;0
20160306 000000;1.6503;1.6503;1.6503;1.6503;0
20160307 000000;1.6493;1.6493;1.6493;1.6493;0
20160308 000000;1.6579;1.6579;1.6579;1.6579;0
20160309 000000;1.6563;1.6563;1.6563;1.6563;0
20160310 000000;1.6492;1.6492;1.6492;1.6492;0
20160311 000000;1.6733;1.6733;1.6733;1.6733;0
20160312 000000;1.6733;1.6733;1.6733;1.6733;0
20160313 000000;1.6733;1.6733;1.6733;1.6733;0
20160314 000000;1.6862;1.6862;1.6862;1.6862;0
20160315 000000;1.6866;1.6866;1.6866;1.6866;0
20160316 000000;1.6777;1.6777;1.6777;1.6777;0
20160317 000000;1.7092;1.7092;1.7092;1.7092;0
20160318 000000;1.7135;1.7135;1.7135;1.7135;0
20160319 000000;1.7135;1.7135;1.7135;1.7135;0
20160320 000000;1.7135;1.7135;1.7135;1.7135;0
20160321 000000;1.715;1.715;1.715;1.715;0
20160322 000000;1.7082;1.7082;1.7082;1.7082;0
20160323 000000;1.7068;1.7068;1.7068;1.7068;0
20160324 000000;1.6982;1.6982;1.6982;1.6982;0
20160325 000000;1.6982;1.6982;1.6982;1.6982;0
20160326 000000;1.6982;1.6982;1.6982;1.6982;0
20160327 000000;1.6982;1.6982;1.6982;1.6982;0
20160328 000000;1.6982;1.6982;1.6982;1.6982;0
20160329 000000;1.7147;1.7147;1.7147;1.7147;0
20160330 000000;1.7247;1.7247;1.7247;1.7247;0
20160331 000000;1.7267;1.7267;1.7267;1.7267;0
20160401 000000;1.7414;1.7414;1.7414;1.7414;0
20160402 000000;1.7414;1.7414;1.7414;1.7414;0
20160403 000000;1.7414;1.7414;1.7414;1.7414;0
20160404 000000;1.7406;1.7406;1.7406;1.7406;0
20160405 000000;1.7338;1.7338;1.7338;1.7338;0
20160406 000000;1.7251;1.7251;1.7251;1.7251;0
20160407 000000;1.7168;1.7168;1.7168;1.7168;0
20160408 000000;1.7128;1.7128;1.7128;1.7128;0
20160409 000000;1.7128;1.7128;1.7128;1.7128;0
20160410 000000;1.7128;1.7128;1.7128;1.7128;0
20160411 000000;1.7225;1.7225;1.7225;1.7225;0
20160412 000000;1.7154;1.7154;1.7154;1.7154;0
20160413 000000;1.7069;1.7069;1.7069;1.7069;0
20160414 000000;1.6973;1.6973;1.6973;1.6973;0
20160415 000000;1.7007;1.7007;1.7007;1.7007;0
20160416 000000;1.7007;1.7007;1.7007;1.7007;0
20160417 000000;1.7007;1.7007;1.7007;1.7007;0
20160418 000000;1.7009;1.7009;1.7009;1.7009;0
20160419 000000;1.7053;1.7053;1.7053;1.7053;0
20160420 000000;1.7161;1.7161;1.7161;1.7161;0
20160421 000000;1.7065;1.7065;1.7065;1.7065;0
20160422 000000;1.6816;1.6816;1.6816;1.6816;0
20160423 000000;1.6816;1.6816;1.6816;1.6816;0
20160424 000000;1.6816;1.6816;1.6816;1.6816;0
20160425 000000;1.6658;1.6658;1.6658;1.6658;0
20160426 000000;1.6746;1.6746;1.6746;1.6746;0
20160427 000000;1.6715;1.6715;1.6715;1.6715;0
20160428 000000;1.6764;1.6764;1.6764;1.6764;0
20160429 000000;1.6819;1.6819;1.6819;1.6819;0
20160430 000000;1.6819;1.6819;1.6819;1.6819;0
20160501 000000;1.6819;1.6819;1.6819;1.6819;0
20160502 000000;1.6978;1.6978;1.6978;1.6978;0
20160503 000000;1.7109;1.7109;1.7109;1.7109;0
20160504 000000;1.7022;1.7022;1.7022;1.7022;0
20160505 000000;1.6822;1.6822;1.6822;1.6822;0
20160506 000000;1.6811;1.6811;1.6811;1.6811;0
20160507 000000;1.6811;1.6811;1.6811;1.6811;0
20160508 000000;1.6811;1.6811;1.6811;1.6811;0
20160509 000000;1.6811;1.6811;1.6811;1.6811;0
20160510 000000;1.6771;1.6771;1.6771;1.6771;0
20160511 000000;1.6773;1.6773;1.6773;1.6773;0
20160512 000000;1.6799;1.6799;1.6799;1.6799;0
20160513 000000;1.6846;1.6846;1.6846;1.6846;0
20160514 000000;1.6846;1.6846;1.6846;1.6846;0
20160515 000000;1.6846;1.6846;1.6846;1.6846;0
20160516 000000;1.6896;1.6896;1.6896;1.6896;0
20160517 000000;1.6934;1.6934;1.6934;1.6934;0
20160518 000000;1.6797;1.6797;1.6797;1.6797;0
20160519 000000;1.669;1.669;1.669;1.669;0
20160520 000000;1.6618;1.6618;1.6618;1.6618;0
20160521 000000;1.6618;1.6618;1.6618;1.6618;0
20160522 000000;1.6618;1.6618;1.6618;1.6618;0
20160523 000000;1.6568;1.6568;1.6568;1.6568;0
20160524 000000;1.6508;1.6508;1.6508;1.6508;0
20160525 000000;1.6545;1.6545;1.6545;1.6545;0
20160526 000000;1.6604;1.6604;1.6604;1.6604;0
20160527 000000;1.6688;1.6688;1.6688;1.6688;0
20160528 000000;1.6688;1.6688;1.6688;1.6688;0
20160529 000000;1.6688;1.6688;1.6688;1.6688;0
20160530 000000;1.6685;1.6685;1.6685;1.6685;0
20160531 000000;1.6725;1.6725;1.6725;1.6725;0
20160601 000000;1.6712;1.6712;1.6712;1.6712;0
20160602 000000;1.6773;1.6773;1.6773;1.6773;0
20160603 000000;1.675;1.675;1.675;1.675;0
20160604 000000;1.675;1.675;1.675;1.675;0
20160605 000000;1.675;1.675;1.675;1.675;0
20160606 000000;1.7023;1.7023;1.7023;1.7023;0
20160607 000000;1.715;1.715;1.715;1.715;0
20160608 000000;1.7287;1.7287;1.7287;1.7287;0
20160609 000000;1.7175;1.7175;1.7175;1.7175;0
20160610 000000;1.7009;1.7009;1.7009;1.7009;0
20160611 000000;1.7009;1.7009;1.7009;1.7009;0
20160612 000000;1.7009;1.7009;1.7009;1.7009;0
20160613 000000;1.6911;1.6911;1.6911;1.6911;0
20160614 000000;1.6696;1.6696;1.6696;1.6696;0
20160615 000000;1.6751;1.6751;1.6751;1.6751;0
20160616 000000;1.6541;1.6541;1.6541;1.6541;0
20160617 000000;1.6682;1.6682;1.6682;1.6682;0
20160618 000000;1.6682;1.6682;1.6682;1.6682;0
20160619 000000;1.6682;1.6682;1.6682;1.6682;0
20160620 000000;1.6975;1.6975;1.6975;1.6975;0
20160621 000000;1.6928;1.6928;1.6928;1.6928;0
20160622 000000;1.6953;1.6953;1.6953;1.6953;0
20160623 000000;1.7198;1.7198;1.7198;1.7198;0
20160624 000000;1.6454;1.6454;1.6454;1.6454;0
20160625 000000;1.6454;1.6454;1.6454;1.6454;0
20160626 000000;1.6454;1.6454;1.6454;1.6454;0
20160627 000000;1.6385;1.6385;1.6385;1.6385;0
20160628 000000;1.6573;1.6573;1.6573;1.6573;0
20160629 000000;1.6647;1.6647;1.6647;1.6647;0
20160630 000000;1.6626;1.6626;1.6626;1.6626;0
20160701 000000;1.6856;1.6856;1.6856;1.6856;0
20160702 000000;1.6856;1.6856;1.6856;1.6856;0
20160703 000000;1.6856;1.6856;1.6856;1.6856;0
20160704 000000;1.6754;1.6754;1.6754;1.6754;0
20160705 000000;1.6731;1.6731;1.6731;1.6731;0
20160706 000000;1.661;1.661;1.661;1.661;0
20160707 000000;1.6724;1.6724;1.6724;1.6724;0
20160708 000000;1.6715;1.6715;1.6715;1.6715;0
20160709 000000;1.6715;1.6715;1.6715;1.6715;0
20160710 000000;1.6715;1.6715;1.6715;1.6715;0
20160711 000000;1.6722;1.6722;1.6722;1.6722;0
20160712 000000;1.6787;1.6787;1.6787;1.6787;0
20160713 000000;1.6815;1.6815;1.6815;1.6815;0
20160714 000000;1.6905;1.6905;1.6905;1.6905;0
20160715 000000;1.6861;1.6861;1.6861;1.6861;0
20160716 000000;1.6861;1.6861;1.6861;1.6861;0
20160717 000000;1.6861;1.6861;1.6861;1.6861;0
20160718 000000;1.6913;1.6913;1.6913;1.6913;0
20160719 000000;1.6894;1.6894;1.6894;1.6894;0
20160720 000000;1.6797;1.6797;1.6797;1.6797;0
20160721 000000;1.6823;1.6823;1.6823;1.6823;0
20160722 000000;1.6876;1.6876;1.6876;1.6876;0
20160723 000000;1.6876;1.6876;1.6876;1.6876;0
20160724 000000;1.6876;1.6876;1.6876;1.6876;0
20160725 000000;1.6833;1.6833;1.6833;1.6833;0
20160726 000000;1.6814;1.6814;1.6814;1.6814;0
20160727 000000;1.6763;1.6763;1.6763;1.6763;0
20160728 000000;1.6921;1.6921;1.6921;1.6921;0
20160729 000000;1.694;1.694;1.694;1.694;0
20160730 000000;1.694;1.694;1.694;1.694;0
20160731 000000;1.694;1.694;1.694;1.694;0
20160801 000000;1.7039;1.7039;1.7039;1.7039;0
20160802 000000;1.7167;1.7167;1.7167;1.7167;0
20160803 000000;1.7212;1.7212;1.7212;1.7212;0
20160804 000000;1.7224;1.7224;1.7224;1.7224;0
20160805 000000;1.7299;1.7299;1.7299;1.7299;0
20160806 000000;1.7299;1.7299;1.7299;1.7299;0
20160807 000000;1.7299;1.7299;1.7299;1.7299;0
20160808 000000;1.726;1.726;1.726;1.726;0
20160809 000000;1.7295;1.7295;1.7295;1.7295;0
20160810 000000;1.7376;1.7376;1.7376;1.7376;0
20160811 000000;1.7377;1.7377;1.7377;1.7377;0
20160812 000000;1.7388;1.7388;1.7388;1.7388;0
20160813 000000;1.7388;1.7388;1.7388;1.7388;0
20160814 000000;1.7388;1.7388;1.7388;1.7388;0
20160815 000000;1.738;1.738;1.738;1.738;0
20160816 000000;1.7513;1.7513;1.7513;1.7513;0
20160817 000000;1.7439;1.7439;1.7439;1.7439;0
20160818 000000;1.7488;1.7488;1.7488;1.7488;0
20160819 000000;1.7524;1.7524;1.7524;1.7524;0
20160820 000000;1.7524;1.7524;1.7524;1.7524;0
20160821 000000;1.7524;1.7524;1.7524;1.7524;0
20160822 000000;1.7479;1.7479;1.7479;1.7479;0
20160823 000000;1.7461;1.7461;1.7461;1.7461;0
20160824 000000;1.7429;1.7429;1.7429;1.7429;0
20160825 000000;1.7426;1.7426;1.7426;1.7426;0
20160826 000000;1.7417;1.7417;1.7417;1.7417;0
20160827 000000;1.7417;1.7417;1.7417;1.7417;0
20160828 000000;1.7417;1.7417;1.7417;1.7417;0
20160829 000000;1.7225;1.7225;1.7225;1.7225;0
20160830 000000;1.7167;1.7167;1.7167;1.7167;0
20160831 000000;1.707;1.707;1.707;1.707;0
20160901 000000;1.7059;1.7059;1.7059;1.7059;0
20160902 000000;1.7023;1.7023;1.7023;1.7023;0
20160903 000000;1.7023;1.7023;1.7023;1.7023;0
20160904 000000;1.7023;1.7023;1.7023;1.7023;0
20160905 000000;1.7109;1.7109;1.7109;1.7109;0
20160906 000000;1.7176;1.7176;1.7176;1.7176;0
20160907 000000;1.7338;1.7338;1.7338;1.7338;0
20160908 000000;1.7459;1.7459;1.7459;1.7459;0
20160909 000000;1.7367;1.7367;1.7367;1.7367;0
20160910 000000;1.7367;1.7367;1.7367;1.7367;0
20160911 000000;1.7367;1.7367;1.7367;1.7367;0
20160912 000000;1.7243;1.7243;1.7243;1.7243;0
20160913 000000;1.7282;1.7282;1.7282;1.7282;0
20160914 000000;1.7249;1.7249;1.7249;1.7249;0
20160915 000000;1.7363;1.7363;1.7363;1.7363;0
20160916 000000;1.7355;1.7355;1.7355;1.7355;0
20160917 000000;1.7355;1.7355;1.7355;1.7355;0
20160918 000000;1.7355;1.7355;1.7355;1.7355;0
20160919 000000;1.7349;1.7349;1.7349;1.7349;0
20160920 000000;1.736;1.736;1.736;1.736;0
20160921 000000;1.7333;1.7333;1.7333;1.7333;0
20160922 000000;1.749;1.749;1.749;1.749;0
20160923 000000;1.7448;1.7448;1.7448;1.7448;0
20160924 000000;1.7448;1.7448;1.7448;1.7448;0
20160925 000000;1.7448;1.7448;1.7448;1.7448;0
20160926 000000;1.7448;1.7448;1.7448;1.7448;0
20160927 000000;1.7447;1.7447;1.7447;1.7447;0
20160928 000000;1.7465;1.7465;1.7465;1.7465;0
20160929 000000;1.7374;1.7374;1.7374;1.7374;0
20160930 000000;1.724;1.724;1.724;1.724;0
20161001 000000;1.724;1.724;1.724;1.724;0
20161002 000000;1.724;1.724;1.724;1.724;0
20161003 000000;1.746;1.746;1.746;1.746;0
20161004 000000;1.7343;1.7343;1.7343;1.7343;0
20161005 000000;1.7426;1.7426;1.7426;1.7426;0
20161006 000000;1.7379;1.7379;1.7379;1.7379;0
20161007 000000;1.736;1.736;1.736;1.736;0
20161008 000000;1.736;1.736;1.736;1.736;0
20161009 000000;1.736;1.736;1.736;1.736;0
20161010 000000;1.748;1.748;1.748;1.748;0
20161011 000000;1.7428;1.7428;1.7428;1.7428;0
20161012 000000;1.7226;1.7226;1.7226;1.7226;0
20161013 000000;1.7262;1.7262;1.7262;1.7262;0
20161014 000000;1.7201;1.7201;1.7201;1.7201;0
20161015 000000;1.7201;1.7201;1.7201;1.7201;0
20161016 000000;1.7201;1.7201;1.7201;1.7201;0
20161017 000000;1.7115;1.7115;1.7115;1.7115;0
20161018 000000;1.715;1.715;1.715;1.715;0
20161019 000000;1.7129;1.7129;1.7129;1.7129;0
20161020 000000;1.7093;1.7093;1.7093;1.7093;0
20161021 000000;1.7023;1.7023;1.7023;1.7023;0
20161022 000000;1.7023;1.7023;1.7023;1.7023;0
20161023 000000;1.7023;1.7023;1.7023;1.7023;0
20161024 000000;1.7091;1.7091;1.7091;1.7091;0
20161025 000000;1.7119;1.7119;1.7119;1.7119;0
20161026 000000;1.7101;1.7101;1.7101;1.7101;0
20161027 000000;1.7112;1.7112;1.7112;1.7112;0
20161028 000000;1.71;1.71;1.71;1.71;0
20161029 000000;1.71;1.71;1.71;1.71;0
20161030 000000;1.71;1.71;1.71;1.71;0
20161031 000000;1.7135;1.7135;1.7135;1.7135;0
20161101 000000;1.7322;1.7322;1.7322;1.7322;0
20161102 000000;1.7335;1.7335;1.7335;1.7335;0
20161103 000000;1.7328;1.7328;1.7328;1.7328;0
20161104 000000;1.7356;1.7356;1.7356;1.7356;0
20161105 000000;1.7356;1.7356;1.7356;1.7356;0
20161106 000000;1.7356;1.7356;1.7356;1.7356;0
20161107 000000;1.7307;1.7307;1.7307;1.7307;0
20161108 000000;1.7309;1.7309;1.7309;1.7309;0
20161109 000000;1.7233;1.7233;1.7233;1.7233;0
20161110 000000;1.6992;1.6992;1.6992;1.6992;0
20161111 000000;1.6832;1.6832;1.6832;1.6832;0
20161112 000000;1.6832;1.6832;1.6832;1.6832;0
20161113 000000;1.6832;1.6832;1.6832;1.6832;0
20161114 000000;1.6741;1.6741;1.6741;1.6741;0
20161115 000000;1.6683;1.6683;1.6683;1.6683;0
20161116 000000;1.6569;1.6569;1.6569;1.6569;0
20161117 000000;1.6563;1.6563;1.6563;1.6563;0
20161118 000000;1.6466;1.6466;1.6466;1.6466;0
20161119 000000;1.6466;1.6466;1.6466;1.6466;0
20161120 000000;1.6466;1.6466;1.6466;1.6466;0
20161121 000000;1.6542;1.6542;1.6542;1.6542;0
20161122 000000;1.6537;1.6537;1.6537;1.6537;0
20161123 000000;1.6569;1.6569;1.6569;1.6569;0
20161124 000000;1.6499;1.6499;1.6499;1.6499;0
20161125 000000;1.6586;1.6586;1.6586;1.6586;0
20161126 000000;1.6586;1.6586;1.6586;1.6586;0
20161127 000000;1.6586;1.6586;1.6586;1.6586;0
20161128 000000;1.6552;1.6552;1.6552;1.6552;0
20161129 000000;1.6473;1.6473;1.6473;1.6473;0
20161130 000000;1.6457;1.6457;1.6457;1.6457;0
20161201 000000;1.6379;1.6379;1.6379;1.6379;0
20161202 000000;1.633;1.633;1.633;1.633;0
20161203 000000;1.633;1.633;1.633;1.633;0
20161204 000000;1.633;1.633;1.633;1.633;0
20161205 000000;1.6368;1.6368;1.6368;1.6368;0
20161206 000000;1.6494;1.6494;1.6494;1.6494;0
20161207 000000;1.6675;1.6675;1.6675;1.6675;0
20161208 000000;1.6623;1.6623;1.6623;1.6623;0
20161209 000000;1.6406;1.6406;1.6406;1.6406;0
20161210 000000;1.6406;1.6406;1.6406;1.6406;0
20161211 000000;1.6406;1.6406;1.6406;1.6406;0
20161212 000000;1.6444;1.6444;1.6444;1.6444;0
20161213 000000;1.6478;1.6478;1.6478;1.6478;0
20161214 000000;1.6553;1.6553;1.6553;1.6553;0
20161215 000000;1.6257;1.6257;1.6257;1.6257;0
20161216 000000;1.6433;1.6433;1.6433;1.6433;0
20161217 000000;1.6433;1.6433;1.6433;1.6433;0
20161218 000000;1.6433;1.6433;1.6433;1.6433;0
20161219 000000;1.6429;1.6429;1.6429;1.6429;0
20161220 000000;1.6352;1.6352;1.6352;1.6352;0
20161221 000000;1.6417;1.6417;1.6417;1.6417;0
20161222 000000;1.6455;1.6455;1.6455;1.6455;0
20161223 000000;1.6453;1.6453;1.6453;1.6453;0
20161224 000000;1.6453;1.6453;1.6453;1.6453;0
20161225 000000;1.6453;1.6453;1.6453;1.6453;0
20161226 000000;1.6453;1.6453;1.6453;1.6453;0
20161227 000000;1.6471;1.6471;1.6471;1.6471;0
20161228 000000;1.644;1.644;1.644;1.644;0
20161229 000000;1.6471;1.6471;1.6471;1.6471;0
20161230 000000;1.6598;1.6598;1.6598;1.6598;0
20161231 000000;1.6598;1.6598;1.6598;1.6598;0
20170101 000000;1.6598;1.6598;1.6598;1.6598;0
20170102 000000;1.6474;1.6474;1.6474;1.6474;0
20170103 000000;1.6453;1.6453;1.6453;1.6453;0
20170104 000000;1.6534;1.6534;1.6534;1.6534;0
20170105 000000;1.6555;1.6555;1.6555;1.6555;0
20170106 000000;1.682;1.682;1.682;1.682;0
20170107 000000;1.682;1.682;1.682;1.682;0
20170108 000000;1.682;1.682;1.682;1.682;0
20170109 000000;1.6666;1.6666;1.6666;1.6666;0
20170110 000000;1.6737;1.6737;1.6737;1.6737;0
20170111 000000;1.6664;1.6664;1.6664;1.6664;0
20170112 000000;1.6822;1.6822;1.6822;1.6822;0
20170113 000000;1.6819;1.6819;1.6819;1.6819;0
20170114 000000;1.6819;1.6819;1.6819;1.6819;0
20170115 000000;1.6819;1.6819;1.6819;1.6819;0
20170116 000000;1.6718;1.6718;1.6718;1.6718;0
20170117 000000;1.6761;1.6761;1.6761;1.6761;0
20170118 000000;1.6699;1.6699;1.6699;1.6699;0
20170119 000000;1.6749;1.6749;1.6749;1.6749;0
20170120 000000;1.6734;1.6734;1.6734;1.6734;0
20170121 000000;1.6734;1.6734;1.6734;1.6734;0
20170122 000000;1.6734;1.6734;1.6734;1.6734;0
20170123 000000;1.6797;1.6797;1.6797;1.6797;0
20170124 000000;1.686;1.686;1.686;1.686;0
20170125 000000;1.6942;1.6942;1.6942;1.6942;0
20170126 000000;1.6953;1.6953;1.6953;1.6953;0
20170127 000000;1.6971;1.6971;1.6971;1.6971;0
20170128 000000;1.6971;1.6971;1.6971;1.6971;0
20170129 000000;1.6971;1.6971;1.6971;1.6971;0
20170130 000000;1.6879;1.6879;1.6879;1.6879;0
20170131 000000;1.7107;1.7107;1.7107;1.7107;0
20170201 000000;1.7198;1.7198;1.7198;1.7198;0
20170202 000000;1.7268;1.7268;1.7268;1.7268;0
20170203 000000;1.7168;1.7168;1.7168;1.7168;0
20170204 000000;1.7168;1.7168;1.7168;1.7168;0
20170205 000000;1.7168;1.7168;1.7168;1.7168;0
20170206 000000;1.7186;1.7186;1.7186;1.7186;0
20170207 000000;1.7076;1.7076;1.7076;1.7076;0
20170208 000000;1.6999;1.6999;1.6999;1.6999;0
20170209 000000;1.7035;1.7035;1.7035;1.7035;0
20170210 000000;1.7023;1.7023;1.7023;1.7023;0
20170211 000000;1.7023;1.7023;1.7023;1.7023;0
20170212 000000;1.7023;1.7023;1.7023;1.7023;0
20170213 000000;1.6937;1.6937;1.6937;1.6937;0
20170214 000000;1.6949;1.6949;1.6949;1.6949;0
20170215 000000;1.6859;1.6859;1.6859;1.6859;0
20170216 000000;1.6914;1.6914;1.6914;1.6914;0
20170217 000000;1.6888;1.6888;1.6888;1.6888;0
20170218 000000;1.6888;1.6888;1.6888;1.6888;0
20170219 000000;1.6888;1.6888;1.6888;1.6888;0
20170220 000000;1.6883;1.6883;1.6883;1.6883;0
20170221 000000;1.6846;1.6846;1.6846;1.6846;0
20170222 000000;1.6822;1.6822;1.6822;1.6822;0
20170223 000000;1.6874;1.6874;1.6874;1.6874;0
20170224 000000;1.6905;1.6905;1.6905;1.6905;0
20170225 000000;1.6905;1.6905;1.6905;1.6905;0
20170226 000000;1.6905;1.6905;1.6905;1.6905;0
20170227 000000;1.6862;1.6862;1.6862;1.6862;0
20170228 000000;1.6868;1.6868;1.6868;1.6868;0
20170301 000000;1.687;1.687;1.687;1.687;0
20170302 000000;1.686;1.686;1.686;1.686;0
20170303 000000;1.6944;1.6944;1.6944;1.6944;0
20170304 000000;1.6944;1.6944;1.6944;1.6944;0
20170305 000000;1.6944;1.6944;1.6944;1.6944;0
20170306 000000;1.6952;1.6952;1.6952;1.6952;0
20170307 000000;1.6942;1.6942;1.6942;1.6942;0
20170308 000000;1.6915;1.6915;1.6915;1.6915;0
20170309 000000;1.6889;1.6889;1.6889;1.6889;0
20170310 000000;1.6953;1.6953;1.6953;1.6953;0
20170311 000000;1.6953;1.6953;1.6953;1.6953;0
20170312 000000;1.6953;1.6953;1.6953;1.6953;0
20170313 000000;1.6995;1.6995;1.6995;1.6995;0
20170314 000000;1.7008;1.7008;1.7008;1.7008;0
20170315 000000;1.6997;1.6997;1.6997;1.6997;0
20170316 000000;1.7221;1.7221;1.7221;1.7221;0
20170317 000000;1.7249;1.7249;1.7249;1.7249;0
20170318 000000;1.7249;1.7249;1.7249;1.7249;0
20170319 000000;1.7249;1.7249;1.7249;1.7249;0
20170320 000000;1.7344;1.7344;1.7344;1.7344;0
20170321 000000;1.7458;1.7458;1.7458;1.7458;0
20170322 000000;1.7384;1.7384;1.7384;1.7384;0
20170323 000000;1.7399;1.7399;1.7399;1.7399;0
20170324 000000;1.7427;1.7427;1.7427;1.7427;0
20170325 000000;1.7427;1.7427;1.7427;1.7427;0
20170326 000000;1.7427;1.7427;1.7427;1.7427;0
20170327 000000;1.7564;1.7564;1.7564;1.7564;0
20170328 000000;1.7605;1.7605;1.7605;1.7605;0
20170329 000000;1.7472;1.7472;1.7472;1.7472;0
20170330 000000;1.7515;1.7515;1.7515;1.7515;0
20170331 000000;1.7424;1.7424;1.7424;1.7424;0
20170401 000000;1.7424;1.7424;1.7424;1.7424;0
20170402 000000;1.7424;1.7424;1.7424;1.7424;0
20170403 000000;1.7366;1.7366;1.7366;1.7366;0
20170404 000000;1.7235;1.7235;1.7235;1.7235;0
20170405 000000;1.7402;1.7402;1.7402;1.7402;0
20170406 000000;1.7406;1.7406;1.7406;1.7406;0
20170407 000000;1.7354;1.7354;1.7354;1.7354;0
20170408 000000;1.7354;1.7354;1.7354;1.7354;0
20170409 000000;1.7354;1.7354;1.7354;1.7354;0
20170410 000000;1.7265;1.7265;1.7265;1.7265;0
20170411 000000;1.7272;1.7272;1.7272;1.7272;0
20170412 000000;1.7204;1.7204;1.7204;1.7204;0
20170413 000000;1.725;1.725;1.725;1.725;0
20170414 000000;1.725;1.725;1.725;1.725;0
20170415 000000;1.725;1.725;1.725;1.725;0
20170416 000000;1.725;1.725;1.725;1.725;0
20170417 000000;1.725;1.725;1.725;1.725;0
20170418 000000;1.7356;1.7356;1.7356;1.7356;0
20170419 000000;1.7435;1.7435;1.7435;1.7435;0
20170420 000000;1.7368;1.7368;1.7368;1.7368;0
20170421 000000;1.7241;1.7241;1.7241;1.7241;0
20170422 000000;1.7241;1.7241;1.7241;1.7241;0
20170423 000000;1.7241;1.7241;1.7241;1.7241;0
20170424 000000;1.7607;1.7607;1.7607;1.7607;0
20170425 000000;1.7736;1.7736;1.7736;1.7736;0
20170426 000000;1.777;1.777;1.777;1.777;0
20170427 000000;1.7771;1.7771;1.7771;1.7771;0
20170428 000000;1.7849;1.7849;1.7849;1.7849;0
20170429 000000;1.7849;1.7849;1.7849;1.7849;0
20170430 000000;1.7849;1.7849;1.7849;1.7849;0
20170501 000000;1.7849;1.7849;1.7849;1.7849;0
20170502 000000;1.7882;1.7882;1.7882;1.7882;0
20170503 000000;1.7958;1.7958;1.7958;1.7958;0
20170504 000000;1.7895;1.7895;1.7895;1.7895;0
20170505 000000;1.7939;1.7939;1.7939;1.7939;0
20170506 000000;1.7939;1.7939;1.7939;1.7939;0
20170507 000000;1.7939;1.7939;1.7939;1.7939;0
20170508 000000;1.7975;1.7975;1.7975;1.7975;0
20170509 000000;1.781;1.781;1.781;1.781;0
20170510 000000;1.7808;1.7808;1.7808;1.7808;0
20170511 000000;1.7745;1.7745;1.7745;1.7745;0
20170512 000000;1.7796;1.7796;1.7796;1.7796;0
20170513 000000;1.7796;1.7796;1.7796;1.7796;0
20170514 000000;1.7796;1.7796;1.7796;1.7796;0
20170515 000000;1.7969;1.7969;1.7969;1.7969;0
20170516 000000;1.8146;1.8146;1.8146;1.8146;0
20170517 000000;1.8285;1.8285;1.8285;1.8285;0
20170518 000000;1.8161;1.8161;1.8161;1.8161;0
20170519 000000;1.8335;1.8335;1.8335;1.8335;0
20170520 000000;1.8335;1.8335;1.8335;1.8335;0
20170521 000000;1.8335;1.8335;1.8335;1.8335;0
20170522 000000;1.8474;1.8474;1.8474;1.8474;0
20170523 000000;1.8408;1.8408;1.8408;1.8408;0
20170524 000000;1.842;1.842;1.842;1.842;0
20170525 000000;1.8428;1.8428;1.8428;1.8428;0
20170526 000000;1.8356;1.8356;1.8356;1.8356;0
20170527 000000;1.8356;1.8356;1.8356;1.8356;0
20170528 000000;1.8356;1.8356;1.8356;1.8356;0
20170529 000000;1.8354;1.8354;1.8354;1.8354;0
20170530 000000;1.8342;1.8342;1.8342;1.8342;0
20170531 000000;1.8328;1.8328;1.8328;1.8328;0
20170601 000000;1.8262;1.8262;1.8262;1.8262;0
20170602 000000;1.8249;1.8249;1.8249;1.8249;0
20170603 000000;1.8249;1.8249;1.8249;1.8249;0
20170604 000000;1.8249;1.8249;1.8249;1.8249;0
20170605 000000;1.8297;1.8297;1.8297;1.8297;0
20170606 000000;1.8216;1.8216;1.8216;1.8216;0
20170607 000000;1.8193;1.8193;1.8193;1.8193;0
20170608 000000;1.8146;1.8146;1.8146;1.8146;0
20170609 000000;1.8128;1.8128;1.8128;1.8128;0
20170610 000000;1.8128;1.8128;1.8128;1.8128;0
20170611 000000;1.8128;1.8128;1.8128;1.8128;0
20170612 000000;1.8207;1.8207;1.8207;1.8207;0
20170613 000000;1.8181;1.8181;1.8181;1.8181;0
20170614 000000;1.8144;1.8144;1.8144;1.8144;0
20170615 000000;1.8039;1.8039;1.8039;1.8039;0
20170616 000000;1.8037;1.8037;1.8037;1.8037;0
20170617 000000;1.8037;1.8037;1.8037;1.8037;0
20170618 000000;1.8037;1.8037;1.8037;1.8037;0
20170619 000000;1.8123;1.8123;1.8123;1.8123;0
20170620 000000;1.8002;1.8002;1.8002;1.8002;0
20170621 000000;1.796;1.796;1.796;1.796;0
20170622 000000;1.8;1.8;1.8;1.8;0
20170623 000000;1.8056;1.8056;1.8056;1.8056;0
20170624 000000;1.8056;1.8056;1.8056;1.8056;0
20170625 000000;1.8056;1.8056;1.8056;1.8056;0
20170626 000000;1.8177;1.8177;1.8177;1.8177;0
20170627 000000;1.8233;1.8233;1.8233;1.8233;0
20170628 000000;1.8253;1.8253;1.8253;1.8253;0
20170629 000000;1.8219;1.8219;1.8219;1.8219;0
20170630 000000;1.8312;1.8312;1.8312;1.8312;0
20170701 000000;1.8312;1.8312;1.8312;1.8312;0
20170702 000000;1.8312;1.8312;1.8312;1.8312;0
20170703 000000;1.8239;1.8239;1.8239;1.8239;0
20170704 000000;1.8201;1.8201;1.8201;1.8201;0
20170705 000000;1.8148;1.8148;1.8148;1.8148;0
20170706 000000;1.8231;1.8231;1.8231;1.8231;0
20170707 000000;1.8333;1.8333;1.8333;1.8333;0
20170708 000000;1.8333;1.8333;1.8333;1.8333;0
20170709 000000;1.8333;1.8333;1.8333;1.8333;0
20170710 000000;1.83;1.83;1.83;1.83;0
20170711 000000;1.8271;1.8271;1.8271;1.8271;0
20170712 000000;1.831;1.831;1.831;1.831;0
20170713 000000;1.8294;1.8294;1.8294;1.8294;0
20170714 000000;1.8358;1.8358;1.8358;1.8358;0
20170715 000000;1.8358;1.8358;1.8358;1.8358;0
20170716 000000;1.8358;1.8358;1.8358;1.8358;0
20170717 000000;1.8439;1.8439;1.8439;1.8439;0
20170718 000000;1.8559;1.8559;1.8559;1.8559;0
20170719 000000;1.8489;1.8489;1.8489;1.8489;0
20170720 000000;1.847;1.847;1.847;1.847;0
20170721 000000;1.86;1.86;1.86;1.86;0
20170722 000000;1.86;1.86;1.86;1.86;0
20170723 000000;1.86;1.86;1.86;1.86;0
20170724 000000;1.8539;1.8539;1.8539;1.8539;0
20170725 000000;1.8545;1.8545;1.8545;1.8545;0
20170726 000000;1.8456;1.8456;1.8456;1.8456;0
20170727 000000;1.8526;1.8526;1.8526;1.8526;0
20170728 000000;1.8612;1.8612;1.8612;1.8612;0
20170729 000000;1.8612;1.8612;1.8612;1.8612;0
20170730 000000;1.8612;1.8612;1.8612;1.8612;0
20170731 000000;1.8567;1.8567;1.8567;1.8567;0
20170801 000000;1.8648;1.8648;1.8648;1.8648;0
20170802 000000;1.8702;1.8702;1.8702;1.8702;0
20170803 000000;1.8748;1.8748;1.8748;1.8748;0
20170804 000000;1.8806;1.8806;1.8806;1.8806;0
20170805 000000;1.8806;1.8806;1.8806;1.8806;0
20170806 000000;1.8806;1.8806;1.8806;1.8806;0
20170807 000000;1.8646;1.8646;1.8646;1.8646;0
20170808 000000;1.8603;1.8603;1.8603;1.8603;0
20170809 000000;1.8354;1.8354;1.8354;1.8354;0
20170810 000000;1.8276;1.8276;1.8276;1.8276;0
20170811 000000;1.8283;1.8283;1.8283;1.8283;0
20170812 000000;1.8283;1.8283;1.8283;1.8283;0
20170813 000000;1.8283;1.8283;1.8283;1.8283;0
20170814 000000;1.8384;1.8384;1.8384;1.8384;0
20170815 000000;1.8342;1.8342;1.8342;1.8342;0
20170816 000000;1.8338;1.8338;1.8338;1.8338;0
20170817 000000;1.8346;1.8346;1.8346;1.8346;0
20170818 000000;1.8299;1.8299;1.8299;1.8299;0
20170819 000000;1.8299;1.8299;1.8299;1.8299;0
20170820 000000;1.8299;1.8299;1.8299;1.8299;0
20170821 000000;1.8359;1.8359;1.8359;1.8359;0
20170822 000000;1.8317;1.8317;1.8317;1.8317;0
20170823 000000;1.834;1.834;1.834;1.834;0
20170824 000000;1.8395;1.8395;1.8395;1.8395;0
20170825 000000;1.8451;1.8451;1.8451;1.8451;0
20170826 000000;1.8451;1.8451;1.8451;1.8451;0
20170827 000000;1.8451;1.8451;1.8451;1.8451;0
20170828 000000;1.8548;1.8548;1.8548;1.8548;0
20170829 000000;1.8621;1.8621;1.8621;1.8621;0
20170830 000000;1.8442;1.8442;1.8442;1.8442;0
20170831 000000;1.8331;1.8331;1.8331;1.8331;0
20170901 000000;1.8437;1.8437;1.8437;1.8437;0
20170902 000000;1.8437;1.8437;1.8437;1.8437;0
20170903 000000;1.8437;1.8437;1.8437;1.8437;0
20170904 000000;1.8329;1.8329;1.8329;1.8329;0
20170905 000000;1.8381;1.8381;1.8381;1.8381;0
20170906 000000;1.8354;1.8354;1.8354;1.8354;0
20170907 000000;1.8311;1.8311;1.8311;1.8311;0
20170908 000000;1.8321;1.8321;1.8321;1.8321;0
20170909 000000;1.8321;1.8321;1.8321;1.8321;0
20170910 000000;1.8321;1.8321;1.8321;1.8321;0
20170911 000000;1.8456;1.8456;1.8456;1.8456;0
20170912 000000;1.8337;1.8337;1.8337;1.8337;0
20170913 000000;1.8283;1.8283;1.8283;1.8283;0
20170914 000000;1.8187;1.8187;1.8187;1.8187;0
20170915 000000;1.8311;1.8311;1.8311;1.8311;0
20170916 000000;1.8311;1.8311;1.8311;1.8311;0
20170917 000000;1.8311;1.8311;1.8311;1.8311;0
20170918 000000;1.831;1.831;1.831;1.831;0
20170919 000000;1.8425;1.8425;1.8425;1.8425;0
20170920 000000;1.8457;1.8457;1.8457;1.8457;0
20170921 000000;1.8334;1.8334;1.8334;1.8334;0
20170922 000000;1.8468;1.8468;1.8468;1.8468;0
20170923 000000;1.8468;1.8468;1.8468;1.8468;0
20170924 000000;1.8468;1.8468;1.8468;1.8468;0
20170925 000000;1.8415;1.8415;1.8415;1.8415;0
20170926 000000;1.8258;1.8258;1.8258;1.8258;0
20170927 000000;1.8124;1.8124;1.8124;1.8124;0
20170928 000000;1.8189;1.8189;1.8189;1.8189;0
20170929 000000;1.8246;1.8246;1.8246;1.8246;0
20170930 000000;1.8246;1.8246;1.8246;1.8246;0
20171001 000000;1.8246;1.8246;1.8246;1.8246;0
20171002 000000;1.8116;1.8116;1.8116;1.8116;0
20171003 000000;1.8114;1.8114;1.8114;1.8114;0
20171004 000000;1.819;1.819;1.819;1.819;0
20171005 000000;1.8165;1.8165;1.8165;1.8165;0
20171006 000000;1.8098;1.8098;1.8098;1.8098;0
20171007 000000;1.8098;1.8098;1.8098;1.8098;0
20171008 000000;1.8098;1.8098;1.8098;1.8098;0
20171009 000000;1.8058;1.8058;1.8058;1.8058;0
20171010 000000;1.8078;1.8078;1.8078;1.8078;0
20171011 000000;1.82;1.82;1.82;1.82;0
20171012 000000;1.828;1.828;1.828;1.828;0
20171013 000000;1.829;1.829;1.829;1.829;0
20171014 000000;1.829;1.829;1.829;1.829;0
20171015 000000;1.829;1.829;1.829;1.829;0
20171016 000000;1.8354;1.8354;1.8354;1.8354;0
20171017 000000;1.8404;1.8404;1.8404;1.8404;0
20171018 000000;1.8418;1.8418;1.8418;1.8418;0
20171019 000000;1.8473;1.8473;1.8473;1.8473;0
20171020 000000;1.8464;1.8464;1.8464;1.8464;0
20171021 000000;1.8464;1.8464;1.8464;1.8464;0
20171022 000000;1.8464;1.8464;1.8464;1.8464;0
20171023 000000;1.8444;1.8444;1.8444;1.8444;0
20171024 000000;1.84;1.84;1.84;1.84;0
20171025 000000;1.8491;1.8491;1.8491;1.8491;0
20171026 000000;1.8419;1.8419;1.8419;1.8419;0
20171027 000000;1.8187;1.8187;1.8187;1.8187;0
20171028 000000;1.8187;1.8187;1.8187;1.8187;0
20171029 000000;1.8187;1.8187;1.8187;1.8187;0
20171030 000000;1.8186;1.8186;1.8186;1.8186;0
20171031 000000;1.8185;1.8185;1.8185;1.8185;0
20171101 000000;1.8132;1.8132;1.8132;1.8132;0
20171102 000000;1.8173;1.8173;1.8173;1.8173;0
20171103 000000;1.8215;1.8215;1.8215;1.8215;0
20171104 000000;1.8215;1.8215;1.8215;1.8215;0
20171105 000000;1.8215;1.8215;1.8215;1.8215;0
20171106 000000;1.8131;1.8131;1.8131;1.8131;0
20171107 000000;1.8103;1.8103;1.8103;1.8103;0
20171108 000000;1.8147;1.8147;1.8147;1.8147;0
20171109 000000;1.8229;1.8229;1.8229;1.8229;0
20171110 000000;1.8297;1.8297;1.8297;1.8297;0
20171111 000000;1.8297;1.8297;1.8297;1.8297;0
20171112 000000;1.8297;1.8297;1.8297;1.8297;0
20171113 000000;1.8279;1.8279;1.8279;1.8279;0
20171114 000000;1.8393;1.8393;1.8393;1.8393;0
20171115 000000;1.846;1.846;1.846;1.846;0
20171116 000000;1.8438;1.8438;1.8438;1.8438;0
20171117 000000;1.8478;1.8478;1.8478;1.8478;0
20171118 000000;1.8478;1.8478;1.8478;1.8478;0
20171119 000000;1.8478;1.8478;1.8478;1.8478;0
20171120 000000;1.8472;1.8472;1.8472;1.8472;0
20171121 000000;1.8379;1.8379;1.8379;1.8379;0
20171122 000000;1.8445;1.8445;1.8445;1.8445;0
20171123 000000;1.8489;1.8489;1.8489;1.8489;0
20171124 000000;1.863;1.863;1.863;1.863;0
20171125 000000;1.863;1.863;1.863;1.863;0
20171126 000000;1.863;1.863;1.863;1.863;0
20171127 000000;1.8748;1.8748;1.8748;1.8748;0
20171128 000000;1.8643;1.8643;1.8643;1.8643;0
20171129 000000;1.8594;1.8594;1.8594;1.8594;0
20171130 000000;1.8681;1.8681;1.8681;1.8681;0
20171201 000000;1.8645;1.8645;1.8645;1.8645;0
20171202 000000;1.8645;1.8645;1.8645;1.8645;0
20171203 000000;1.8645;1.8645;1.8645;1.8645;0
20171204 000000;1.8687;1.8687;1.8687;1.8687;0
20171205 000000;1.8647;1.8647;1.8647;1.8647;0
20171206 000000;1.8549;1.8549;1.8549;1.8549;0
20171207 000000;1.8518;1.8518;1.8518;1.8518;0
20171208 000000;1.8498;1.8498;1.8498;1.8498;0
20171209 000000;1.8498;1.8498;1.8498;1.8498;0
20171210 000000;1.8498;1.8498;1.8498;1.8498;0
20171211 000000;1.8573;1.8573;1.8573;1.8573;0
20171212 000000;1.8522;1.8522;1.8522;1.8522;0
20171213 000000;1.8434;1.8434;1.8434;1.8434;0
20171214 000000;1.8541;1.8541;1.8541;1.8541;0
20171215 000000;1.8503;1.8503;1.8503;1.8503;0
20171216 000000;1.8503;1.8503;1.8503;1.8503;0
20171217 000000;1.8503;1.8503;1.8503;1.8503;0
20171218 000000;1.8554;1.8554;1.8554;1.8554;0
20171219 000000;1.8591;1.8591;1.8591;1.8591;0
20171220 000000;1.8536;1.8536;1.8536;1.8536;0
20171221 000000;1.8594;1.8594;1.8594;1.8594;0
20171222 000000;1.8569;1.8569;1.8569;1.8569;0
20171223 000000;1.8569;1.8569;1.8569;1.8569;0
20171224 000000;1.8569;1.8569;1.8569;1.8569;0
20171225 000000;1.8569;1.8569;1.8569;1.8569;0
20171226 000000;1.8569;1.8569;1.8569;1.8569;0
20171227 000000;1.8617;1.8617;1.8617;1.8617;0
20171228 000000;1.8657;1.8657;1.8657;1.8657;0
20171229 000000;1.8684;1.8684;1.8684;1.8684;0
20171230 000000;1.8684;1.8684;1.8684;1.8684;0
20171231 000000;1.8684;1.8684;1.8684;1.8684;0
20180101 000000;1.8684;1.8684;1.8684;1.8684;0
20180102 000000;1.8816;1.8816;1.8816;1.8816;0
20180103 000000;1.8767;1.8767;1.8767;1.8767;0
20180104 000000;1.8862;1.8862;1.8862;1.8862;0
20180105 000000;1.8807;1.8807;1.8807;1.8807;0
20180106 000000;1.8807;1.8807;1.8807;1.8807;0
20180107 000000;1.8807;1.8807;1.8807;1.8807;0
20180108 000000;1.8677;1.8677;1.8677;1.8677;0
20180109 000000;1.863;1.863;1.863;1.863;0
20180110 000000;1.8653;1.8653;1.8653;1.8653;0
20180111 000000;1.8697;1.8697;1.8697;1.8697;0
20180112 000000;1.8795;1.8795;1.8795;1.8795;0
20180113 000000;1.8795;1.8795;1.8795;1.8795;0
20180114 000000;1.8795;1.8795;1.8795;1.8795;0
20180115 000000;1.8961;1.8961;1.8961;1.8961;0
20180116 000000;1.8886;1.8886;1.8886;1.8886;0
20180117 000000;1.8826;1.8826;1.8826;1.8826;0
20180118 000000;1.886;1.886;1.886;1.886;0
20180119 000000;1.8813;1.8813;1.8813;1.8813;0
20180120 000000;1.8813;1.8813;1.8813;1.8813;0
20180121 000000;1.8813;1.8813;1.8813;1.8813;0
20180122 000000;1.8792;1.8792;1.8792;1.8792;0
20180123 000000;1.8819;1.8819;1.8819;1.8819;0
20180124 000000;1.894;1.894;1.894;1.894;0
20180125 000000;1.8942;1.8942;1.8942;1.8942;0
20180126 000000;1.8998;1.8998;1.8998;1.8998;0
20180127 000000;1.8998;1.8998;1.8998;1.8998;0
20180128 000000;1.8998;1.8998;1.8998;1.8998;0
20180129 000000;1.8917;1.8917;1.8917;1.8917;0
20180130 000000;1.8955;1.8955;1.8955;1.8955;0
20180131 000000;1.8876;1.8876;1.8876;1.8876;0
20180201 000000;1.8884;1.8884;1.8884;1.8884;0
20180202 000000;1.8909;1.8909;1.8909;1.8909;0
20180203 000000;1.8909;1.8909;1.8909;1.8909;0
20180204 000000;1.8909;1.8909;1.8909;1.8909;0
20180205 000000;1.8816;1.8816;1.8816;1.8816;0
20180206 000000;1.8597;1.8597;1.8597;1.8597;0
20180207 000000;1.8612;1.8612;1.8612;1.8612;0
20180208 000000;1.8599;1.8599;1.8599;1.8599;0
20180209 000000;1.8462;1.8462;1.8462;1.8462;0
20180210 000000;1.8462;1.8462;1.8462;1.8462;0
20180211 000000;1.8462;1.8462;1.8462;1.8462;0
20180212 000000;1.8589;1.8589;1.8589;1.8589;0
20180213 000000;1.8727;1.8727;1.8727;1.8727;0
20180214 000000;1.8778;1.8778;1.8778;1.8778;0
20180215 000000;1.9084;1.9084;1.9084;1.9084;0
20180216 000000;1.901;1.901;1.901;1.901;0
20180217 000000;1.901;1.901;1.901;1.901;0
20180218 000000;1.901;1.901;1.901;1.901;0
20180219 000000;1.899;1.899;1.899;1.899;0
20180220 000000;1.888;1.888;1.888;1.888;0
20180221 000000;1.8782;1.8782;1.8782;1.8782;0
20180222 000000;1.8672;1.8672;1.8672;1.8672;0
20180223 000000;1.8685;1.8685;1.8685;1.8685;0
20180224 000000;1.8685;1.8685;1.8685;1.8685;0
20180225 000000;1.8685;1.8685;1.8685;1.8685;0
20180226 000000;1.864;1.864;1.864;1.864;0
20180227 000000;1.8638;1.8638;1.8638;1.8638;0
20180228 000000;1.8498;1.8498;1.8498;1.8498;0
20180301 000000;1.8467;1.8467;1.8467;1.8467;0
20180302 000000;1.8625;1.8625;1.8625;1.8625;0
20180303 000000;1.8625;1.8625;1.8625;1.8625;0
20180304 000000;1.8625;1.8625;1.8625;1.8625;0
20180305 000000;1.8619;1.8619;1.8619;1.8619;0
20180306 000000;1.8782;1.8782;1.8782;1.8782;0
20180307 000000;1.8714;1.8714;1.8714;1.8714;0
20180308 000000;1.8718;1.8718;1.8718;1.8718;0
20180309 000000;1.8538;1.8538;1.8538;1.8538;0
20180310 000000;1.8538;1.8538;1.8538;1.8538;0
20180311 000000;1.8538;1.8538;1.8538;1.8538;0
20180312 000000;1.8539;1.8539;1.8539;1.8539;0
20180313 000000;1.8582;1.8582;1.8582;1.8582;0
20180314 000000;1.8582;1.8582;1.8582;1.8582;0
20180315 000000;1.851;1.851;1.851;1.851;0
20180316 000000;1.845;1.845;1.845;1.845;0
20180317 000000;1.845;1.845;1.845;1.845;0
20180318 000000;1.845;1.845;1.845;1.845;0
20180319 000000;1.8483;1.8483;1.8483;1.8483;0
20180320 000000;1.8389;1.8389;1.8389;1.8389;0
20180321 000000;1.8358;1.8358;1.8358;1.8358;0
20180322 000000;1.848;1.848;1.848;1.848;0
20180323 000000;1.845;1.845;1.845;1.845;0
20180324 000000;1.845;1.845;1.845;1.845;0
20180325 000000;1.845;1.845;1.845;1.845;0
20180326 000000;1.8422;1.8422;1.8422;1.8422;0
20180327 000000;1.8421;1.8421;1.8421;1.8421;0
20180328 000000;1.8533;1.8533;1.8533;1.8533;0
20180329 000000;1.8398;1.8398;1.8398;1.8398;0
20180330 000000;1.8398;1.8398;1.8398;1.8398;0
20180331 000000;1.8398;1.8398;1.8398;1.8398;0
20180401 000000;1.8398;1.8398;1.8398;1.8398;0
20180402 000000;1.8398;1.8398;1.8398;1.8398;0
20180403 000000;1.8379;1.8379;1.8379;1.8379;0
20180404 000000;1.8415;1.8415;1.8415;1.8415;0
20180405 000000;1.8387;1.8387;1.8387;1.8387;0
20180406 000000;1.8374;1.8374;1.8374;1.8374;0
20180407 000000;1.8374;1.8374;1.8374;1.8374;0
20180408 000000;1.8374;1.8374;1.8374;1.8374;0
20180409 000000;1.8518;1.8518;1.8518;1.8518;0
20180410 000000;1.8541;1.8541;1.8541;1.8541;0
20180411 000000;1.8565;1.8565;1.8565;1.8565;0
20180412 000000;1.851;1.851;1.851;1.851;0
20180413 000000;1.8524;1.8524;1.8524;1.8524;0
20180414 000000;1.8524;1.8524;1.8524;1.8524;0
20180415 000000;1.8524;1.8524;1.8524;1.8524;0
20180416 000000;1.8672;1.8672;1.8672;1.8672;0
20180417 000000;1.8662;1.8662;1.8662;1.8662;0
20180418 000000;1.8665;1.8665;1.8665;1.8665;0
20180419 000000;1.8653;1.8653;1.8653;1.8653;0
20180420 000000;1.8583;1.8583;1.8583;1.8583;0
20180421 000000;1.8583;1.8583;1.8583;1.8583;0
20180422 000000;1.8583;1.8583;1.8583;1.8583;0
20180423 000000;1.843;1.843;1.843;1.843;0
20180424 000000;1.8338;1.8338;1.8338;1.8338;0
20180425 000000;1.824;1.824;1.824;1.824;0
20180426 000000;1.8169;1.8169;1.8169;1.8169;0
20180427 000000;1.8149;1.8149;1.8149;1.8149;0
20180428 000000;1.8149;1.8149;1.8149;1.8149;0
20180429 000000;1.8149;1.8149;1.8149;1.8149;0
20180430 000000;1.8118;1.8118;1.8118;1.8118;0
20180501 000000;1.8118;1.8118;1.8118;1.8118;0
20180502 000000;1.7858;1.7858;1.7858;1.7858;0
20180503 000000;1.786;1.786;1.786;1.786;0
20180504 000000;1.7891;1.7891;1.7891;1.7891;0
20180505 000000;1.7891;1.7891;1.7891;1.7891;0
20180506 000000;1.7891;1.7891;1.7891;1.7891;0
20180507 000000;1.7815;1.7815;1.7815;1.7815;0
20180508 000000;1.7664;1.7664;1.7664;1.7664;0
20180509 000000;1.773;1.773;1.773;1.773;0
20180510 000000;1.7769;1.7769;1.7769;1.7769;0
20180511 000000;1.7747;1.7747;1.7747;1.7747;0
20180512 000000;1.7747;1.7747;1.7747;1.7747;0
20180513 000000;1.7747;1.7747;1.7747;1.7747;0
20180514 000000;1.7822;1.7822;1.7822;1.7822;0
20180515 000000;1.765;1.765;1.765;1.765;0
20180516 000000;1.7519;1.7519;1.7519;1.7519;0
20180517 000000;1.7523;1.7523;1.7523;1.7523;0
