20130101 000000;3.3748;3.3748;3.3748;3.3748;0
20130102 000000;3.3687;3.3687;3.3687;3.3687;0
20130103 000000;3.3816;3.3816;3.3816;3.3816;0
20130104 000000;3.4043;3.4043;3.4043;3.4043;0
20130105 000000;3.4043;3.4043;3.4043;3.4043;0
20130106 000000;3.4043;3.4043;3.4043;3.4043;0
20130107 000000;3.408;3.408;3.408;3.408;0
20130108 000000;3.4109;3.4109;3.4109;3.4109;0
20130109 000000;3.399;3.399;3.399;3.399;0
20130110 000000;3.3781;3.3781;3.3781;3.3781;0
20130111 000000;3.3725;3.3725;3.3725;3.3725;0
20130112 000000;3.3725;3.3725;3.3725;3.3725;0
20130113 000000;3.3725;3.3725;3.3725;3.3725;0
20130114 000000;3.3652;3.3652;3.3652;3.3652;0
20130115 000000;3.3339;3.3339;3.3339;3.3339;0
20130116 000000;3.3427;3.3427;3.3427;3.3427;0
20130117 000000;3.3087;3.3087;3.3087;3.3087;0
20130118 000000;3.3308;3.3308;3.3308;3.3308;0
20130119 000000;3.3308;3.3308;3.3308;3.3308;0
20130120 000000;3.3308;3.3308;3.3308;3.3308;0
20130121 000000;3.3571;3.3571;3.3571;3.3571;0
20130122 000000;3.3705;3.3705;3.3705;3.3705;0
20130123 000000;3.362;3.362;3.362;3.362;0
20130124 000000;3.3751;3.3751;3.3751;3.3751;0
20130125 000000;3.3566;3.3566;3.3566;3.3566;0
20130126 000000;3.3566;3.3566;3.3566;3.3566;0
20130127 000000;3.3566;3.3566;3.3566;3.3566;0
20130128 000000;3.3667;3.3667;3.3667;3.3667;0
20130129 000000;3.39;3.39;3.39;3.39;0
20130130 000000;3.3883;3.3883;3.3883;3.3883;0
20130131 000000;3.3986;3.3986;3.3986;3.3986;0
20130201 000000;3.3837;3.3837;3.3837;3.3837;0
20130202 000000;3.3837;3.3837;3.3837;3.3837;0
20130203 000000;3.3837;3.3837;3.3837;3.3837;0
20130204 000000;3.3717;3.3717;3.3717;3.3717;0
20130205 000000;3.3999;3.3999;3.3999;3.3999;0
20130206 000000;3.3907;3.3907;3.3907;3.3907;0
20130207 000000;3.402;3.402;3.402;3.402;0
20130208 000000;3.3864;3.3864;3.3864;3.3864;0
20130209 000000;3.3864;3.3864;3.3864;3.3864;0
20130210 000000;3.3864;3.3864;3.3864;3.3864;0
20130211 000000;3.3786;3.3786;3.3786;3.3786;0
20130212 000000;3.3874;3.3874;3.3874;3.3874;0
20130213 000000;3.3739;3.3739;3.3739;3.3739;0
20130214 000000;3.3975;3.3975;3.3975;3.3975;0
20130215 000000;3.4062;3.4062;3.4062;3.4062;0
20130216 000000;3.4062;3.4062;3.4062;3.4062;0
20130217 000000;3.4062;3.4062;3.4062;3.4062;0
20130218 000000;3.3969;3.3969;3.3969;3.3969;0
20130219 000000;3.3797;3.3797;3.3797;3.3797;0
20130220 000000;3.3667;3.3667;3.3667;3.3667;0
20130221 000000;3.3959;3.3959;3.3959;3.3959;0
20130222 000000;3.3849;3.3849;3.3849;3.3849;0
20130223 000000;3.3849;3.3849;3.3849;3.3849;0
20130224 000000;3.3849;3.3849;3.3849;3.3849;0
20130225 000000;3.3702;3.3702;3.3702;3.3702;0
20130226 000000;3.4255;3.4255;3.4255;3.4255;0
20130227 000000;3.4202;3.4202;3.4202;3.4202;0
20130228 000000;3.4004;3.4004;3.4004;3.4004;0
20130301 000000;3.3873;3.3873;3.3873;3.3873;0
20130302 000000;3.3873;3.3873;3.3873;3.3873;0
20130303 000000;3.3873;3.3873;3.3873;3.3873;0
20130304 000000;3.3778;3.3778;3.3778;3.3778;0
20130305 000000;3.3648;3.3648;3.3648;3.3648;0
20130306 000000;3.3733;3.3733;3.3733;3.3733;0
20130307 000000;3.37;3.37;3.37;3.37;0
20130308 000000;3.3493;3.3493;3.3493;3.3493;0
20130309 000000;3.3493;3.3493;3.3493;3.3493;0
20130310 000000;3.3493;3.3493;3.3493;3.3493;0
20130311 000000;3.3553;3.3553;3.3553;3.3553;0
20130312 000000;3.3579;3.3579;3.3579;3.3579;0
20130313 000000;3.3594;3.3594;3.3594;3.3594;0
20130314 000000;3.3651;3.3651;3.3651;3.3651;0
20130315 000000;3.3722;3.3722;3.3722;3.3722;0
20130316 000000;3.3722;3.3722;3.3722;3.3722;0
20130317 000000;3.3722;3.3722;3.3722;3.3722;0
20130318 000000;3.4011;3.4011;3.4011;3.4011;0
20130319 000000;3.4006;3.4006;3.4006;3.4006;0
20130320 000000;3.4044;3.4044;3.4044;3.4044;0
20130321 000000;3.4215;3.4215;3.4215;3.4215;0
20130322 000000;3.4231;3.4231;3.4231;3.4231;0
20130323 000000;3.4231;3.4231;3.4231;3.4231;0
20130324 000000;3.4231;3.4231;3.4231;3.4231;0
20130325 000000;3.4068;3.4068;3.4068;3.4068;0
20130326 000000;3.4217;3.4217;3.4217;3.4217;0
20130327 000000;3.435;3.435;3.435;3.435;0
20130328 000000;3.428;3.428;3.428;3.428;0
20130329 000000;3.428;3.428;3.428;3.428;0
20130330 000000;3.428;3.428;3.428;3.428;0
20130331 000000;3.428;3.428;3.428;3.428;0
20130401 000000;3.428;3.428;3.428;3.428;0
20130402 000000;3.4416;3.4416;3.4416;3.4416;0
20130403 000000;3.4444;3.4444;3.4444;3.4444;0
20130404 000000;3.4461;3.4461;3.4461;3.4461;0
20130405 000000;3.433;3.433;3.433;3.433;0
20130406 000000;3.433;3.433;3.433;3.433;0
20130407 000000;3.433;3.433;3.433;3.433;0
20130408 000000;3.3928;3.3928;3.3928;3.3928;0
20130409 000000;3.3856;3.3856;3.3856;3.3856;0
20130410 000000;3.3785;3.3785;3.3785;3.3785;0
20130411 000000;3.3744;3.3744;3.3744;3.3744;0
20130412 000000;3.3731;3.3731;3.3731;3.3731;0
20130413 000000;3.3731;3.3731;3.3731;3.3731;0
20130414 000000;3.3731;3.3731;3.3731;3.3731;0
20130415 000000;3.3862;3.3862;3.3862;3.3862;0
20130416 000000;3.3841;3.3841;3.3841;3.3841;0
20130417 000000;3.3867;3.3867;3.3867;3.3867;0
20130418 000000;3.3827;3.3827;3.3827;3.3827;0
20130419 000000;3.3675;3.3675;3.3675;3.3675;0
20130420 000000;3.3675;3.3675;3.3675;3.3675;0
20130421 000000;3.3675;3.3675;3.3675;3.3675;0
20130422 000000;3.3704;3.3704;3.3704;3.3704;0
20130423 000000;3.3834;3.3834;3.3834;3.3834;0
20130424 000000;3.3626;3.3626;3.3626;3.3626;0
20130425 000000;3.362;3.362;3.362;3.362;0
20130426 000000;3.3887;3.3887;3.3887;3.3887;0
20130427 000000;3.3887;3.3887;3.3887;3.3887;0
20130428 000000;3.3887;3.3887;3.3887;3.3887;0
20130429 000000;3.3642;3.3642;3.3642;3.3642;0
20130430 000000;3.3914;3.3914;3.3914;3.3914;0
20130501 000000;3.3914;3.3914;3.3914;3.3914;0
20130502 000000;3.3866;3.3866;3.3866;3.3866;0
20130503 000000;3.3843;3.3843;3.3843;3.3843;0
20130504 000000;3.3843;3.3843;3.3843;3.3843;0
20130505 000000;3.3843;3.3843;3.3843;3.3843;0
20130506 000000;3.3807;3.3807;3.3807;3.3807;0
20130507 000000;3.3666;3.3666;3.3666;3.3666;0
20130508 000000;3.3529;3.3529;3.3529;3.3529;0
20130509 000000;3.3574;3.3574;3.3574;3.3574;0
20130510 000000;3.3335;3.3335;3.3335;3.3335;0
20130511 000000;3.3335;3.3335;3.3335;3.3335;0
20130512 000000;3.3335;3.3335;3.3335;3.3335;0
20130513 000000;3.3501;3.3501;3.3501;3.3501;0
20130514 000000;3.3558;3.3558;3.3558;3.3558;0
20130515 000000;3.3464;3.3464;3.3464;3.3464;0
20130516 000000;3.3612;3.3612;3.3612;3.3612;0
20130517 000000;3.35;3.35;3.35;3.35;0
20130518 000000;3.35;3.35;3.35;3.35;0
20130519 000000;3.35;3.35;3.35;3.35;0
20130520 000000;3.3564;3.3564;3.3564;3.3564;0
20130521 000000;3.3583;3.3583;3.3583;3.3583;0
20130522 000000;3.3165;3.3165;3.3165;3.3165;0
20130523 000000;3.3711;3.3711;3.3711;3.3711;0
20130524 000000;3.3677;3.3677;3.3677;3.3677;0
20130525 000000;3.3677;3.3677;3.3677;3.3677;0
20130526 000000;3.3677;3.3677;3.3677;3.3677;0
20130527 000000;3.3677;3.3677;3.3677;3.3677;0
20130528 000000;3.3356;3.3356;3.3356;3.3356;0
20130529 000000;3.3854;3.3854;3.3854;3.3854;0
20130530 000000;3.4169;3.4169;3.4169;3.4169;0
20130531 000000;3.4493;3.4493;3.4493;3.4493;0
20130601 000000;3.4493;3.4493;3.4493;3.4493;0
20130602 000000;3.4493;3.4493;3.4493;3.4493;0
20130603 000000;3.4253;3.4253;3.4253;3.4253;0
20130604 000000;3.4174;3.4174;3.4174;3.4174;0
20130605 000000;3.4316;3.4316;3.4316;3.4316;0
20130606 000000;3.4603;3.4603;3.4603;3.4603;0
20130607 000000;3.5084;3.5084;3.5084;3.5084;0
20130608 000000;3.5084;3.5084;3.5084;3.5084;0
20130609 000000;3.5084;3.5084;3.5084;3.5084;0
20130610 000000;3.4314;3.4314;3.4314;3.4314;0
20130611 000000;3.4774;3.4774;3.4774;3.4774;0
20130612 000000;3.4514;3.4514;3.4514;3.4514;0
20130613 000000;3.4699;3.4699;3.4699;3.4699;0
20130614 000000;3.4367;3.4367;3.4367;3.4367;0
20130615 000000;3.4367;3.4367;3.4367;3.4367;0
20130616 000000;3.4367;3.4367;3.4367;3.4367;0
20130617 000000;3.4365;3.4365;3.4365;3.4365;0
20130618 000000;3.4555;3.4555;3.4555;3.4555;0
20130619 000000;3.4559;3.4559;3.4559;3.4559;0
20130620 000000;3.5054;3.5054;3.5054;3.5054;0
20130621 000000;3.5318;3.5318;3.5318;3.5318;0
20130622 000000;3.5318;3.5318;3.5318;3.5318;0
20130623 000000;3.5318;3.5318;3.5318;3.5318;0
20130624 000000;3.5536;3.5536;3.5536;3.5536;0
20130625 000000;3.5205;3.5205;3.5205;3.5205;0
20130626 000000;3.5431;3.5431;3.5431;3.5431;0
20130627 000000;3.505;3.505;3.505;3.505;0
20130628 000000;3.5156;3.5156;3.5156;3.5156;0
20130629 000000;3.5156;3.5156;3.5156;3.5156;0
20130630 000000;3.5156;3.5156;3.5156;3.5156;0
20130701 000000;3.5113;3.5113;3.5113;3.5113;0
20130702 000000;3.5073;3.5073;3.5073;3.5073;0
20130703 000000;3.5299;3.5299;3.5299;3.5299;0
20130704 000000;3.4947;3.4947;3.4947;3.4947;0
20130705 000000;3.47;3.47;3.47;3.47;0
20130706 000000;3.47;3.47;3.47;3.47;0
20130707 000000;3.47;3.47;3.47;3.47;0
20130708 000000;3.4633;3.4633;3.4633;3.4633;0
20130709 000000;3.4744;3.4744;3.4744;3.4744;0
20130710 000000;3.4827;3.4827;3.4827;3.4827;0
20130711 000000;3.4919;3.4919;3.4919;3.4919;0
20130712 000000;3.4867;3.4867;3.4867;3.4867;0
20130713 000000;3.4867;3.4867;3.4867;3.4867;0
20130714 000000;3.4867;3.4867;3.4867;3.4867;0
20130715 000000;3.4577;3.4577;3.4577;3.4577;0
20130716 000000;3.4403;3.4403;3.4403;3.4403;0
20130717 000000;3.453;3.453;3.453;3.453;0
20130718 000000;3.4349;3.4349;3.4349;3.4349;0
20130719 000000;3.4356;3.4356;3.4356;3.4356;0
20130720 000000;3.4356;3.4356;3.4356;3.4356;0
20130721 000000;3.4356;3.4356;3.4356;3.4356;0
20130722 000000;3.4095;3.4095;3.4095;3.4095;0
20130723 000000;3.4025;3.4025;3.4025;3.4025;0
20130724 000000;3.3964;3.3964;3.3964;3.3964;0
20130725 000000;3.4317;3.4317;3.4317;3.4317;0
20130726 000000;3.4356;3.4356;3.4356;3.4356;0
20130727 000000;3.4356;3.4356;3.4356;3.4356;0
20130728 000000;3.4356;3.4356;3.4356;3.4356;0
20130729 000000;3.4302;3.4302;3.4302;3.4302;0
20130730 000000;3.4254;3.4254;3.4254;3.4254;0
20130731 000000;3.44;3.44;3.44;3.44;0
20130801 000000;3.438;3.438;3.438;3.438;0
20130802 000000;3.4362;3.4362;3.4362;3.4362;0
20130803 000000;3.4362;3.4362;3.4362;3.4362;0
20130804 000000;3.4362;3.4362;3.4362;3.4362;0
20130805 000000;3.4158;3.4158;3.4158;3.4158;0
20130806 000000;3.4227;3.4227;3.4227;3.4227;0
20130807 000000;3.4226;3.4226;3.4226;3.4226;0
20130808 000000;3.4181;3.4181;3.4181;3.4181;0
20130809 000000;3.4019;3.4019;3.4019;3.4019;0
20130810 000000;3.4019;3.4019;3.4019;3.4019;0
20130811 000000;3.4019;3.4019;3.4019;3.4019;0
20130812 000000;3.3981;3.3981;3.3981;3.3981;0
20130813 000000;3.3916;3.3916;3.3916;3.3916;0
20130814 000000;3.386;3.386;3.386;3.386;0
20130815 000000;3.3847;3.3847;3.3847;3.3847;0
20130816 000000;3.4225;3.4225;3.4225;3.4225;0
20130817 000000;3.4225;3.4225;3.4225;3.4225;0
20130818 000000;3.4225;3.4225;3.4225;3.4225;0
20130819 000000;3.441;3.441;3.441;3.441;0
20130820 000000;3.4299;3.4299;3.4299;3.4299;0
20130821 000000;3.4446;3.4446;3.4446;3.4446;0
20130822 000000;3.4348;3.4348;3.4348;3.4348;0
20130823 000000;3.4247;3.4247;3.4247;3.4247;0
20130824 000000;3.4247;3.4247;3.4247;3.4247;0
20130825 000000;3.4247;3.4247;3.4247;3.4247;0
20130826 000000;3.4233;3.4233;3.4233;3.4233;0
20130827 000000;3.454;3.454;3.454;3.454;0
20130828 000000;3.4931;3.4931;3.4931;3.4931;0
20130829 000000;3.4794;3.4794;3.4794;3.4794;0
20130830 000000;3.4633;3.4633;3.4633;3.4633;0
20130831 000000;3.4633;3.4633;3.4633;3.4633;0
20130901 000000;3.4633;3.4633;3.4633;3.4633;0
20130902 000000;3.4544;3.4544;3.4544;3.4544;0
20130903 000000;3.4651;3.4651;3.4651;3.4651;0
20130904 000000;3.4559;3.4559;3.4559;3.4559;0
20130905 000000;3.4598;3.4598;3.4598;3.4598;0
20130906 000000;3.4687;3.4687;3.4687;3.4687;0
20130907 000000;3.4687;3.4687;3.4687;3.4687;0
20130908 000000;3.4687;3.4687;3.4687;3.4687;0
20130909 000000;3.4599;3.4599;3.4599;3.4599;0
20130910 000000;3.4373;3.4373;3.4373;3.4373;0
20130911 000000;3.4153;3.4153;3.4153;3.4153;0
20130912 000000;3.4065;3.4065;3.4065;3.4065;0
20130913 000000;3.4034;3.4034;3.4034;3.4034;0
20130914 000000;3.4034;3.4034;3.4034;3.4034;0
20130915 000000;3.4034;3.4034;3.4034;3.4034;0
20130916 000000;3.3897;3.3897;3.3897;3.3897;0
20130917 000000;3.4107;3.4107;3.4107;3.4107;0
20130918 000000;3.4218;3.4218;3.4218;3.4218;0
20130919 000000;3.3916;3.3916;3.3916;3.3916;0
20130920 000000;3.4305;3.4305;3.4305;3.4305;0
20130921 000000;3.4305;3.4305;3.4305;3.4305;0
20130922 000000;3.4305;3.4305;3.4305;3.4305;0
20130923 000000;3.4298;3.4298;3.4298;3.4298;0
20130924 000000;3.4379;3.4379;3.4379;3.4379;0
20130925 000000;3.4269;3.4269;3.4269;3.4269;0
20130926 000000;3.4408;3.4408;3.4408;3.4408;0
20130927 000000;3.452;3.452;3.452;3.452;0
20130928 000000;3.452;3.452;3.452;3.452;0
20130929 000000;3.452;3.452;3.452;3.452;0
20130930 000000;3.4591;3.4591;3.4591;3.4591;0
20131001 000000;3.4529;3.4529;3.4529;3.4529;0
20131002 000000;3.4466;3.4466;3.4466;3.4466;0
20131003 000000;3.4256;3.4256;3.4256;3.4256;0
20131004 000000;3.4264;3.4264;3.4264;3.4264;0
20131005 000000;3.4264;3.4264;3.4264;3.4264;0
20131006 000000;3.4264;3.4264;3.4264;3.4264;0
20131007 000000;3.4212;3.4212;3.4212;3.4212;0
20131008 000000;3.4135;3.4135;3.4135;3.4135;0
20131009 000000;3.4106;3.4106;3.4106;3.4106;0
20131010 000000;3.4082;3.4082;3.4082;3.4082;0
20131011 000000;3.4052;3.4052;3.4052;3.4052;0
20131012 000000;3.4052;3.4052;3.4052;3.4052;0
20131013 000000;3.4052;3.4052;3.4052;3.4052;0
20131014 000000;3.3913;3.3913;3.3913;3.3913;0
20131015 000000;3.3825;3.3825;3.3825;3.3825;0
20131016 000000;3.3842;3.3842;3.3842;3.3842;0
20131017 000000;3.3864;3.3864;3.3864;3.3864;0
20131018 000000;3.3872;3.3872;3.3872;3.3872;0
20131019 000000;3.3872;3.3872;3.3872;3.3872;0
20131020 000000;3.3872;3.3872;3.3872;3.3872;0
20131021 000000;3.386;3.386;3.386;3.386;0
20131022 000000;3.3849;3.3849;3.3849;3.3849;0
20131023 000000;3.3951;3.3951;3.3951;3.3951;0
20131024 000000;3.4025;3.4025;3.4025;3.4025;0
20131025 000000;3.3899;3.3899;3.3899;3.3899;0
20131026 000000;3.3899;3.3899;3.3899;3.3899;0
20131027 000000;3.3899;3.3899;3.3899;3.3899;0
20131028 000000;3.391;3.391;3.391;3.391;0
20131029 000000;3.3855;3.3855;3.3855;3.3855;0
20131030 000000;3.3855;3.3855;3.3855;3.3855;0
20131031 000000;3.3879;3.3879;3.3879;3.3879;0
20131101 000000;3.4017;3.4017;3.4017;3.4017;0
20131102 000000;3.4017;3.4017;3.4017;3.4017;0
20131103 000000;3.4017;3.4017;3.4017;3.4017;0
20131104 000000;3.3908;3.3908;3.3908;3.3908;0
20131105 000000;3.3994;3.3994;3.3994;3.3994;0
20131106 000000;3.3826;3.3826;3.3826;3.3826;0
20131107 000000;3.3845;3.3845;3.3845;3.3845;0
20131108 000000;3.3979;3.3979;3.3979;3.3979;0
20131109 000000;3.3979;3.3979;3.3979;3.3979;0
20131110 000000;3.3979;3.3979;3.3979;3.3979;0
20131111 000000;3.4105;3.4105;3.4105;3.4105;0
20131112 000000;3.4097;3.4097;3.4097;3.4097;0
20131113 000000;3.4118;3.4118;3.4118;3.4118;0
20131114 000000;3.394;3.394;3.394;3.394;0
20131115 000000;3.3881;3.3881;3.3881;3.3881;0
20131116 000000;3.3881;3.3881;3.3881;3.3881;0
20131117 000000;3.3881;3.3881;3.3881;3.3881;0
20131118 000000;3.389;3.389;3.389;3.389;0
20131119 000000;3.3916;3.3916;3.3916;3.3916;0
20131120 000000;3.3975;3.3975;3.3975;3.3975;0
20131121 000000;3.4034;3.4034;3.4034;3.4034;0
20131122 000000;3.4123;3.4123;3.4123;3.4123;0
20131123 000000;3.4123;3.4123;3.4123;3.4123;0
20131124 000000;3.4123;3.4123;3.4123;3.4123;0
20131125 000000;3.4048;3.4048;3.4048;3.4048;0
20131126 000000;3.4103;3.4103;3.4103;3.4103;0
20131127 000000;3.4162;3.4162;3.4162;3.4162;0
20131128 000000;3.4036;3.4036;3.4036;3.4036;0
20131129 000000;3.4201;3.4201;3.4201;3.4201;0
20131130 000000;3.4201;3.4201;3.4201;3.4201;0
20131201 000000;3.4201;3.4201;3.4201;3.4201;0
20131202 000000;3.403;3.403;3.403;3.403;0
20131203 000000;3.4209;3.4209;3.4209;3.4209;0
20131204 000000;3.4222;3.4222;3.4222;3.4222;0
20131205 000000;3.4166;3.4166;3.4166;3.4166;0
20131206 000000;3.4288;3.4288;3.4288;3.4288;0
20131207 000000;3.4288;3.4288;3.4288;3.4288;0
20131208 000000;3.4288;3.4288;3.4288;3.4288;0
20131209 000000;3.423;3.423;3.423;3.423;0
20131210 000000;3.4243;3.4243;3.4243;3.4243;0
20131211 000000;3.4234;3.4234;3.4234;3.4234;0
20131212 000000;3.425;3.425;3.425;3.425;0
20131213 000000;3.4186;3.4186;3.4186;3.4186;0
20131214 000000;3.4186;3.4186;3.4186;3.4186;0
20131215 000000;3.4186;3.4186;3.4186;3.4186;0
20131216 000000;3.4194;3.4194;3.4194;3.4194;0
20131217 000000;3.4237;3.4237;3.4237;3.4237;0
20131218 000000;3.4218;3.4218;3.4218;3.4218;0
20131219 000000;3.4042;3.4042;3.4042;3.4042;0
20131220 000000;3.3966;3.3966;3.3966;3.3966;0
20131221 000000;3.3966;3.3966;3.3966;3.3966;0
20131222 000000;3.3966;3.3966;3.3966;3.3966;0
20131223 000000;3.3937;3.3937;3.3937;3.3937;0
20131224 000000;3.3833;3.3833;3.3833;3.3833;0
20131225 000000;3.3833;3.3833;3.3833;3.3833;0
20131226 000000;3.3833;3.3833;3.3833;3.3833;0
20131227 000000;3.3934;3.3934;3.3934;3.3934;0
20131228 000000;3.3934;3.3934;3.3934;3.3934;0
20131229 000000;3.3934;3.3934;3.3934;3.3934;0
20131230 000000;3.3842;3.3842;3.3842;3.3842;0
20131231 000000;3.3841;3.3841;3.3841;3.3841;0
20140101 000000;3.3841;3.3841;3.3841;3.3841;0
20140102 000000;3.3877;3.3877;3.3877;3.3877;0
20140103 000000;3.3844;3.3844;3.3844;3.3844;0
20140104 000000;3.3844;3.3844;3.3844;3.3844;0
20140105 000000;3.3844;3.3844;3.3844;3.3844;0
20140106 000000;3.3902;3.3902;3.3902;3.3902;0
20140107 000000;3.378;3.378;3.378;3.378;0
20140108 000000;3.3729;3.3729;3.3729;3.3729;0
20140109 000000;3.3761;3.3761;3.3761;3.3761;0
20140110 000000;3.3827;3.3827;3.3827;3.3827;0
20140111 000000;3.3827;3.3827;3.3827;3.3827;0
20140112 000000;3.3827;3.3827;3.3827;3.3827;0
20140113 000000;3.3659;3.3659;3.3659;3.3659;0
20140114 000000;3.3653;3.3653;3.3653;3.3653;0
20140115 000000;3.3653;3.3653;3.3653;3.3653;0
20140116 000000;3.3759;3.3759;3.3759;3.3759;0
20140117 000000;3.377;3.377;3.377;3.377;0
20140118 000000;3.377;3.377;3.377;3.377;0
20140119 000000;3.377;3.377;3.377;3.377;0
20140120 000000;3.3702;3.3702;3.3702;3.3702;0
20140121 000000;3.3706;3.3706;3.3706;3.3706;0
20140122 000000;3.3738;3.3738;3.3738;3.3738;0
20140123 000000;3.3839;3.3839;3.3839;3.3839;0
20140124 000000;3.4334;3.4334;3.4334;3.4334;0
20140125 000000;3.4334;3.4334;3.4334;3.4334;0
20140126 000000;3.4334;3.4334;3.4334;3.4334;0
20140127 000000;3.4217;3.4217;3.4217;3.4217;0
20140128 000000;3.4137;3.4137;3.4137;3.4137;0
20140129 000000;3.4378;3.4378;3.4378;3.4378;0
20140130 000000;3.4588;3.4588;3.4588;3.4588;0
20140131 000000;3.4769;3.4769;3.4769;3.4769;0
20140201 000000;3.4769;3.4769;3.4769;3.4769;0
20140202 000000;3.4769;3.4769;3.4769;3.4769;0
20140203 000000;3.4551;3.4551;3.4551;3.4551;0
20140204 000000;3.4421;3.4421;3.4421;3.4421;0
20140205 000000;3.4318;3.4318;3.4318;3.4318;0
20140206 000000;3.426;3.426;3.426;3.426;0
20140207 000000;3.422;3.422;3.422;3.422;0
20140208 000000;3.422;3.422;3.422;3.422;0
20140209 000000;3.422;3.422;3.422;3.422;0
20140210 000000;3.417;3.417;3.417;3.417;0
20140211 000000;3.4185;3.4185;3.4185;3.4185;0
20140212 000000;3.4009;3.4009;3.4009;3.4009;0
20140213 000000;3.4115;3.4115;3.4115;3.4115;0
20140214 000000;3.3954;3.3954;3.3954;3.3954;0
20140215 000000;3.3954;3.3954;3.3954;3.3954;0
20140216 000000;3.3954;3.3954;3.3954;3.3954;0
20140217 000000;3.3934;3.3934;3.3934;3.3934;0
20140218 000000;3.3989;3.3989;3.3989;3.3989;0
20140219 000000;3.4169;3.4169;3.4169;3.4169;0
20140220 000000;3.4255;3.4255;3.4255;3.4255;0
20140221 000000;3.4162;3.4162;3.4162;3.4162;0
20140222 000000;3.4162;3.4162;3.4162;3.4162;0
20140223 000000;3.4162;3.4162;3.4162;3.4162;0
20140224 000000;3.4055;3.4055;3.4055;3.4055;0
20140225 000000;3.4056;3.4056;3.4056;3.4056;0
20140226 000000;3.4113;3.4113;3.4113;3.4113;0
20140227 000000;3.4355;3.4355;3.4355;3.4355;0
20140228 000000;3.4293;3.4293;3.4293;3.4293;0
20140301 000000;3.4293;3.4293;3.4293;3.4293;0
20140302 000000;3.4293;3.4293;3.4293;3.4293;0
20140303 000000;3.4568;3.4568;3.4568;3.4568;0
20140304 000000;3.4395;3.4395;3.4395;3.4395;0
20140305 000000;3.4298;3.4298;3.4298;3.4298;0
20140306 000000;3.4327;3.4327;3.4327;3.4327;0
20140307 000000;3.4386;3.4386;3.4386;3.4386;0
20140308 000000;3.4386;3.4386;3.4386;3.4386;0
20140309 000000;3.4386;3.4386;3.4386;3.4386;0
20140310 000000;3.4459;3.4459;3.4459;3.4459;0
20140311 000000;3.4637;3.4637;3.4637;3.4637;0
20140312 000000;3.4766;3.4766;3.4766;3.4766;0
20140313 000000;3.4729;3.4729;3.4729;3.4729;0
20140314 000000;3.4991;3.4991;3.4991;3.4991;0
20140315 000000;3.4991;3.4991;3.4991;3.4991;0
20140316 000000;3.4991;3.4991;3.4991;3.4991;0
20140317 000000;3.4738;3.4738;3.4738;3.4738;0
20140318 000000;3.4609;3.4609;3.4609;3.4609;0
20140319 000000;3.4505;3.4505;3.4505;3.4505;0
20140320 000000;3.4476;3.4476;3.4476;3.4476;0
20140321 000000;3.4457;3.4457;3.4457;3.4457;0
20140322 000000;3.4457;3.4457;3.4457;3.4457;0
20140323 000000;3.4457;3.4457;3.4457;3.4457;0
20140324 000000;3.4373;3.4373;3.4373;3.4373;0
20140325 000000;3.4421;3.4421;3.4421;3.4421;0
20140326 000000;3.422;3.422;3.422;3.422;0
20140327 000000;3.4295;3.4295;3.4295;3.4295;0
20140328 000000;3.4252;3.4252;3.4252;3.4252;0
20140329 000000;3.4252;3.4252;3.4252;3.4252;0
20140330 000000;3.4252;3.4252;3.4252;3.4252;0
20140331 000000;3.4213;3.4213;3.4213;3.4213;0
20140401 000000;3.4307;3.4307;3.4307;3.4307;0
20140402 000000;3.4264;3.4264;3.4264;3.4264;0
20140403 000000;3.4177;3.4177;3.4177;3.4177;0
20140404 000000;3.4042;3.4042;3.4042;3.4042;0
20140405 000000;3.4042;3.4042;3.4042;3.4042;0
20140406 000000;3.4042;3.4042;3.4042;3.4042;0
20140407 000000;3.4212;3.4212;3.4212;3.4212;0
20140408 000000;3.4184;3.4184;3.4184;3.4184;0
20140409 000000;3.4232;3.4232;3.4232;3.4232;0
20140410 000000;3.4235;3.4235;3.4235;3.4235;0
20140411 000000;3.4403;3.4403;3.4403;3.4403;0
20140412 000000;3.4403;3.4403;3.4403;3.4403;0
20140413 000000;3.4403;3.4403;3.4403;3.4403;0
20140414 000000;3.4412;3.4412;3.4412;3.4412;0
20140415 000000;3.4425;3.4425;3.4425;3.4425;0
20140416 000000;3.4478;3.4478;3.4478;3.4478;0
20140417 000000;3.4445;3.4445;3.4445;3.4445;0
20140418 000000;3.4445;3.4445;3.4445;3.4445;0
20140419 000000;3.4445;3.4445;3.4445;3.4445;0
20140420 000000;3.4445;3.4445;3.4445;3.4445;0
20140421 000000;3.4445;3.4445;3.4445;3.4445;0
20140422 000000;3.431;3.431;3.431;3.431;0
20140423 000000;3.4371;3.4371;3.4371;3.4371;0
20140424 000000;3.4347;3.4347;3.4347;3.4347;0
20140425 000000;3.4466;3.4466;3.4466;3.4466;0
20140426 000000;3.4466;3.4466;3.4466;3.4466;0
20140427 000000;3.4466;3.4466;3.4466;3.4466;0
20140428 000000;3.4537;3.4537;3.4537;3.4537;0
20140429 000000;3.4421;3.4421;3.4421;3.4421;0
20140430 000000;3.4446;3.4446;3.4446;3.4446;0
20140501 000000;3.4446;3.4446;3.4446;3.4446;0
20140502 000000;3.4486;3.4486;3.4486;3.4486;0
20140503 000000;3.4486;3.4486;3.4486;3.4486;0
20140504 000000;3.4486;3.4486;3.4486;3.4486;0
20140505 000000;3.4571;3.4571;3.4571;3.4571;0
20140506 000000;3.453;3.453;3.453;3.453;0
20140507 000000;3.4464;3.4464;3.4464;3.4464;0
20140508 000000;3.4433;3.4433;3.4433;3.4433;0
20140509 000000;3.4321;3.4321;3.4321;3.4321;0
20140510 000000;3.4321;3.4321;3.4321;3.4321;0
20140511 000000;3.4321;3.4321;3.4321;3.4321;0
20140512 000000;3.4246;3.4246;3.4246;3.4246;0
20140513 000000;3.4304;3.4304;3.4304;3.4304;0
20140514 000000;3.4334;3.4334;3.4334;3.4334;0
20140515 000000;3.418;3.418;3.418;3.418;0
20140516 000000;3.4319;3.4319;3.4319;3.4319;0
20140517 000000;3.4319;3.4319;3.4319;3.4319;0
20140518 000000;3.4319;3.4319;3.4319;3.4319;0
20140519 000000;3.4239;3.4239;3.4239;3.4239;0
20140520 000000;3.4274;3.4274;3.4274;3.4274;0
20140521 000000;3.4289;3.4289;3.4289;3.4289;0
20140522 000000;3.4192;3.4192;3.4192;3.4192;0
20140523 000000;3.4096;3.4096;3.4096;3.4096;0
20140524 000000;3.4096;3.4096;3.4096;3.4096;0
20140525 000000;3.4096;3.4096;3.4096;3.4096;0
20140526 000000;3.4029;3.4029;3.4029;3.4029;0
20140527 000000;3.407;3.407;3.407;3.407;0
20140528 000000;3.3999;3.3999;3.3999;3.3999;0
20140529 000000;3.3944;3.3944;3.3944;3.3944;0
20140530 000000;3.3932;3.3932;3.3932;3.3932;0
20140531 000000;3.3932;3.3932;3.3932;3.3932;0
20140601 000000;3.3932;3.3932;3.3932;3.3932;0
20140602 000000;3.389;3.389;3.389;3.389;0
20140603 000000;3.3955;3.3955;3.3955;3.3955;0
20140604 000000;3.3968;3.3968;3.3968;3.3968;0
20140605 000000;3.3755;3.3755;3.3755;3.3755;0
20140606 000000;3.3773;3.3773;3.3773;3.3773;0
20140607 000000;3.3773;3.3773;3.3773;3.3773;0
20140608 000000;3.3773;3.3773;3.3773;3.3773;0
20140609 000000;3.3623;3.3623;3.3623;3.3623;0
20140610 000000;3.3687;3.3687;3.3687;3.3687;0
20140611 000000;3.3778;3.3778;3.3778;3.3778;0
20140612 000000;3.3711;3.3711;3.3711;3.3711;0
20140613 000000;3.3885;3.3885;3.3885;3.3885;0
20140614 000000;3.3885;3.3885;3.3885;3.3885;0
20140615 000000;3.3885;3.3885;3.3885;3.3885;0
20140616 000000;3.4022;3.4022;3.4022;3.4022;0
20140617 000000;3.3944;3.3944;3.3944;3.3944;0
20140618 000000;3.4026;3.4026;3.4026;3.4026;0
20140619 000000;3.3957;3.3957;3.3957;3.3957;0
20140620 000000;3.419;3.419;3.419;3.419;0
20140621 000000;3.419;3.419;3.419;3.419;0
20140622 000000;3.419;3.419;3.419;3.419;0
20140623 000000;3.4107;3.4107;3.4107;3.4107;0
20140624 000000;3.4125;3.4125;3.4125;3.4125;0
20140625 000000;3.4109;3.4109;3.4109;3.4109;0
20140626 000000;3.406;3.406;3.406;3.406;0
20140627 000000;3.4141;3.4141;3.4141;3.4141;0
20140628 000000;3.4141;3.4141;3.4141;3.4141;0
20140629 000000;3.4141;3.4141;3.4141;3.4141;0
20140630 000000;3.4195;3.4195;3.4195;3.4195;0
20140701 000000;3.4258;3.4258;3.4258;3.4258;0
20140702 000000;3.4157;3.4157;3.4157;3.4157;0
20140703 000000;3.4141;3.4141;3.4141;3.4141;0
20140704 000000;3.4041;3.4041;3.4041;3.4041;0
20140705 000000;3.4041;3.4041;3.4041;3.4041;0
20140706 000000;3.4041;3.4041;3.4041;3.4041;0
20140707 000000;3.4086;3.4086;3.4086;3.4086;0
20140708 000000;3.4014;3.4014;3.4014;3.4014;0
20140709 000000;3.3956;3.3956;3.3956;3.3956;0
20140710 000000;3.411;3.411;3.411;3.411;0
20140711 000000;3.4116;3.4116;3.4116;3.4116;0
20140712 000000;3.4116;3.4116;3.4116;3.4116;0
20140713 000000;3.4116;3.4116;3.4116;3.4116;0
20140714 000000;3.4095;3.4095;3.4095;3.4095;0
20140715 000000;3.4103;3.4103;3.4103;3.4103;0
20140716 000000;3.4035;3.4035;3.4035;3.4035;0
20140717 000000;3.4115;3.4115;3.4115;3.4115;0
20140718 000000;3.4153;3.4153;3.4153;3.4153;0
20140719 000000;3.4153;3.4153;3.4153;3.4153;0
20140720 000000;3.4153;3.4153;3.4153;3.4153;0
20140721 000000;3.4182;3.4182;3.4182;3.4182;0
20140722 000000;3.4131;3.4131;3.4131;3.4131;0
20140723 000000;3.4025;3.4025;3.4025;3.4025;0
20140724 000000;3.4075;3.4075;3.4075;3.4075;0
20140725 000000;3.4097;3.4097;3.4097;3.4097;0
20140726 000000;3.4097;3.4097;3.4097;3.4097;0
20140727 000000;3.4097;3.4097;3.4097;3.4097;0
20140728 000000;3.4105;3.4105;3.4105;3.4105;0
20140729 000000;3.4164;3.4164;3.4164;3.4164;0
20140730 000000;3.4127;3.4127;3.4127;3.4127;0
20140731 000000;3.426;3.426;3.426;3.426;0
20140801 000000;3.4439;3.4439;3.4439;3.4439;0
20140802 000000;3.4439;3.4439;3.4439;3.4439;0
20140803 000000;3.4439;3.4439;3.4439;3.4439;0
20140804 000000;3.4286;3.4286;3.4286;3.4286;0
20140805 000000;3.4289;3.4289;3.4289;3.4289;0
20140806 000000;3.4599;3.4599;3.4599;3.4599;0
20140807 000000;3.4599;3.4599;3.4599;3.4599;0
20140808 000000;3.4613;3.4613;3.4613;3.4613;0
20140809 000000;3.4613;3.4613;3.4613;3.4613;0
20140810 000000;3.4613;3.4613;3.4613;3.4613;0
20140811 000000;3.4606;3.4606;3.4606;3.4606;0
20140812 000000;3.4652;3.4652;3.4652;3.4652;0
20140813 000000;3.4565;3.4565;3.4565;3.4565;0
20140814 000000;3.4476;3.4476;3.4476;3.4476;0
20140815 000000;3.451;3.451;3.451;3.451;0
20140816 000000;3.451;3.451;3.451;3.451;0
20140817 000000;3.451;3.451;3.451;3.451;0
20140818 000000;3.4594;3.4594;3.4594;3.4594;0
20140819 000000;3.4611;3.4611;3.4611;3.4611;0
20140820 000000;3.4551;3.4551;3.4551;3.4551;0
20140821 000000;3.4595;3.4595;3.4595;3.4595;0
20140822 000000;3.4598;3.4598;3.4598;3.4598;0
20140823 000000;3.4598;3.4598;3.4598;3.4598;0
20140824 000000;3.4598;3.4598;3.4598;3.4598;0
20140825 000000;3.457;3.457;3.457;3.457;0
20140826 000000;3.4609;3.4609;3.4609;3.4609;0
20140827 000000;3.4775;3.4775;3.4775;3.4775;0
20140828 000000;3.4946;3.4946;3.4946;3.4946;0
20140829 000000;3.4965;3.4965;3.4965;3.4965;0
20140830 000000;3.4965;3.4965;3.4965;3.4965;0
20140831 000000;3.4965;3.4965;3.4965;3.4965;0
20140901 000000;3.4859;3.4859;3.4859;3.4859;0
20140902 000000;3.4908;3.4908;3.4908;3.4908;0
20140903 000000;3.4695;3.4695;3.4695;3.4695;0
20140904 000000;3.4719;3.4719;3.4719;3.4719;0
20140905 000000;3.4758;3.4758;3.4758;3.4758;0
20140906 000000;3.4758;3.4758;3.4758;3.4758;0
20140907 000000;3.4758;3.4758;3.4758;3.4758;0
20140908 000000;3.4609;3.4609;3.4609;3.4609;0
20140909 000000;3.4851;3.4851;3.4851;3.4851;0
20140910 000000;3.4818;3.4818;3.4818;3.4818;0
20140911 000000;3.4699;3.4699;3.4699;3.4699;0
20140912 000000;3.4723;3.4723;3.4723;3.4723;0
20140913 000000;3.4723;3.4723;3.4723;3.4723;0
20140914 000000;3.4723;3.4723;3.4723;3.4723;0
20140915 000000;3.4697;3.4697;3.4697;3.4697;0
20140916 000000;3.4717;3.4717;3.4717;3.4717;0
20140917 000000;3.4605;3.4605;3.4605;3.4605;0
20140918 000000;3.4693;3.4693;3.4693;3.4693;0
20140919 000000;3.4704;3.4704;3.4704;3.4704;0
20140920 000000;3.4704;3.4704;3.4704;3.4704;0
20140921 000000;3.4704;3.4704;3.4704;3.4704;0
20140922 000000;3.4647;3.4647;3.4647;3.4647;0
20140923 000000;3.4596;3.4596;3.4596;3.4596;0
20140924 000000;3.4524;3.4524;3.4524;3.4524;0
20140925 000000;3.459;3.459;3.459;3.459;0
20140926 000000;3.4633;3.4633;3.4633;3.4633;0
20140927 000000;3.4633;3.4633;3.4633;3.4633;0
20140928 000000;3.4633;3.4633;3.4633;3.4633;0
20140929 000000;3.4651;3.4651;3.4651;3.4651;0
20140930 000000;3.4632;3.4632;3.4632;3.4632;0
20141001 000000;3.4638;3.4638;3.4638;3.4638;0
20141002 000000;3.4556;3.4556;3.4556;3.4556;0
20141003 000000;3.4568;3.4568;3.4568;3.4568;0
20141004 000000;3.4568;3.4568;3.4568;3.4568;0
20141005 000000;3.4568;3.4568;3.4568;3.4568;0
20141006 000000;3.4525;3.4525;3.4525;3.4525;0
20141007 000000;3.4536;3.4536;3.4536;3.4536;0
20141008 000000;3.4552;3.4552;3.4552;3.4552;0
20141009 000000;3.4491;3.4491;3.4491;3.4491;0
20141010 000000;3.4597;3.4597;3.4597;3.4597;0
20141011 000000;3.4597;3.4597;3.4597;3.4597;0
20141012 000000;3.4597;3.4597;3.4597;3.4597;0
20141013 000000;3.4707;3.4707;3.4707;3.4707;0
20141014 000000;3.4798;3.4798;3.4798;3.4798;0
20141015 000000;3.4858;3.4858;3.4858;3.4858;0
20141016 000000;3.506;3.506;3.506;3.506;0
20141017 000000;3.5049;3.5049;3.5049;3.5049;0
20141018 000000;3.5049;3.5049;3.5049;3.5049;0
20141019 000000;3.5049;3.5049;3.5049;3.5049;0
20141020 000000;3.5002;3.5002;3.5002;3.5002;0
20141021 000000;3.4955;3.4955;3.4955;3.4955;0
20141022 000000;3.5024;3.5024;3.5024;3.5024;0
20141023 000000;3.5046;3.5046;3.5046;3.5046;0
20141024 000000;3.5021;3.5021;3.5021;3.5021;0
20141025 000000;3.5021;3.5021;3.5021;3.5021;0
20141026 000000;3.5021;3.5021;3.5021;3.5021;0
20141027 000000;3.5022;3.5022;3.5022;3.5022;0
20141028 000000;3.5101;3.5101;3.5101;3.5101;0
20141029 000000;3.5038;3.5038;3.5038;3.5038;0
20141030 000000;3.4968;3.4968;3.4968;3.4968;0
20141031 000000;3.4952;3.4952;3.4952;3.4952;0
20141101 000000;3.4952;3.4952;3.4952;3.4952;0
20141102 000000;3.4952;3.4952;3.4952;3.4952;0
20141103 000000;3.4999;3.4999;3.4999;3.4999;0
20141104 000000;3.5046;3.5046;3.5046;3.5046;0
20141105 000000;3.5154;3.5154;3.5154;3.5154;0
20141106 000000;3.5047;3.5047;3.5047;3.5047;0
20141107 000000;3.512;3.512;3.512;3.512;0
20141108 000000;3.512;3.512;3.512;3.512;0
20141109 000000;3.512;3.512;3.512;3.512;0
20141110 000000;3.5041;3.5041;3.5041;3.5041;0
20141111 000000;3.5126;3.5126;3.5126;3.5126;0
20141112 000000;3.5093;3.5093;3.5093;3.5093;0
20141113 000000;3.5182;3.5182;3.5182;3.5182;0
20141114 000000;3.5202;3.5202;3.5202;3.5202;0
20141115 000000;3.5202;3.5202;3.5202;3.5202;0
20141116 000000;3.5202;3.5202;3.5202;3.5202;0
20141117 000000;3.516;3.516;3.516;3.516;0
20141118 000000;3.5079;3.5079;3.5079;3.5079;0
20141119 000000;3.5112;3.5112;3.5112;3.5112;0
20141120 000000;3.5076;3.5076;3.5076;3.5076;0
20141121 000000;3.4969;3.4969;3.4969;3.4969;0
20141122 000000;3.4969;3.4969;3.4969;3.4969;0
20141123 000000;3.4969;3.4969;3.4969;3.4969;0
20141124 000000;3.4874;3.4874;3.4874;3.4874;0
20141125 000000;3.4803;3.4803;3.4803;3.4803;0
20141126 000000;3.4759;3.4759;3.4759;3.4759;0
20141127 000000;3.4768;3.4768;3.4768;3.4768;0
20141128 000000;3.4814;3.4814;3.4814;3.4814;0
20141129 000000;3.4814;3.4814;3.4814;3.4814;0
20141130 000000;3.4814;3.4814;3.4814;3.4814;0
20141201 000000;3.4737;3.4737;3.4737;3.4737;0
20141202 000000;3.4582;3.4582;3.4582;3.4582;0
20141203 000000;3.4573;3.4573;3.4573;3.4573;0
20141204 000000;3.4577;3.4577;3.4577;3.4577;0
20141205 000000;3.4629;3.4629;3.4629;3.4629;0
20141206 000000;3.4629;3.4629;3.4629;3.4629;0
20141207 000000;3.4629;3.4629;3.4629;3.4629;0
20141208 000000;3.4609;3.4609;3.4609;3.4609;0
20141209 000000;3.4608;3.4608;3.4608;3.4608;0
20141210 000000;3.4613;3.4613;3.4613;3.4613;0
20141211 000000;3.4797;3.4797;3.4797;3.4797;0
20141212 000000;3.475;3.475;3.475;3.475;0
20141213 000000;3.475;3.475;3.475;3.475;0
20141214 000000;3.475;3.475;3.475;3.475;0
20141215 000000;3.4786;3.4786;3.4786;3.4786;0
20141216 000000;3.5025;3.5025;3.5025;3.5025;0
20141217 000000;3.5186;3.5186;3.5186;3.5186;0
20141218 000000;3.5199;3.5199;3.5199;3.5199;0
20141219 000000;3.55;3.55;3.55;3.55;0
20141220 000000;3.55;3.55;3.55;3.55;0
20141221 000000;3.55;3.55;3.55;3.55;0
20141222 000000;3.5451;3.5451;3.5451;3.5451;0
20141223 000000;3.5543;3.5543;3.5543;3.5543;0
20141224 000000;3.5824;3.5824;3.5824;3.5824;0
20141225 000000;3.5824;3.5824;3.5824;3.5824;0
20141226 000000;3.5824;3.5824;3.5824;3.5824;0
20141227 000000;3.5824;3.5824;3.5824;3.5824;0
20141228 000000;3.5824;3.5824;3.5824;3.5824;0
20141229 000000;3.5769;3.5769;3.5769;3.5769;0
20141230 000000;3.5836;3.5836;3.5836;3.5836;0
20141231 000000;3.5539;3.5539;3.5539;3.5539;0
20150101 000000;3.5539;3.5539;3.5539;3.5539;0
20150102 000000;3.5812;3.5812;3.5812;3.5812;0
20150103 000000;3.5812;3.5812;3.5812;3.5812;0
20150104 000000;3.5812;3.5812;3.5812;3.5812;0
20150105 000000;3.5768;3.5768;3.5768;3.5768;0
20150106 000000;3.5854;3.5854;3.5854;3.5854;0
20150107 000000;3.589;3.589;3.589;3.589;0
20150108 000000;3.5722;3.5722;3.5722;3.5722;0
20150109 000000;3.5553;3.5553;3.5553;3.5553;0
20150110 000000;3.5553;3.5553;3.5553;3.5553;0
20150111 000000;3.5553;3.5553;3.5553;3.5553;0
20150112 000000;3.5608;3.5608;3.5608;3.5608;0
20150113 000000;3.5657;3.5657;3.5657;3.5657;0
20150114 000000;3.5689;3.5689;3.5689;3.5689;0
20150115 000000;4.1837;4.1837;4.1837;4.1837;0
20150116 000000;4.2633;4.2633;4.2633;4.2633;0
20150117 000000;4.2633;4.2633;4.2633;4.2633;0
20150118 000000;4.2633;4.2633;4.2633;4.2633;0
20150119 000000;4.2652;4.2652;4.2652;4.2652;0
20150120 000000;4.2902;4.2902;4.2902;4.2902;0
20150121 000000;4.3071;4.3071;4.3071;4.3071;0
20150122 000000;4.3243;4.3243;4.3243;4.3243;0
20150123 000000;4.3072;4.3072;4.3072;4.3072;0
20150124 000000;4.3072;4.3072;4.3072;4.3072;0
20150125 000000;4.3072;4.3072;4.3072;4.3072;0
20150126 000000;4.2098;4.2098;4.2098;4.2098;0
20150127 000000;4.1593;4.1593;4.1593;4.1593;0
20150128 000000;4.1364;4.1364;4.1364;4.1364;0
20150129 000000;4.0806;4.0806;4.0806;4.0806;0
20150130 000000;4.0194;4.0194;4.0194;4.0194;0
20150131 000000;4.0194;4.0194;4.0194;4.0194;0
20150201 000000;4.0194;4.0194;4.0194;4.0194;0
20150202 000000;3.971;3.971;3.971;3.971;0
20150203 000000;3.954;3.954;3.954;3.954;0
20150204 000000;3.9244;3.9244;3.9244;3.9244;0
20150205 000000;3.9345;3.9345;3.9345;3.9345;0
20150206 000000;3.9539;3.9539;3.9539;3.9539;0
20150207 000000;3.9539;3.9539;3.9539;3.9539;0
20150208 000000;3.9539;3.9539;3.9539;3.9539;0
20150209 000000;4.0105;4.0105;4.0105;4.0105;0
20150210 000000;4.0172;4.0172;4.0172;4.0172;0
20150211 000000;4.0306;4.0306;4.0306;4.0306;0
20150212 000000;3.9697;3.9697;3.9697;3.9697;0
20150213 000000;3.9493;3.9493;3.9493;3.9493;0
20150214 000000;3.9493;3.9493;3.9493;3.9493;0
20150215 000000;3.9493;3.9493;3.9493;3.9493;0
20150216 000000;3.9368;3.9368;3.9368;3.9368;0
20150217 000000;3.9387;3.9387;3.9387;3.9387;0
20150218 000000;3.9142;3.9142;3.9142;3.9142;0
20150219 000000;3.8621;3.8621;3.8621;3.8621;0
20150220 000000;3.9011;3.9011;3.9011;3.9011;0
20150221 000000;3.9011;3.9011;3.9011;3.9011;0
20150222 000000;3.9011;3.9011;3.9011;3.9011;0
20150223 000000;3.8917;3.8917;3.8917;3.8917;0
20150224 000000;3.8737;3.8737;3.8737;3.8737;0
20150225 000000;3.8629;3.8629;3.8629;3.8629;0
20150226 000000;3.8655;3.8655;3.8655;3.8655;0
20150227 000000;3.9041;3.9041;3.9041;3.9041;0
20150228 000000;3.9041;3.9041;3.9041;3.9041;0
20150301 000000;3.9041;3.9041;3.9041;3.9041;0
20150302 000000;3.8757;3.8757;3.8757;3.8757;0
20150303 000000;3.8731;3.8731;3.8731;3.8731;0
20150304 000000;3.9019;3.9019;3.9019;3.9019;0
20150305 000000;3.87;3.87;3.87;3.87;0
20150306 000000;3.8484;3.8484;3.8484;3.8484;0
20150307 000000;3.8484;3.8484;3.8484;3.8484;0
20150308 000000;3.8484;3.8484;3.8484;3.8484;0
20150309 000000;3.8519;3.8519;3.8519;3.8519;0
20150310 000000;3.8651;3.8651;3.8651;3.8651;0
20150311 000000;3.8822;3.8822;3.8822;3.8822;0
20150312 000000;3.8897;3.8897;3.8897;3.8897;0
20150313 000000;3.9011;3.9011;3.9011;3.9011;0
20150314 000000;3.9011;3.9011;3.9011;3.9011;0
20150315 000000;3.9011;3.9011;3.9011;3.9011;0
20150316 000000;3.8889;3.8889;3.8889;3.8889;0
20150317 000000;3.8829;3.8829;3.8829;3.8829;0
20150318 000000;3.9019;3.9019;3.9019;3.9019;0
20150319 000000;3.8969;3.8969;3.8969;3.8969;0
20150320 000000;3.9113;3.9113;3.9113;3.9113;0
20150321 000000;3.9113;3.9113;3.9113;3.9113;0
20150322 000000;3.9113;3.9113;3.9113;3.9113;0
20150323 000000;3.9026;3.9026;3.9026;3.9026;0
20150324 000000;3.9206;3.9206;3.9206;3.9206;0
20150325 000000;3.8849;3.8849;3.8849;3.8849;0
20150326 000000;3.8829;3.8829;3.8829;3.8829;0
20150327 000000;3.9116;3.9116;3.9116;3.9116;0
20150328 000000;3.9116;3.9116;3.9116;3.9116;0
20150329 000000;3.9116;3.9116;3.9116;3.9116;0
20150330 000000;3.9216;3.9216;3.9216;3.9216;0
20150331 000000;3.9046;3.9046;3.9046;3.9046;0
20150401 000000;3.8949;3.8949;3.8949;3.8949;0
20150402 000000;3.9084;3.9084;3.9084;3.9084;0
20150403 000000;3.9084;3.9084;3.9084;3.9084;0
20150404 000000;3.9084;3.9084;3.9084;3.9084;0
20150405 000000;3.9084;3.9084;3.9084;3.9084;0
20150406 000000;3.9084;3.9084;3.9084;3.9084;0
20150407 000000;3.8875;3.8875;3.8875;3.8875;0
20150408 000000;3.8485;3.8485;3.8485;3.8485;0
20150409 000000;3.8448;3.8448;3.8448;3.8448;0
20150410 000000;3.8673;3.8673;3.8673;3.8673;0
20150411 000000;3.8673;3.8673;3.8673;3.8673;0
20150412 000000;3.8673;3.8673;3.8673;3.8673;0
20150413 000000;3.8693;3.8693;3.8693;3.8693;0
20150414 000000;3.8771;3.8771;3.8771;3.8771;0
20150415 000000;3.8928;3.8928;3.8928;3.8928;0
20150416 000000;3.9034;3.9034;3.9034;3.9034;0
20150417 000000;3.9028;3.9028;3.9028;3.9028;0
20150418 000000;3.9028;3.9028;3.9028;3.9028;0
20150419 000000;3.9028;3.9028;3.9028;3.9028;0
20150420 000000;3.8793;3.8793;3.8793;3.8793;0
20150421 000000;3.8708;3.8708;3.8708;3.8708;0
20150422 000000;3.877;3.877;3.877;3.877;0
20150423 000000;3.8703;3.8703;3.8703;3.8703;0
20150424 000000;3.8819;3.8819;3.8819;3.8819;0
20150425 000000;3.8819;3.8819;3.8819;3.8819;0
20150426 000000;3.8819;3.8819;3.8819;3.8819;0
20150427 000000;3.862;3.862;3.862;3.862;0
20150428 000000;3.8241;3.8241;3.8241;3.8241;0
20150429 000000;3.8242;3.8242;3.8242;3.8242;0
20150430 000000;3.8385;3.8385;3.8385;3.8385;0
20150501 000000;3.8385;3.8385;3.8385;3.8385;0
20150502 000000;3.8385;3.8385;3.8385;3.8385;0
20150503 000000;3.8385;3.8385;3.8385;3.8385;0
20150504 000000;3.8807;3.8807;3.8807;3.8807;0
20150505 000000;3.8726;3.8726;3.8726;3.8726;0
20150506 000000;3.9024;3.9024;3.9024;3.9024;0
20150507 000000;3.9119;3.9119;3.9119;3.9119;0
20150508 000000;3.9171;3.9171;3.9171;3.9171;0
20150509 000000;3.9171;3.9171;3.9171;3.9171;0
20150510 000000;3.9171;3.9171;3.9171;3.9171;0
20150511 000000;3.9093;3.9093;3.9093;3.9093;0
20150512 000000;3.9465;3.9465;3.9465;3.9465;0
20150513 000000;3.9262;3.9262;3.9262;3.9262;0
20150514 000000;3.931;3.931;3.931;3.931;0
20150515 000000;3.8643;3.8643;3.8643;3.8643;0
20150516 000000;3.8643;3.8643;3.8643;3.8643;0
20150517 000000;3.8643;3.8643;3.8643;3.8643;0
20150518 000000;3.8747;3.8747;3.8747;3.8747;0
20150519 000000;3.8854;3.8854;3.8854;3.8854;0
20150520 000000;3.8981;3.8981;3.8981;3.8981;0
20150521 000000;3.9406;3.9406;3.9406;3.9406;0
20150522 000000;3.9362;3.9362;3.9362;3.9362;0
20150523 000000;3.9362;3.9362;3.9362;3.9362;0
20150524 000000;3.9362;3.9362;3.9362;3.9362;0
20150525 000000;3.969;3.969;3.969;3.969;0
20150526 000000;3.9987;3.9987;3.9987;3.9987;0
20150527 000000;4.0011;4.0011;4.0011;4.0011;0
20150528 000000;3.9916;3.9916;3.9916;3.9916;0
20150529 000000;3.9936;3.9936;3.9936;3.9936;0
20150530 000000;3.9936;3.9936;3.9936;3.9936;0
20150531 000000;3.9936;3.9936;3.9936;3.9936;0
20150601 000000;4.0011;4.0011;4.0011;4.0011;0
20150602 000000;3.9734;3.9734;3.9734;3.9734;0
20150603 000000;3.9571;3.9571;3.9571;3.9571;0
20150604 000000;3.9515;3.9515;3.9515;3.9515;0
20150605 000000;3.955;3.955;3.955;3.955;0
20150606 000000;3.955;3.955;3.955;3.955;0
20150607 000000;3.955;3.955;3.955;3.955;0
20150608 000000;3.9686;3.9686;3.9686;3.9686;0
20150609 000000;3.9806;3.9806;3.9806;3.9806;0
20150610 000000;3.9577;3.9577;3.9577;3.9577;0
20150611 000000;3.9347;3.9347;3.9347;3.9347;0
20150612 000000;3.9638;3.9638;3.9638;3.9638;0
20150613 000000;3.9638;3.9638;3.9638;3.9638;0
20150614 000000;3.9638;3.9638;3.9638;3.9638;0
20150615 000000;3.9548;3.9548;3.9548;3.9548;0
20150616 000000;3.9606;3.9606;3.9606;3.9606;0
20150617 000000;3.9782;3.9782;3.9782;3.9782;0
20150618 000000;3.9831;3.9831;3.9831;3.9831;0
20150619 000000;3.9936;3.9936;3.9936;3.9936;0
20150620 000000;3.9936;3.9936;3.9936;3.9936;0
20150621 000000;3.9936;3.9936;3.9936;3.9936;0
20150622 000000;3.989;3.989;3.989;3.989;0
20150623 000000;3.9905;3.9905;3.9905;3.9905;0
20150624 000000;3.988;3.988;3.988;3.988;0
20150625 000000;3.9714;3.9714;3.9714;3.9714;0
20150626 000000;3.997;3.997;3.997;3.997;0
20150627 000000;3.997;3.997;3.997;3.997;0
20150628 000000;3.997;3.997;3.997;3.997;0
20150629 000000;4.0375;4.0375;4.0375;4.0375;0
20150630 000000;4.0249;4.0249;4.0249;4.0249;0
20150701 000000;4.007;4.007;4.007;4.007;0
20150702 000000;3.9904;3.9904;3.9904;3.9904;0
20150703 000000;4.0087;4.0087;4.0087;4.0087;0
20150704 000000;4.0087;4.0087;4.0087;4.0087;0
20150705 000000;4.0087;4.0087;4.0087;4.0087;0
20150706 000000;4.0304;4.0304;4.0304;4.0304;0
20150707 000000;4.0402;4.0402;4.0402;4.0402;0
20150708 000000;4.0368;4.0368;4.0368;4.0368;0
20150709 000000;4.011;4.011;4.011;4.011;0
20150710 000000;3.9904;3.9904;3.9904;3.9904;0
20150711 000000;3.9904;3.9904;3.9904;3.9904;0
20150712 000000;3.9904;3.9904;3.9904;3.9904;0
20150713 000000;3.9577;3.9577;3.9577;3.9577;0
20150714 000000;3.982;3.982;3.982;3.982;0
20150715 000000;3.9554;3.9554;3.9554;3.9554;0
20150716 000000;3.9477;3.9477;3.9477;3.9477;0
20150717 000000;3.9357;3.9357;3.9357;3.9357;0
20150718 000000;3.9357;3.9357;3.9357;3.9357;0
20150719 000000;3.9357;3.9357;3.9357;3.9357;0
20150720 000000;3.9426;3.9426;3.9426;3.9426;0
20150721 000000;3.9404;3.9404;3.9404;3.9404;0
20150722 000000;3.9313;3.9313;3.9313;3.9313;0
20150723 000000;3.9202;3.9202;3.9202;3.9202;0
20150724 000000;3.9275;3.9275;3.9275;3.9275;0
20150725 000000;3.9275;3.9275;3.9275;3.9275;0
20150726 000000;3.9275;3.9275;3.9275;3.9275;0
20150727 000000;3.8966;3.8966;3.8966;3.8966;0
20150728 000000;3.8668;3.8668;3.8668;3.8668;0
20150729 000000;3.8968;3.8968;3.8968;3.8968;0
20150730 000000;3.896;3.896;3.896;3.896;0
20150731 000000;3.9219;3.9219;3.9219;3.9219;0
20150801 000000;3.9219;3.9219;3.9219;3.9219;0
20150802 000000;3.9219;3.9219;3.9219;3.9219;0
20150803 000000;3.9156;3.9156;3.9156;3.9156;0
20150804 000000;3.9002;3.9002;3.9002;3.9002;0
20150805 000000;3.9123;3.9123;3.9123;3.9123;0
20150806 000000;3.9061;3.9061;3.9061;3.9061;0
20150807 000000;3.8977;3.8977;3.8977;3.8977;0
20150808 000000;3.8977;3.8977;3.8977;3.8977;0
20150809 000000;3.8977;3.8977;3.8977;3.8977;0
20150810 000000;3.8859;3.8859;3.8859;3.8859;0
20150811 000000;3.8653;3.8653;3.8653;3.8653;0
20150812 000000;3.8558;3.8558;3.8558;3.8558;0
20150813 000000;3.8604;3.8604;3.8604;3.8604;0
20150814 000000;3.8494;3.8494;3.8494;3.8494;0
20150815 000000;3.8494;3.8494;3.8494;3.8494;0
20150816 000000;3.8494;3.8494;3.8494;3.8494;0
20150817 000000;3.8472;3.8472;3.8472;3.8472;0
20150818 000000;3.855;3.855;3.855;3.855;0
20150819 000000;3.8801;3.8801;3.8801;3.8801;0
20150820 000000;3.8901;3.8901;3.8901;3.8901;0
20150821 000000;3.9051;3.9051;3.9051;3.9051;0
20150822 000000;3.9051;3.9051;3.9051;3.9051;0
20150823 000000;3.9051;3.9051;3.9051;3.9051;0
20150824 000000;3.9369;3.9369;3.9369;3.9369;0
20150825 000000;3.899;3.899;3.899;3.899;0
20150826 000000;3.9256;3.9256;3.9256;3.9256;0
20150827 000000;3.9325;3.9325;3.9325;3.9325;0
20150828 000000;3.9238;3.9238;3.9238;3.9238;0
20150829 000000;3.9238;3.9238;3.9238;3.9238;0
20150830 000000;3.9238;3.9238;3.9238;3.9238;0
20150831 000000;3.9066;3.9066;3.9066;3.9066;0
20150901 000000;3.9145;3.9145;3.9145;3.9145;0
20150902 000000;3.8979;3.8979;3.8979;3.8979;0
20150903 000000;3.8824;3.8824;3.8824;3.8824;0
20150904 000000;3.9008;3.9008;3.9008;3.9008;0
20150905 000000;3.9008;3.9008;3.9008;3.9008;0
20150906 000000;3.9008;3.9008;3.9008;3.9008;0
20150907 000000;3.8909;3.8909;3.8909;3.8909;0
20150908 000000;3.8707;3.8707;3.8707;3.8707;0
20150909 000000;3.8618;3.8618;3.8618;3.8618;0
20150910 000000;3.8565;3.8565;3.8565;3.8565;0
20150911 000000;3.8147;3.8147;3.8147;3.8147;0
20150912 000000;3.8147;3.8147;3.8147;3.8147;0
20150913 000000;3.8147;3.8147;3.8147;3.8147;0
20150914 000000;3.8343;3.8343;3.8343;3.8343;0
20150915 000000;3.8293;3.8293;3.8293;3.8293;0
20150916 000000;3.8353;3.8353;3.8353;3.8353;0
20150917 000000;3.8389;3.8389;3.8389;3.8389;0
20150918 000000;3.8514;3.8514;3.8514;3.8514;0
20150919 000000;3.8514;3.8514;3.8514;3.8514;0
20150920 000000;3.8514;3.8514;3.8514;3.8514;0
20150921 000000;3.8388;3.8388;3.8388;3.8388;0
20150922 000000;3.8646;3.8646;3.8646;3.8646;0
20150923 000000;3.8629;3.8629;3.8629;3.8629;0
20150924 000000;3.8708;3.8708;3.8708;3.8708;0
20150925 000000;3.8654;3.8654;3.8654;3.8654;0
20150926 000000;3.8654;3.8654;3.8654;3.8654;0
20150927 000000;3.8654;3.8654;3.8654;3.8654;0
20150928 000000;3.8701;3.8701;3.8701;3.8701;0
20150929 000000;3.8855;3.8855;3.8855;3.8855;0
20150930 000000;3.889;3.889;3.889;3.889;0
20151001 000000;3.8942;3.8942;3.8942;3.8942;0
20151002 000000;3.8865;3.8865;3.8865;3.8865;0
20151003 000000;3.8865;3.8865;3.8865;3.8865;0
20151004 000000;3.8865;3.8865;3.8865;3.8865;0
20151005 000000;3.8809;3.8809;3.8809;3.8809;0
20151006 000000;3.8851;3.8851;3.8851;3.8851;0
20151007 000000;3.8872;3.8872;3.8872;3.8872;0
20151008 000000;3.8702;3.8702;3.8702;3.8702;0
20151009 000000;3.8621;3.8621;3.8621;3.8621;0
20151010 000000;3.8621;3.8621;3.8621;3.8621;0
20151011 000000;3.8621;3.8621;3.8621;3.8621;0
20151012 000000;3.8658;3.8658;3.8658;3.8658;0
20151013 000000;3.8855;3.8855;3.8855;3.8855;0
20151014 000000;3.8875;3.8875;3.8875;3.8875;0
20151015 000000;3.8895;3.8895;3.8895;3.8895;0
20151016 000000;3.9211;3.9211;3.9211;3.9211;0
20151017 000000;3.9211;3.9211;3.9211;3.9211;0
20151018 000000;3.9211;3.9211;3.9211;3.9211;0
20151019 000000;3.9106;3.9106;3.9106;3.9106;0
20151020 000000;3.9237;3.9237;3.9237;3.9237;0
20151021 000000;3.9357;3.9357;3.9357;3.9357;0
20151022 000000;3.9362;3.9362;3.9362;3.9362;0
20151023 000000;3.9404;3.9404;3.9404;3.9404;0
20151024 000000;3.9404;3.9404;3.9404;3.9404;0
20151025 000000;3.9404;3.9404;3.9404;3.9404;0
20151026 000000;3.9433;3.9433;3.9433;3.9433;0
20151027 000000;3.9448;3.9448;3.9448;3.9448;0
20151028 000000;3.9394;3.9394;3.9394;3.9394;0
20151029 000000;3.935;3.935;3.935;3.935;0
20151030 000000;3.9123;3.9123;3.9123;3.9123;0
20151031 000000;3.9123;3.9123;3.9123;3.9123;0
20151101 000000;3.9123;3.9123;3.9123;3.9123;0
20151102 000000;3.9074;3.9074;3.9074;3.9074;0
20151103 000000;3.9139;3.9139;3.9139;3.9139;0
20151104 000000;3.9191;3.9191;3.9191;3.9191;0
20151105 000000;3.9132;3.9132;3.9132;3.9132;0
20151106 000000;3.9283;3.9283;3.9283;3.9283;0
20151107 000000;3.9283;3.9283;3.9283;3.9283;0
20151108 000000;3.9283;3.9283;3.9283;3.9283;0
20151109 000000;3.9417;3.9417;3.9417;3.9417;0
20151110 000000;3.9417;3.9417;3.9417;3.9417;0
20151111 000000;3.915;3.915;3.915;3.915;0
20151112 000000;3.9252;3.9252;3.9252;3.9252;0
20151113 000000;3.9337;3.9337;3.9337;3.9337;0
20151114 000000;3.9337;3.9337;3.9337;3.9337;0
20151115 000000;3.9337;3.9337;3.9337;3.9337;0
20151116 000000;3.9299;3.9299;3.9299;3.9299;0
20151117 000000;3.9307;3.9307;3.9307;3.9307;0
20151118 000000;3.9251;3.9251;3.9251;3.9251;0
20151119 000000;3.9016;3.9016;3.9016;3.9016;0
20151120 000000;3.911;3.911;3.911;3.911;0
20151121 000000;3.911;3.911;3.911;3.911;0
20151122 000000;3.911;3.911;3.911;3.911;0
20151123 000000;3.9088;3.9088;3.9088;3.9088;0
20151124 000000;3.9334;3.9334;3.9334;3.9334;0
20151125 000000;3.9374;3.9374;3.9374;3.9374;0
20151126 000000;3.9312;3.9312;3.9312;3.9312;0
20151127 000000;3.9111;3.9111;3.9111;3.9111;0
20151128 000000;3.9111;3.9111;3.9111;3.9111;0
20151129 000000;3.9111;3.9111;3.9111;3.9111;0
20151130 000000;3.9183;3.9183;3.9183;3.9183;0
20151201 000000;3.9126;3.9126;3.9126;3.9126;0
20151202 000000;3.9272;3.9272;3.9272;3.9272;0
20151203 000000;3.9538;3.9538;3.9538;3.9538;0
20151204 000000;3.9635;3.9635;3.9635;3.9635;0
20151205 000000;3.9635;3.9635;3.9635;3.9635;0
20151206 000000;3.9635;3.9635;3.9635;3.9635;0
20151207 000000;3.9827;3.9827;3.9827;3.9827;0
20151208 000000;4.0071;4.0071;4.0071;4.0071;0
20151209 000000;4.0078;4.0078;4.0078;4.0078;0
20151210 000000;4.0153;4.0153;4.0153;4.0153;0
20151211 000000;4.0166;4.0166;4.0166;4.0166;0
20151212 000000;4.0166;4.0166;4.0166;4.0166;0
20151213 000000;4.0166;4.0166;4.0166;4.0166;0
20151214 000000;4.0533;4.0533;4.0533;4.0533;0
20151215 000000;4.0197;4.0197;4.0197;4.0197;0
20151216 000000;3.9898;3.9898;3.9898;3.9898;0
20151217 000000;3.9751;3.9751;3.9751;3.9751;0
20151218 000000;3.9753;3.9753;3.9753;3.9753;0
20151219 000000;3.9753;3.9753;3.9753;3.9753;0
20151220 000000;3.9753;3.9753;3.9753;3.9753;0
20151221 000000;3.9247;3.9247;3.9247;3.9247;0
20151222 000000;3.9173;3.9173;3.9173;3.9173;0
20151223 000000;3.928;3.928;3.928;3.928;0
20151224 000000;3.9249;3.9249;3.9249;3.9249;0
20151225 000000;3.9249;3.9249;3.9249;3.9249;0
20151226 000000;3.9249;3.9249;3.9249;3.9249;0
20151227 000000;3.9249;3.9249;3.9249;3.9249;0
20151228 000000;3.9172;3.9172;3.9172;3.9172;0
20151229 000000;3.906;3.906;3.906;3.906;0
20151230 000000;3.9208;3.9208;3.9208;3.9208;0
20151231 000000;3.9353;3.9353;3.9353;3.9353;0
20160101 000000;3.9353;3.9353;3.9353;3.9353;0
20160102 000000;3.9353;3.9353;3.9353;3.9353;0
20160103 000000;3.9353;3.9353;3.9353;3.9353;0
20160104 000000;3.9441;3.9441;3.9441;3.9441;0
20160105 000000;3.972;3.972;3.972;3.972;0
20160106 000000;3.9991;3.9991;3.9991;3.9991;0
20160107 000000;4.0011;4.0011;4.0011;4.0011;0
20160108 000000;4.0076;4.0076;4.0076;4.0076;0
20160109 000000;4.0076;4.0076;4.0076;4.0076;0
20160110 000000;4.0076;4.0076;4.0076;4.0076;0
20160111 000000;4.0179;4.0179;4.0179;4.0179;0
20160112 000000;4.0136;4.0136;4.0136;4.0136;0
20160113 000000;3.9775;3.9775;3.9775;3.9775;0
20160114 000000;3.9936;3.9936;3.9936;3.9936;0
20160115 000000;4.0297;4.0297;4.0297;4.0297;0
20160116 000000;4.0297;4.0297;4.0297;4.0297;0
20160117 000000;4.0297;4.0297;4.0297;4.0297;0
20160118 000000;4.0751;4.0751;4.0751;4.0751;0
20160119 000000;4.0637;4.0637;4.0637;4.0637;0
20160120 000000;4.0891;4.0891;4.0891;4.0891;0
20160121 000000;4.1048;4.1048;4.1048;4.1048;0
20160122 000000;4.0719;4.0719;4.0719;4.0719;0
20160123 000000;4.0719;4.0719;4.0719;4.0719;0
20160124 000000;4.0719;4.0719;4.0719;4.0719;0
20160125 000000;4.0698;4.0698;4.0698;4.0698;0
20160126 000000;4.0827;4.0827;4.0827;4.0827;0
20160127 000000;4.0396;4.0396;4.0396;4.0396;0
20160128 000000;4.0291;4.0291;4.0291;4.0291;0
20160129 000000;3.984;3.984;3.984;3.984;0
20160130 000000;3.984;3.984;3.984;3.984;0
20160131 000000;3.984;3.984;3.984;3.984;0
20160201 000000;3.9611;3.9611;3.9611;3.9611;0
20160202 000000;3.9522;3.9522;3.9522;3.9522;0
20160203 000000;3.957;3.957;3.957;3.957;0
20160204 000000;3.9531;3.9531;3.9531;3.9531;0
20160205 000000;3.9757;3.9757;3.9757;3.9757;0
20160206 000000;3.9757;3.9757;3.9757;3.9757;0
20160207 000000;3.9757;3.9757;3.9757;3.9757;0
20160208 000000;4.0134;4.0134;4.0134;4.0134;0
20160209 000000;4.0493;4.0493;4.0493;4.0493;0
20160210 000000;4.041;4.041;4.041;4.041;0
20160211 000000;4.0342;4.0342;4.0342;4.0342;0
20160212 000000;4.0139;4.0139;4.0139;4.0139;0
20160213 000000;4.0139;4.0139;4.0139;4.0139;0
20160214 000000;4.0139;4.0139;4.0139;4.0139;0
20160215 000000;3.9917;3.9917;3.9917;3.9917;0
20160216 000000;3.9991;3.9991;3.9991;3.9991;0
20160217 000000;3.9858;3.9858;3.9858;3.9858;0
20160218 000000;3.9732;3.9732;3.9732;3.9732;0
20160219 000000;3.9736;3.9736;3.9736;3.9736;0
20160220 000000;3.9736;3.9736;3.9736;3.9736;0
20160221 000000;3.9736;3.9736;3.9736;3.9736;0
20160222 000000;3.9649;3.9649;3.9649;3.9649;0
20160223 000000;3.9985;3.9985;3.9985;3.9985;0
20160224 000000;4.0022;4.0022;4.0022;4.0022;0
20160225 000000;3.9855;3.9855;3.9855;3.9855;0
20160226 000000;3.9922;3.9922;3.9922;3.9922;0
20160227 000000;3.9922;3.9922;3.9922;3.9922;0
20160228 000000;3.9922;3.9922;3.9922;3.9922;0
20160229 000000;3.9896;3.9896;3.9896;3.9896;0
20160301 000000;4.0026;4.0026;4.0026;4.0026;0
20160302 000000;3.9923;3.9923;3.9923;3.9923;0
20160303 000000;3.9981;3.9981;3.9981;3.9981;0
20160304 000000;3.9744;3.9744;3.9744;3.9744;0
20160305 000000;3.9744;3.9744;3.9744;3.9744;0
20160306 000000;3.9744;3.9744;3.9744;3.9744;0
20160307 000000;3.9481;3.9481;3.9481;3.9481;0
20160308 000000;3.9513;3.9513;3.9513;3.9513;0
20160309 000000;3.9305;3.9305;3.9305;3.9305;0
20160310 000000;3.923;3.923;3.923;3.923;0
20160311 000000;3.9367;3.9367;3.9367;3.9367;0
20160312 000000;3.9367;3.9367;3.9367;3.9367;0
20160313 000000;3.9367;3.9367;3.9367;3.9367;0
20160314 000000;3.9053;3.9053;3.9053;3.9053;0
20160315 000000;3.9154;3.9154;3.9154;3.9154;0
20160316 000000;3.9255;3.9255;3.9255;3.9255;0
20160317 000000;3.9141;3.9141;3.9141;3.9141;0
20160318 000000;3.9037;3.9037;3.9037;3.9037;0
20160319 000000;3.9037;3.9037;3.9037;3.9037;0
20160320 000000;3.9037;3.9037;3.9037;3.9037;0
20160321 000000;3.9008;3.9008;3.9008;3.9008;0
20160322 000000;3.914;3.914;3.914;3.914;0
20160323 000000;3.907;3.907;3.907;3.907;0
20160324 000000;3.9345;3.9345;3.9345;3.9345;0
20160325 000000;3.9345;3.9345;3.9345;3.9345;0
20160326 000000;3.9345;3.9345;3.9345;3.9345;0
20160327 000000;3.9345;3.9345;3.9345;3.9345;0
20160328 000000;3.9345;3.9345;3.9345;3.9345;0
20160329 000000;3.8935;3.8935;3.8935;3.8935;0
20160330 000000;3.8979;3.8979;3.8979;3.8979;0
20160331 000000;3.895;3.895;3.895;3.895;0
20160401 000000;3.8772;3.8772;3.8772;3.8772;0
20160402 000000;3.8772;3.8772;3.8772;3.8772;0
20160403 000000;3.8772;3.8772;3.8772;3.8772;0
20160404 000000;3.8776;3.8776;3.8776;3.8776;0
20160405 000000;3.8972;3.8972;3.8972;3.8972;0
20160406 000000;3.9162;3.9162;3.9162;3.9162;0
20160407 000000;3.9354;3.9354;3.9354;3.9354;0
20160408 000000;3.9501;3.9501;3.9501;3.9501;0
20160409 000000;3.9501;3.9501;3.9501;3.9501;0
20160410 000000;3.9501;3.9501;3.9501;3.9501;0
20160411 000000;3.9343;3.9343;3.9343;3.9343;0
20160412 000000;3.9473;3.9473;3.9473;3.9473;0
20160413 000000;3.9376;3.9376;3.9376;3.9376;0
20160414 000000;3.9522;3.9522;3.9522;3.9522;0
20160415 000000;3.9351;3.9351;3.9351;3.9351;0
20160416 000000;3.9351;3.9351;3.9351;3.9351;0
20160417 000000;3.9351;3.9351;3.9351;3.9351;0
20160418 000000;3.9446;3.9446;3.9446;3.9446;0
20160419 000000;3.9395;3.9395;3.9395;3.9395;0
20160420 000000;3.9195;3.9195;3.9195;3.9195;0
20160421 000000;3.9207;3.9207;3.9207;3.9207;0
20160422 000000;3.9583;3.9583;3.9583;3.9583;0
20160423 000000;3.9583;3.9583;3.9583;3.9583;0
20160424 000000;3.9583;3.9583;3.9583;3.9583;0
20160425 000000;4.0017;4.0017;4.0017;4.0017;0
20160426 000000;3.9817;3.9817;3.9817;3.9817;0
20160427 000000;3.9933;3.9933;3.9933;3.9933;0
20160428 000000;3.9985;3.9985;3.9985;3.9985;0
20160429 000000;4.0026;4.0026;4.0026;4.0026;0
20160430 000000;4.0026;4.0026;4.0026;4.0026;0
20160501 000000;4.0026;4.0026;4.0026;4.0026;0
20160502 000000;3.9852;3.9852;3.9852;3.9852;0
20160503 000000;3.9942;3.9942;3.9942;3.9942;0
20160504 000000;3.9967;3.9967;3.9967;3.9967;0
20160505 000000;4.0147;4.0147;4.0147;4.0147;0
20160506 000000;3.9926;3.9926;3.9926;3.9926;0
20160507 000000;3.9926;3.9926;3.9926;3.9926;0
20160508 000000;3.9926;3.9926;3.9926;3.9926;0
20160509 000000;3.9937;3.9937;3.9937;3.9937;0
20160510 000000;3.9896;3.9896;3.9896;3.9896;0
20160511 000000;3.9863;3.9863;3.9863;3.9863;0
20160512 000000;3.9947;3.9947;3.9947;3.9947;0
20160513 000000;3.9849;3.9849;3.9849;3.9849;0
20160514 000000;3.9849;3.9849;3.9849;3.9849;0
20160515 000000;3.9849;3.9849;3.9849;3.9849;0
20160516 000000;3.9532;3.9532;3.9532;3.9532;0
20160517 000000;3.9369;3.9369;3.9369;3.9369;0
20160518 000000;3.9586;3.9586;3.9586;3.9586;0
20160519 000000;3.9614;3.9614;3.9614;3.9614;0
20160520 000000;3.974;3.974;3.974;3.974;0
20160521 000000;3.974;3.974;3.974;3.974;0
20160522 000000;3.974;3.974;3.974;3.974;0
20160523 000000;3.9952;3.9952;3.9952;3.9952;0
20160524 000000;4.0038;4.0038;4.0038;4.0038;0
20160525 000000;4.0008;4.0008;4.0008;4.0008;0
20160526 000000;3.9827;3.9827;3.9827;3.9827;0
20160527 000000;3.9675;3.9675;3.9675;3.9675;0
20160528 000000;3.9675;3.9675;3.9675;3.9675;0
20160529 000000;3.9675;3.9675;3.9675;3.9675;0
20160530 000000;3.9736;3.9736;3.9736;3.9736;0
20160531 000000;3.9718;3.9718;3.9718;3.9718;0
20160601 000000;3.9781;3.9781;3.9781;3.9781;0
20160602 000000;3.9688;3.9688;3.9688;3.9688;0
20160603 000000;3.9693;3.9693;3.9693;3.9693;0
20160604 000000;3.9693;3.9693;3.9693;3.9693;0
20160605 000000;3.9693;3.9693;3.9693;3.9693;0
20160606 000000;3.9613;3.9613;3.9613;3.9613;0
20160607 000000;3.9608;3.9608;3.9608;3.9608;0
20160608 000000;3.9506;3.9506;3.9506;3.9506;0
20160609 000000;3.9686;3.9686;3.9686;3.9686;0
20160610 000000;4.0047;4.0047;4.0047;4.0047;0
20160611 000000;4.0047;4.0047;4.0047;4.0047;0
20160612 000000;4.0047;4.0047;4.0047;4.0047;0
20160613 000000;4.0305;4.0305;4.0305;4.0305;0
20160614 000000;4.0927;4.0927;4.0927;4.0927;0
20160615 000000;4.0787;4.0787;4.0787;4.0787;0
20160616 000000;4.1149;4.1149;4.1149;4.1149;0
20160617 000000;4.1101;4.1101;4.1101;4.1101;0
20160618 000000;4.1101;4.1101;4.1101;4.1101;0
20160619 000000;4.1101;4.1101;4.1101;4.1101;0
20160620 000000;4.0357;4.0357;4.0357;4.0357;0
20160621 000000;4.0545;4.0545;4.0545;4.0545;0
20160622 000000;4.0429;4.0429;4.0429;4.0429;0
20160623 000000;4.0062;4.0062;4.0062;4.0062;0
20160624 000000;4.1219;4.1219;4.1219;4.1219;0
20160625 000000;4.1219;4.1219;4.1219;4.1219;0
20160626 000000;4.1219;4.1219;4.1219;4.1219;0
20160627 000000;4.156;4.156;4.156;4.156;0
20160628 000000;4.0953;4.0953;4.0953;4.0953;0
20160629 000000;4.0779;4.0779;4.0779;4.0779;0
20160630 000000;4.0823;4.0823;4.0823;4.0823;0
20160701 000000;4.0578;4.0578;4.0578;4.0578;0
20160702 000000;4.0578;4.0578;4.0578;4.0578;0
20160703 000000;4.0578;4.0578;4.0578;4.0578;0
20160704 000000;4.0875;4.0875;4.0875;4.0875;0
20160705 000000;4.1023;4.1023;4.1023;4.1023;0
20160706 000000;4.1181;4.1181;4.1181;4.1181;0
20160707 000000;4.092;4.092;4.092;4.092;0
20160708 000000;4.079;4.079;4.079;4.079;0
20160709 000000;4.079;4.079;4.079;4.079;0
20160710 000000;4.079;4.079;4.079;4.079;0
20160711 000000;4.0683;4.0683;4.0683;4.0683;0
20160712 000000;4.0509;4.0509;4.0509;4.0509;0
20160713 000000;4.0384;4.0384;4.0384;4.0384;0
20160714 000000;4.0472;4.0472;4.0472;4.0472;0
20160715 000000;4.0462;4.0462;4.0462;4.0462;0
20160716 000000;4.0462;4.0462;4.0462;4.0462;0
20160717 000000;4.0462;4.0462;4.0462;4.0462;0
20160718 000000;4.0303;4.0303;4.0303;4.0303;0
20160719 000000;4.0203;4.0203;4.0203;4.0203;0
20160720 000000;4.0211;4.0211;4.0211;4.0211;0
20160721 000000;4.0188;4.0188;4.0188;4.0188;0
20160722 000000;4.0105;4.0105;4.0105;4.0105;0
20160723 000000;4.0105;4.0105;4.0105;4.0105;0
20160724 000000;4.0105;4.0105;4.0105;4.0105;0
20160725 000000;4.0205;4.0205;4.0205;4.0205;0
20160726 000000;4.0137;4.0137;4.0137;4.0137;0
20160727 000000;4.0019;4.0019;4.0019;4.0019;0
20160728 000000;4.0062;4.0062;4.0062;4.0062;0
20160729 000000;4.0312;4.0312;4.0312;4.0312;0
20160730 000000;4.0312;4.0312;4.0312;4.0312;0
20160731 000000;4.0312;4.0312;4.0312;4.0312;0
20160801 000000;4.0261;4.0261;4.0261;4.0261;0
20160802 000000;4.0001;4.0001;4.0001;4.0001;0
20160803 000000;3.9769;3.9769;3.9769;3.9769;0
20160804 000000;3.9634;3.9634;3.9634;3.9634;0
20160805 000000;3.9478;3.9478;3.9478;3.9478;0
20160806 000000;3.9478;3.9478;3.9478;3.9478;0
20160807 000000;3.9478;3.9478;3.9478;3.9478;0
20160808 000000;3.9315;3.9315;3.9315;3.9315;0
20160809 000000;3.9149;3.9149;3.9149;3.9149;0
20160810 000000;3.9077;3.9077;3.9077;3.9077;0
20160811 000000;3.9234;3.9234;3.9234;3.9234;0
20160812 000000;3.9179;3.9179;3.9179;3.9179;0
20160813 000000;3.9179;3.9179;3.9179;3.9179;0
20160814 000000;3.9179;3.9179;3.9179;3.9179;0
20160815 000000;3.9195;3.9195;3.9195;3.9195;0
20160816 000000;3.9355;3.9355;3.9355;3.9355;0
20160817 000000;3.9498;3.9498;3.9498;3.9498;0
20160818 000000;3.9551;3.9551;3.9551;3.9551;0
20160819 000000;3.9617;3.9617;3.9617;3.9617;0
20160820 000000;3.9617;3.9617;3.9617;3.9617;0
20160821 000000;3.9617;3.9617;3.9617;3.9617;0
20160822 000000;3.9518;3.9518;3.9518;3.9518;0
20160823 000000;3.958;3.958;3.958;3.958;0
20160824 000000;3.9518;3.9518;3.9518;3.9518;0
20160825 000000;3.9544;3.9544;3.9544;3.9544;0
20160826 000000;3.9554;3.9554;3.9554;3.9554;0
20160827 000000;3.9554;3.9554;3.9554;3.9554;0
20160828 000000;3.9554;3.9554;3.9554;3.9554;0
20160829 000000;3.9603;3.9603;3.9603;3.9603;0
20160830 000000;3.9664;3.9664;3.9664;3.9664;0
20160831 000000;3.9731;3.9731;3.9731;3.9731;0
20160901 000000;3.9757;3.9757;3.9757;3.9757;0
20160902 000000;4.0071;4.0071;4.0071;4.0071;0
20160903 000000;4.0071;4.0071;4.0071;4.0071;0
20160904 000000;4.0071;4.0071;4.0071;4.0071;0
20160905 000000;3.9854;3.9854;3.9854;3.9854;0
20160906 000000;3.9722;3.9722;3.9722;3.9722;0
20160907 000000;3.9653;3.9653;3.9653;3.9653;0
20160908 000000;3.9482;3.9482;3.9482;3.9482;0
20160909 000000;3.9516;3.9516;3.9516;3.9516;0
20160910 000000;3.9516;3.9516;3.9516;3.9516;0
20160911 000000;3.9516;3.9516;3.9516;3.9516;0
20160912 000000;3.9775;3.9775;3.9775;3.9775;0
20160913 000000;3.9797;3.9797;3.9797;3.9797;0
20160914 000000;3.9671;3.9671;3.9671;3.9671;0
20160915 000000;3.9534;3.9534;3.9534;3.9534;0
20160916 000000;3.9454;3.9454;3.9454;3.9454;0
20160917 000000;3.9454;3.9454;3.9454;3.9454;0
20160918 000000;3.9454;3.9454;3.9454;3.9454;0
20160919 000000;3.9183;3.9183;3.9183;3.9183;0
20160920 000000;3.9272;3.9272;3.9272;3.9272;0
20160921 000000;3.9433;3.9433;3.9433;3.9433;0
20160922 000000;3.9433;3.9433;3.9433;3.9433;0
20160923 000000;3.9376;3.9376;3.9376;3.9376;0
20160924 000000;3.9376;3.9376;3.9376;3.9376;0
20160925 000000;3.9376;3.9376;3.9376;3.9376;0
20160926 000000;3.9473;3.9473;3.9473;3.9473;0
20160927 000000;3.9418;3.9418;3.9418;3.9418;0
20160928 000000;3.9384;3.9384;3.9384;3.9384;0
20160929 000000;3.9596;3.9596;3.9596;3.9596;0
20160930 000000;3.9713;3.9713;3.9713;3.9713;0
20161001 000000;3.9713;3.9713;3.9713;3.9713;0
20161002 000000;3.9713;3.9713;3.9713;3.9713;0
20161003 000000;3.9323;3.9323;3.9323;3.9323;0
20161004 000000;3.9215;3.9215;3.9215;3.9215;0
20161005 000000;3.9183;3.9183;3.9183;3.9183;0
20161006 000000;3.9232;3.9232;3.9232;3.9232;0
20161007 000000;3.9113;3.9113;3.9113;3.9113;0
20161008 000000;3.9113;3.9113;3.9113;3.9113;0
20161009 000000;3.9113;3.9113;3.9113;3.9113;0
20161010 000000;3.907;3.907;3.907;3.907;0
20161011 000000;3.9049;3.9049;3.9049;3.9049;0
20161012 000000;3.9404;3.9404;3.9404;3.9404;0
20161013 000000;3.9453;3.9453;3.9453;3.9453;0
20161014 000000;3.9508;3.9508;3.9508;3.9508;0
20161015 000000;3.9508;3.9508;3.9508;3.9508;0
20161016 000000;3.9508;3.9508;3.9508;3.9508;0
20161017 000000;3.981;3.981;3.981;3.981;0
20161018 000000;3.9669;3.9669;3.9669;3.9669;0
20161019 000000;3.9783;3.9783;3.9783;3.9783;0
20161020 000000;3.9884;3.9884;3.9884;3.9884;0
20161021 000000;3.9955;3.9955;3.9955;3.9955;0
20161022 000000;3.9955;3.9955;3.9955;3.9955;0
20161023 000000;3.9955;3.9955;3.9955;3.9955;0
20161024 000000;3.9891;3.9891;3.9891;3.9891;0
20161025 000000;3.9677;3.9677;3.9677;3.9677;0
20161026 000000;3.9901;3.9901;3.9901;3.9901;0
20161027 000000;3.9945;3.9945;3.9945;3.9945;0
20161028 000000;3.9896;3.9896;3.9896;3.9896;0
20161029 000000;3.9896;3.9896;3.9896;3.9896;0
20161030 000000;3.9896;3.9896;3.9896;3.9896;0
20161031 000000;3.9998;3.9998;3.9998;3.9998;0
20161101 000000;3.9809;3.9809;3.9809;3.9809;0
20161102 000000;4.0099;4.0099;4.0099;4.0099;0
20161103 000000;4.0035;4.0035;4.0035;4.0035;0
20161104 000000;4.0085;4.0085;4.0085;4.0085;0
20161105 000000;4.0085;4.0085;4.0085;4.0085;0
20161106 000000;4.0085;4.0085;4.0085;4.0085;0
20161107 000000;4.0134;4.0134;4.0134;4.0134;0
20161108 000000;4.0159;4.0159;4.0159;4.0159;0
20161109 000000;4.02;4.02;4.02;4.02;0
20161110 000000;4.0502;4.0502;4.0502;4.0502;0
20161111 000000;4.1074;4.1074;4.1074;4.1074;0
20161112 000000;4.1074;4.1074;4.1074;4.1074;0
20161113 000000;4.1074;4.1074;4.1074;4.1074;0
20161114 000000;4.1028;4.1028;4.1028;4.1028;0
20161115 000000;4.1128;4.1128;4.1128;4.1128;0
20161116 000000;4.1379;4.1379;4.1379;4.1379;0
20161117 000000;4.1397;4.1397;4.1397;4.1397;0
20161118 000000;4.148;4.148;4.148;4.148;0
20161119 000000;4.148;4.148;4.148;4.148;0
20161120 000000;4.148;4.148;4.148;4.148;0
20161121 000000;4.1304;4.1304;4.1304;4.1304;0
20161122 000000;4.1198;4.1198;4.1198;4.1198;0
20161123 000000;4.1146;4.1146;4.1146;4.1146;0
20161124 000000;4.1241;4.1241;4.1241;4.1241;0
20161125 000000;4.1161;4.1161;4.1161;4.1161;0
20161126 000000;4.1161;4.1161;4.1161;4.1161;0
20161127 000000;4.1161;4.1161;4.1161;4.1161;0
20161128 000000;4.1107;4.1107;4.1107;4.1107;0
20161129 000000;4.1201;4.1201;4.1201;4.1201;0
20161130 000000;4.1177;4.1177;4.1177;4.1177;0
20161201 000000;4.1505;4.1505;4.1505;4.1505;0
20161202 000000;4.1756;4.1756;4.1756;4.1756;0
20161203 000000;4.1756;4.1756;4.1756;4.1756;0
20161204 000000;4.1756;4.1756;4.1756;4.1756;0
20161205 000000;4.1683;4.1683;4.1683;4.1683;0
20161206 000000;4.1337;4.1337;4.1337;4.1337;0
20161207 000000;4.0871;4.0871;4.0871;4.0871;0
20161208 000000;4.1039;4.1039;4.1039;4.1039;0
20161209 000000;4.1329;4.1329;4.1329;4.1329;0
20161210 000000;4.1329;4.1329;4.1329;4.1329;0
20161211 000000;4.1329;4.1329;4.1329;4.1329;0
20161212 000000;4.1339;4.1339;4.1339;4.1339;0
20161213 000000;4.1372;4.1372;4.1372;4.1372;0
20161214 000000;4.1316;4.1316;4.1316;4.1316;0
20161215 000000;4.1414;4.1414;4.1414;4.1414;0
20161216 000000;4.1112;4.1112;4.1112;4.1112;0
20161217 000000;4.1112;4.1112;4.1112;4.1112;0
20161218 000000;4.1112;4.1112;4.1112;4.1112;0
20161219 000000;4.119;4.119;4.119;4.119;0
20161220 000000;4.126;4.126;4.126;4.126;0
20161221 000000;4.1241;4.1241;4.1241;4.1241;0
20161222 000000;4.1188;4.1188;4.1188;4.1188;0
20161223 000000;4.1171;4.1171;4.1171;4.1171;0
20161224 000000;4.1171;4.1171;4.1171;4.1171;0
20161225 000000;4.1171;4.1171;4.1171;4.1171;0
20161226 000000;4.1171;4.1171;4.1171;4.1171;0
20161227 000000;4.0999;4.0999;4.0999;4.0999;0
20161228 000000;4.1094;4.1094;4.1094;4.1094;0
20161229 000000;4.1199;4.1199;4.1199;4.1199;0
20161230 000000;4.1068;4.1068;4.1068;4.1068;0
20161231 000000;4.1068;4.1068;4.1068;4.1068;0
20170101 000000;4.1068;4.1068;4.1068;4.1068;0
20170102 000000;4.1194;4.1194;4.1194;4.1194;0
20170103 000000;4.1052;4.1052;4.1052;4.1052;0
20170104 000000;4.0887;4.0887;4.0887;4.0887;0
20170105 000000;4.0807;4.0807;4.0807;4.0807;0
20170106 000000;4.0608;4.0608;4.0608;4.0608;0
20170107 000000;4.0608;4.0608;4.0608;4.0608;0
20170108 000000;4.0608;4.0608;4.0608;4.0608;0
20170109 000000;4.0833;4.0833;4.0833;4.0833;0
20170110 000000;4.072;4.072;4.072;4.072;0
20170111 000000;4.0764;4.0764;4.0764;4.0764;0
20170112 000000;4.0742;4.0742;4.0742;4.0742;0
20170113 000000;4.0771;4.0771;4.0771;4.0771;0
20170114 000000;4.0771;4.0771;4.0771;4.0771;0
20170115 000000;4.0771;4.0771;4.0771;4.0771;0
20170116 000000;4.0834;4.0834;4.0834;4.0834;0
20170117 000000;4.0789;4.0789;4.0789;4.0789;0
20170118 000000;4.0793;4.0793;4.0793;4.0793;0
20170119 000000;4.0757;4.0757;4.0757;4.0757;0
20170120 000000;4.0737;4.0737;4.0737;4.0737;0
20170121 000000;4.0737;4.0737;4.0737;4.0737;0
20170122 000000;4.0737;4.0737;4.0737;4.0737;0
20170123 000000;4.0756;4.0756;4.0756;4.0756;0
20170124 000000;4.072;4.072;4.072;4.072;0
20170125 000000;4.0664;4.0664;4.0664;4.0664;0
20170126 000000;4.062;4.062;4.062;4.062;0
20170127 000000;4.0602;4.0602;4.0602;4.0602;0
20170128 000000;4.0602;4.0602;4.0602;4.0602;0
20170129 000000;4.0602;4.0602;4.0602;4.0602;0
20170130 000000;4.0594;4.0594;4.0594;4.0594;0
20170131 000000;4.0531;4.0531;4.0531;4.0531;0
20170201 000000;4.0436;4.0436;4.0436;4.0436;0
20170202 000000;4.0291;4.0291;4.0291;4.0291;0
20170203 000000;4.018;4.018;4.018;4.018;0
20170204 000000;4.018;4.018;4.018;4.018;0
20170205 000000;4.018;4.018;4.018;4.018;0
20170206 000000;4.0082;4.0082;4.0082;4.0082;0
20170207 000000;4.0378;4.0378;4.0378;4.0378;0
20170208 000000;4.0536;4.0536;4.0536;4.0536;0
20170209 000000;4.0382;4.0382;4.0382;4.0382;0
20170210 000000;4.026;4.026;4.026;4.026;0
20170211 000000;4.026;4.026;4.026;4.026;0
20170212 000000;4.026;4.026;4.026;4.026;0
20170213 000000;4.0417;4.0417;4.0417;4.0417;0
20170214 000000;4.0353;4.0353;4.0353;4.0353;0
20170215 000000;4.0382;4.0382;4.0382;4.0382;0
20170216 000000;4.0552;4.0552;4.0552;4.0552;0
20170217 000000;4.0712;4.0712;4.0712;4.0712;0
20170218 000000;4.0712;4.0712;4.0712;4.0712;0
20170219 000000;4.0712;4.0712;4.0712;4.0712;0
20170220 000000;4.0607;4.0607;4.0607;4.0607;0
20170221 000000;4.0477;4.0477;4.0477;4.0477;0
20170222 000000;4.0394;4.0394;4.0394;4.0394;0
20170223 000000;4.0401;4.0401;4.0401;4.0401;0
20170224 000000;4.048;4.048;4.048;4.048;0
20170225 000000;4.048;4.048;4.048;4.048;0
20170226 000000;4.048;4.048;4.048;4.048;0
20170227 000000;4.0461;4.0461;4.0461;4.0461;0
20170228 000000;4.0522;4.0522;4.0522;4.0522;0
20170301 000000;4.0348;4.0348;4.0348;4.0348;0
20170302 000000;4.0316;4.0316;4.0316;4.0316;0
20170303 000000;4.0288;4.0288;4.0288;4.0288;0
20170304 000000;4.0288;4.0288;4.0288;4.0288;0
20170305 000000;4.0288;4.0288;4.0288;4.0288;0
20170306 000000;4.0295;4.0295;4.0295;4.0295;0
20170307 000000;4.0144;4.0144;4.0144;4.0144;0
20170308 000000;4.0301;4.0301;4.0301;4.0301;0
20170309 000000;4.0313;4.0313;4.0313;4.0313;0
20170310 000000;4.0267;4.0267;4.0267;4.0267;0
20170311 000000;4.0267;4.0267;4.0267;4.0267;0
20170312 000000;4.0267;4.0267;4.0267;4.0267;0
20170313 000000;4.0354;4.0354;4.0354;4.0354;0
20170314 000000;4.0296;4.0296;4.0296;4.0296;0
20170315 000000;4.0323;4.0323;4.0323;4.0323;0
20170316 000000;4.0181;4.0181;4.0181;4.0181;0
20170317 000000;4.0178;4.0178;4.0178;4.0178;0
20170318 000000;4.0178;4.0178;4.0178;4.0178;0
20170319 000000;4.0178;4.0178;4.0178;4.0178;0
20170320 000000;3.9944;3.9944;3.9944;3.9944;0
20170321 000000;3.9654;3.9654;3.9654;3.9654;0
20170322 000000;3.9963;3.9963;3.9963;3.9963;0
20170323 000000;3.9893;3.9893;3.9893;3.9893;0
20170324 000000;3.9835;3.9835;3.9835;3.9835;0
20170325 000000;3.9835;3.9835;3.9835;3.9835;0
20170326 000000;3.9835;3.9835;3.9835;3.9835;0
20170327 000000;3.9803;3.9803;3.9803;3.9803;0
20170328 000000;3.9718;3.9718;3.9718;3.9718;0
20170329 000000;3.9572;3.9572;3.9572;3.9572;0
20170330 000000;3.9477;3.9477;3.9477;3.9477;0
20170331 000000;3.9515;3.9515;3.9515;3.9515;0
20170401 000000;3.9515;3.9515;3.9515;3.9515;0
20170402 000000;3.9515;3.9515;3.9515;3.9515;0
20170403 000000;3.958;3.958;3.958;3.958;0
20170404 000000;3.9887;3.9887;3.9887;3.9887;0
20170405 000000;3.9517;3.9517;3.9517;3.9517;0
20170406 000000;3.9498;3.9498;3.9498;3.9498;0
20170407 000000;3.9504;3.9504;3.9504;3.9504;0
20170408 000000;3.9504;3.9504;3.9504;3.9504;0
20170409 000000;3.9504;3.9504;3.9504;3.9504;0
20170410 000000;3.9596;3.9596;3.9596;3.9596;0
20170411 000000;3.9654;3.9654;3.9654;3.9654;0
20170412 000000;3.9787;3.9787;3.9787;3.9787;0
20170413 000000;3.9725;3.9725;3.9725;3.9725;0
20170414 000000;3.9725;3.9725;3.9725;3.9725;0
20170415 000000;3.9725;3.9725;3.9725;3.9725;0
20170416 000000;3.9725;3.9725;3.9725;3.9725;0
20170417 000000;3.9725;3.9725;3.9725;3.9725;0
20170418 000000;3.9643;3.9643;3.9643;3.9643;0
20170419 000000;3.9624;3.9624;3.9624;3.9624;0
20170420 000000;3.9798;3.9798;3.9798;3.9798;0
20170421 000000;4.0007;4.0007;4.0007;4.0007;0
20170422 000000;4.0007;4.0007;4.0007;4.0007;0
20170423 000000;4.0007;4.0007;4.0007;4.0007;0
20170424 000000;3.9256;3.9256;3.9256;3.9256;0
20170425 000000;3.9048;3.9048;3.9048;3.9048;0
20170426 000000;3.8986;3.8986;3.8986;3.8986;0
20170427 000000;3.9017;3.9017;3.9017;3.9017;0
20170428 000000;3.8984;3.8984;3.8984;3.8984;0
20170429 000000;3.8984;3.8984;3.8984;3.8984;0
20170430 000000;3.8984;3.8984;3.8984;3.8984;0
20170501 000000;3.8984;3.8984;3.8984;3.8984;0
20170502 000000;3.8784;3.8784;3.8784;3.8784;0
20170503 000000;3.8765;3.8765;3.8765;3.8765;0
20170504 000000;3.8833;3.8833;3.8833;3.8833;0
20170505 000000;3.8909;3.8909;3.8909;3.8909;0
20170506 000000;3.8909;3.8909;3.8909;3.8909;0
20170507 000000;3.8909;3.8909;3.8909;3.8909;0
20170508 000000;3.862;3.862;3.862;3.862;0
20170509 000000;3.8602;3.8602;3.8602;3.8602;0
20170510 000000;3.8524;3.8524;3.8524;3.8524;0
20170511 000000;3.857;3.857;3.857;3.857;0
20170512 000000;3.8466;3.8466;3.8466;3.8466;0
20170513 000000;3.8466;3.8466;3.8466;3.8466;0
20170514 000000;3.8466;3.8466;3.8466;3.8466;0
20170515 000000;3.8459;3.8459;3.8459;3.8459;0
20170516 000000;3.8314;3.8314;3.8314;3.8314;0
20170517 000000;3.8329;3.8329;3.8329;3.8329;0
20170518 000000;3.8838;3.8838;3.8838;3.8838;0
20170519 000000;3.8463;3.8463;3.8463;3.8463;0
20170520 000000;3.8463;3.8463;3.8463;3.8463;0
20170521 000000;3.8463;3.8463;3.8463;3.8463;0
20170522 000000;3.8426;3.8426;3.8426;3.8426;0
20170523 000000;3.8471;3.8471;3.8471;3.8471;0
20170524 000000;3.8308;3.8308;3.8308;3.8308;0
20170525 000000;3.8328;3.8328;3.8328;3.8328;0
20170526 000000;3.8418;3.8418;3.8418;3.8418;0
20170527 000000;3.8418;3.8418;3.8418;3.8418;0
20170528 000000;3.8418;3.8418;3.8418;3.8418;0
20170529 000000;3.8346;3.8346;3.8346;3.8346;0
20170530 000000;3.8301;3.8301;3.8301;3.8301;0
20170531 000000;3.8282;3.8282;3.8282;3.8282;0
20170601 000000;3.8436;3.8436;3.8436;3.8436;0
20170602 000000;3.8488;3.8488;3.8488;3.8488;0
20170603 000000;3.8488;3.8488;3.8488;3.8488;0
20170604 000000;3.8488;3.8488;3.8488;3.8488;0
20170605 000000;3.8539;3.8539;3.8539;3.8539;0
20170606 000000;3.8699;3.8699;3.8699;3.8699;0
20170607 000000;3.8654;3.8654;3.8654;3.8654;0
20170608 000000;3.8748;3.8748;3.8748;3.8748;0
20170609 000000;3.8574;3.8574;3.8574;3.8574;0
20170610 000000;3.8574;3.8574;3.8574;3.8574;0
20170611 000000;3.8574;3.8574;3.8574;3.8574;0
20170612 000000;3.8592;3.8592;3.8592;3.8592;0
20170613 000000;3.8651;3.8651;3.8651;3.8651;0
20170614 000000;3.8594;3.8594;3.8594;3.8594;0
20170615 000000;3.8736;3.8736;3.8736;3.8736;0
20170616 000000;3.8754;3.8754;3.8754;3.8754;0
20170617 000000;3.8754;3.8754;3.8754;3.8754;0
20170618 000000;3.8754;3.8754;3.8754;3.8754;0
20170619 000000;3.8753;3.8753;3.8753;3.8753;0
20170620 000000;3.8977;3.8977;3.8977;3.8977;0
20170621 000000;3.9024;3.9024;3.9024;3.9024;0
20170622 000000;3.9019;3.9019;3.9019;3.9019;0
20170623 000000;3.9001;3.9001;3.9001;3.9001;0
20170624 000000;3.9001;3.9001;3.9001;3.9001;0
20170625 000000;3.9001;3.9001;3.9001;3.9001;0
20170626 000000;3.8699;3.8699;3.8699;3.8699;0
20170627 000000;3.8731;3.8731;3.8731;3.8731;0
20170628 000000;3.883;3.883;3.883;3.883;0
20170629 000000;3.8856;3.8856;3.8856;3.8856;0
20170630 000000;3.8663;3.8663;3.8663;3.8663;0
20170701 000000;3.8663;3.8663;3.8663;3.8663;0
20170702 000000;3.8663;3.8663;3.8663;3.8663;0
20170703 000000;3.8705;3.8705;3.8705;3.8705;0
20170704 000000;3.8731;3.8731;3.8731;3.8731;0
20170705 000000;3.8779;3.8779;3.8779;3.8779;0
20170706 000000;3.8704;3.8704;3.8704;3.8704;0
20170707 000000;3.8534;3.8534;3.8534;3.8534;0
20170708 000000;3.8534;3.8534;3.8534;3.8534;0
20170709 000000;3.8534;3.8534;3.8534;3.8534;0
20170710 000000;3.8466;3.8466;3.8466;3.8466;0
20170711 000000;3.846;3.846;3.846;3.846;0
20170712 000000;3.8491;3.8491;3.8491;3.8491;0
20170713 000000;3.8445;3.8445;3.8445;3.8445;0
20170714 000000;3.8161;3.8161;3.8161;3.8161;0
20170715 000000;3.8161;3.8161;3.8161;3.8161;0
20170716 000000;3.8161;3.8161;3.8161;3.8161;0
20170717 000000;3.8213;3.8213;3.8213;3.8213;0
20170718 000000;3.8122;3.8122;3.8122;3.8122;0
20170719 000000;3.8318;3.8318;3.8318;3.8318;0
20170720 000000;3.8138;3.8138;3.8138;3.8138;0
20170721 000000;3.8335;3.8335;3.8335;3.8335;0
20170722 000000;3.8335;3.8335;3.8335;3.8335;0
20170723 000000;3.8335;3.8335;3.8335;3.8335;0
20170724 000000;3.8483;3.8483;3.8483;3.8483;0
20170725 000000;3.8481;3.8481;3.8481;3.8481;0
20170726 000000;3.8211;3.8211;3.8211;3.8211;0
20170727 000000;3.7875;3.7875;3.7875;3.7875;0
20170728 000000;3.7416;3.7416;3.7416;3.7416;0
20170729 000000;3.7416;3.7416;3.7416;3.7416;0
20170730 000000;3.7416;3.7416;3.7416;3.7416;0
20170731 000000;3.7409;3.7409;3.7409;3.7409;0
20170801 000000;3.729;3.729;3.729;3.729;0
20170802 000000;3.7124;3.7124;3.7124;3.7124;0
20170803 000000;3.6976;3.6976;3.6976;3.6976;0
20170804 000000;3.6898;3.6898;3.6898;3.6898;0
20170805 000000;3.6898;3.6898;3.6898;3.6898;0
20170806 000000;3.6898;3.6898;3.6898;3.6898;0
20170807 000000;3.7037;3.7037;3.7037;3.7037;0
20170808 000000;3.7074;3.7074;3.7074;3.7074;0
20170809 000000;3.7784;3.7784;3.7784;3.7784;0
20170810 000000;3.7666;3.7666;3.7666;3.7666;0
20170811 000000;3.7887;3.7887;3.7887;3.7887;0
20170812 000000;3.7887;3.7887;3.7887;3.7887;0
20170813 000000;3.7887;3.7887;3.7887;3.7887;0
20170814 000000;3.7486;3.7486;3.7486;3.7486;0
20170815 000000;3.748;3.748;3.748;3.748;0
20170816 000000;3.7479;3.7479;3.7479;3.7479;0
20170817 000000;3.764;3.764;3.764;3.764;0
20170818 000000;3.7926;3.7926;3.7926;3.7926;0
20170819 000000;3.7926;3.7926;3.7926;3.7926;0
20170820 000000;3.7926;3.7926;3.7926;3.7926;0
20170821 000000;3.7615;3.7615;3.7615;3.7615;0
20170822 000000;3.7679;3.7679;3.7679;3.7679;0
20170823 000000;3.7612;3.7612;3.7612;3.7612;0
20170824 000000;3.7586;3.7586;3.7586;3.7586;0
20170825 000000;3.7399;3.7399;3.7399;3.7399;0
20170826 000000;3.7399;3.7399;3.7399;3.7399;0
20170827 000000;3.7399;3.7399;3.7399;3.7399;0
20170828 000000;3.7388;3.7388;3.7388;3.7388;0
20170829 000000;3.7481;3.7481;3.7481;3.7481;0
20170830 000000;3.7295;3.7295;3.7295;3.7295;0
20170831 000000;3.7203;3.7203;3.7203;3.7203;0
20170901 000000;3.7065;3.7065;3.7065;3.7065;0
20170902 000000;3.7065;3.7065;3.7065;3.7065;0
20170903 000000;3.7065;3.7065;3.7065;3.7065;0
20170904 000000;3.7202;3.7202;3.7202;3.7202;0
20170905 000000;3.7136;3.7136;3.7136;3.7136;0
20170906 000000;3.7209;3.7209;3.7209;3.7209;0
20170907 000000;3.7183;3.7183;3.7183;3.7183;0
20170908 000000;3.7294;3.7294;3.7294;3.7294;0
20170909 000000;3.7294;3.7294;3.7294;3.7294;0
20170910 000000;3.7294;3.7294;3.7294;3.7294;0
20170911 000000;3.7215;3.7215;3.7215;3.7215;0
20170912 000000;3.718;3.718;3.718;3.718;0
20170913 000000;3.7229;3.7229;3.7229;3.7229;0
20170914 000000;3.7268;3.7268;3.7268;3.7268;0
20170915 000000;3.7248;3.7248;3.7248;3.7248;0
20170916 000000;3.7248;3.7248;3.7248;3.7248;0
20170917 000000;3.7248;3.7248;3.7248;3.7248;0
20170918 000000;3.7408;3.7408;3.7408;3.7408;0
20170919 000000;3.7091;3.7091;3.7091;3.7091;0
20170920 000000;3.7092;3.7092;3.7092;3.7092;0
20170921 000000;3.6949;3.6949;3.6949;3.6949;0
20170922 000000;3.6824;3.6824;3.6824;3.6824;0
20170923 000000;3.6824;3.6824;3.6824;3.6824;0
20170924 000000;3.6824;3.6824;3.6824;3.6824;0
20170925 000000;3.6915;3.6915;3.6915;3.6915;0
20170926 000000;3.7394;3.7394;3.7394;3.7394;0
20170927 000000;3.7575;3.7575;3.7575;3.7575;0
20170928 000000;3.7628;3.7628;3.7628;3.7628;0
20170929 000000;3.7568;3.7568;3.7568;3.7568;0
20170930 000000;3.7568;3.7568;3.7568;3.7568;0
20171001 000000;3.7568;3.7568;3.7568;3.7568;0
20171002 000000;3.7838;3.7838;3.7838;3.7838;0
20171003 000000;3.7647;3.7647;3.7647;3.7647;0
20171004 000000;3.751;3.751;3.751;3.751;0
20171005 000000;3.7483;3.7483;3.7483;3.7483;0
20171006 000000;3.7513;3.7513;3.7513;3.7513;0
20171007 000000;3.7513;3.7513;3.7513;3.7513;0
20171008 000000;3.7513;3.7513;3.7513;3.7513;0
20171009 000000;3.7468;3.7468;3.7468;3.7468;0
20171010 000000;3.726;3.726;3.726;3.726;0
20171011 000000;3.7184;3.7184;3.7184;3.7184;0
20171012 000000;3.6989;3.6989;3.6989;3.6989;0
20171013 000000;3.6898;3.6898;3.6898;3.6898;0
20171014 000000;3.6898;3.6898;3.6898;3.6898;0
20171015 000000;3.6898;3.6898;3.6898;3.6898;0
20171016 000000;3.6806;3.6806;3.6806;3.6806;0
20171017 000000;3.6768;3.6768;3.6768;3.6768;0
20171018 000000;3.66;3.66;3.66;3.66;0
20171019 000000;3.6732;3.6732;3.6732;3.6732;0
20171020 000000;3.6529;3.6529;3.6529;3.6529;0
20171021 000000;3.6529;3.6529;3.6529;3.6529;0
20171022 000000;3.6529;3.6529;3.6529;3.6529;0
20171023 000000;3.6496;3.6496;3.6496;3.6496;0
20171024 000000;3.6513;3.6513;3.6513;3.6513;0
20171025 000000;3.6232;3.6232;3.6232;3.6232;0
20171026 000000;3.6265;3.6265;3.6265;3.6265;0
20171027 000000;3.6504;3.6504;3.6504;3.6504;0
20171028 000000;3.6504;3.6504;3.6504;3.6504;0
20171029 000000;3.6504;3.6504;3.6504;3.6504;0
20171030 000000;3.657;3.657;3.657;3.657;0
20171031 000000;3.6517;3.6517;3.6517;3.6517;0
20171101 000000;3.6373;3.6373;3.6373;3.6373;0
20171102 000000;3.6384;3.6384;3.6384;3.6384;0
20171103 000000;3.6427;3.6427;3.6427;3.6427;0
20171104 000000;3.6427;3.6427;3.6427;3.6427;0
20171105 000000;3.6427;3.6427;3.6427;3.6427;0
20171106 000000;3.6581;3.6581;3.6581;3.6581;0
20171107 000000;3.6684;3.6684;3.6684;3.6684;0
20171108 000000;3.6561;3.6561;3.6561;3.6561;0
20171109 000000;3.654;3.654;3.654;3.654;0
20171110 000000;3.6501;3.6501;3.6501;3.6501;0
20171111 000000;3.6501;3.6501;3.6501;3.6501;0
20171112 000000;3.6501;3.6501;3.6501;3.6501;0
20171113 000000;3.6536;3.6536;3.6536;3.6536;0
20171114 000000;3.64;3.64;3.64;3.64;0
20171115 000000;3.6379;3.6379;3.6379;3.6379;0
20171116 000000;3.6231;3.6231;3.6231;3.6231;0
20171117 000000;3.6202;3.6202;3.6202;3.6202;0
20171118 000000;3.6202;3.6202;3.6202;3.6202;0
20171119 000000;3.6202;3.6202;3.6202;3.6202;0
20171120 000000;3.6238;3.6238;3.6238;3.6238;0
20171121 000000;3.6328;3.6328;3.6328;3.6328;0
20171122 000000;3.6312;3.6312;3.6312;3.6312;0
20171123 000000;3.6273;3.6273;3.6273;3.6273;0
20171124 000000;3.6145;3.6145;3.6145;3.6145;0
20171125 000000;3.6145;3.6145;3.6145;3.6145;0
20171126 000000;3.6145;3.6145;3.6145;3.6145;0
20171127 000000;3.5917;3.5917;3.5917;3.5917;0
20171128 000000;3.6018;3.6018;3.6018;3.6018;0
20171129 000000;3.6013;3.6013;3.6013;3.6013;0
20171130 000000;3.5862;3.5862;3.5862;3.5862;0
20171201 000000;3.6035;3.6035;3.6035;3.6035;0
20171202 000000;3.6035;3.6035;3.6035;3.6035;0
20171203 000000;3.6035;3.6035;3.6035;3.6035;0
20171204 000000;3.6027;3.6027;3.6027;3.6027;0
20171205 000000;3.5998;3.5998;3.5998;3.5998;0
20171206 000000;3.6087;3.6087;3.6087;3.6087;0
20171207 000000;3.6008;3.6008;3.6008;3.6008;0
20171208 000000;3.5902;3.5902;3.5902;3.5902;0
20171209 000000;3.5902;3.5902;3.5902;3.5902;0
20171210 000000;3.5902;3.5902;3.5902;3.5902;0
20171211 000000;3.599;3.599;3.599;3.599;0
20171212 000000;3.6024;3.6024;3.6024;3.6024;0
20171213 000000;3.6186;3.6186;3.6186;3.6186;0
20171214 000000;3.6129;3.6129;3.6129;3.6129;0
20171215 000000;3.6136;3.6136;3.6136;3.6136;0
20171216 000000;3.6136;3.6136;3.6136;3.6136;0
20171217 000000;3.6136;3.6136;3.6136;3.6136;0
20171218 000000;3.6105;3.6105;3.6105;3.6105;0
20171219 000000;3.6067;3.6067;3.6067;3.6067;0
20171220 000000;3.5926;3.5926;3.5926;3.5926;0
20171221 000000;3.5819;3.5819;3.5819;3.5819;0
20171222 000000;3.5769;3.5769;3.5769;3.5769;0
20171223 000000;3.5769;3.5769;3.5769;3.5769;0
20171224 000000;3.5769;3.5769;3.5769;3.5769;0
20171225 000000;3.5769;3.5769;3.5769;3.5769;0
20171226 000000;3.5769;3.5769;3.5769;3.5769;0
20171227 000000;3.5579;3.5579;3.5579;3.5579;0
20171228 000000;3.5721;3.5721;3.5721;3.5721;0
20171229 000000;3.5695;3.5695;3.5695;3.5695;0
20171230 000000;3.5695;3.5695;3.5695;3.5695;0
20171231 000000;3.5695;3.5695;3.5695;3.5695;0
20180101 000000;3.5695;3.5695;3.5695;3.5695;0
20180102 000000;3.5529;3.5529;3.5529;3.5529;0
20180103 000000;3.5491;3.5491;3.5491;3.5491;0
20180104 000000;3.5327;3.5327;3.5327;3.5327;0
20180105 000000;3.5344;3.5344;3.5344;3.5344;0
20180106 000000;3.5344;3.5344;3.5344;3.5344;0
20180107 000000;3.5344;3.5344;3.5344;3.5344;0
20180108 000000;3.5582;3.5582;3.5582;3.5582;0
20180109 000000;3.564;3.564;3.564;3.564;0
20180110 000000;3.5662;3.5662;3.5662;3.5662;0
20180111 000000;3.5604;3.5604;3.5604;3.5604;0
20180112 000000;3.5397;3.5397;3.5397;3.5397;0
20180113 000000;3.5397;3.5397;3.5397;3.5397;0
20180114 000000;3.5397;3.5397;3.5397;3.5397;0
20180115 000000;3.533;3.533;3.533;3.533;0
20180116 000000;3.5365;3.5365;3.5365;3.5365;0
20180117 000000;3.5428;3.5428;3.5428;3.5428;0
20180118 000000;3.5466;3.5466;3.5466;3.5466;0
20180119 000000;3.5479;3.5479;3.5479;3.5479;0
20180120 000000;3.5479;3.5479;3.5479;3.5479;0
20180121 000000;3.5479;3.5479;3.5479;3.5479;0
20180122 000000;3.5453;3.5453;3.5453;3.5453;0
20180123 000000;3.5399;3.5399;3.5399;3.5399;0
20180124 000000;3.5418;3.5418;3.5418;3.5418;0
20180125 000000;3.5504;3.5504;3.5504;3.5504;0
20180126 000000;3.561;3.561;3.561;3.561;0
20180127 000000;3.561;3.561;3.561;3.561;0
20180128 000000;3.561;3.561;3.561;3.561;0
20180129 000000;3.5835;3.5835;3.5835;3.5835;0
20180130 000000;3.5766;3.5766;3.5766;3.5766;0
20180131 000000;3.5683;3.5683;3.5683;3.5683;0
20180201 000000;3.5804;3.5804;3.5804;3.5804;0
20180202 000000;3.5824;3.5824;3.5824;3.5824;0
20180203 000000;3.5824;3.5824;3.5824;3.5824;0
20180204 000000;3.5824;3.5824;3.5824;3.5824;0
20180205 000000;3.5852;3.5852;3.5852;3.5852;0
20180206 000000;3.599;3.599;3.599;3.599;0
20180207 000000;3.5827;3.5827;3.5827;3.5827;0
20180208 000000;3.6084;3.6084;3.6084;3.6084;0
20180209 000000;3.6437;3.6437;3.6437;3.6437;0
20180210 000000;3.6437;3.6437;3.6437;3.6437;0
20180211 000000;3.6437;3.6437;3.6437;3.6437;0
20180212 000000;3.6293;3.6293;3.6293;3.6293;0
20180213 000000;3.6262;3.6262;3.6262;3.6262;0
20180214 000000;3.6218;3.6218;3.6218;3.6218;0
20180215 000000;3.5974;3.5974;3.5974;3.5974;0
20180216 000000;3.6105;3.6105;3.6105;3.6105;0
20180217 000000;3.6105;3.6105;3.6105;3.6105;0
20180218 000000;3.6105;3.6105;3.6105;3.6105;0
20180219 000000;3.6011;3.6011;3.6011;3.6011;0
20180220 000000;3.5943;3.5943;3.5943;3.5943;0
20180221 000000;3.6005;3.6005;3.6005;3.6005;0
20180222 000000;3.6339;3.6339;3.6339;3.6339;0
20180223 000000;3.6243;3.6243;3.6243;3.6243;0
20180224 000000;3.6243;3.6243;3.6243;3.6243;0
20180225 000000;3.6243;3.6243;3.6243;3.6243;0
20180226 000000;3.6164;3.6164;3.6164;3.6164;0
20180227 000000;3.6112;3.6112;3.6112;3.6112;0
20180228 000000;3.6268;3.6268;3.6268;3.6268;0
20180301 000000;3.6334;3.6334;3.6334;3.6334;0
20180302 000000;3.6435;3.6435;3.6435;3.6435;0
20180303 000000;3.6435;3.6435;3.6435;3.6435;0
20180304 000000;3.6435;3.6435;3.6435;3.6435;0
20180305 000000;3.6288;3.6288;3.6288;3.6288;0
20180306 000000;3.5967;3.5967;3.5967;3.5967;0
20180307 000000;3.5928;3.5928;3.5928;3.5928;0
20180308 000000;3.5838;3.5838;3.5838;3.5838;0
20180309 000000;3.5928;3.5928;3.5928;3.5928;0
20180310 000000;3.5928;3.5928;3.5928;3.5928;0
20180311 000000;3.5928;3.5928;3.5928;3.5928;0
20180312 000000;3.5967;3.5967;3.5967;3.5967;0
20180313 000000;3.603;3.603;3.603;3.603;0
20180314 000000;3.5905;3.5905;3.5905;3.5905;0
20180315 000000;3.6036;3.6036;3.6036;3.6036;0
20180316 000000;3.6039;3.6039;3.6039;3.6039;0
20180317 000000;3.6039;3.6039;3.6039;3.6039;0
20180318 000000;3.6039;3.6039;3.6039;3.6039;0
20180319 000000;3.5991;3.5991;3.5991;3.5991;0
20180320 000000;3.6069;3.6069;3.6069;3.6069;0
20180321 000000;3.6181;3.6181;3.6181;3.6181;0
20180322 000000;3.6173;3.6173;3.6173;3.6173;0
20180323 000000;3.6112;3.6112;3.6112;3.6112;0
20180324 000000;3.6112;3.6112;3.6112;3.6112;0
20180325 000000;3.6112;3.6112;3.6112;3.6112;0
20180326 000000;3.6034;3.6034;3.6034;3.6034;0
20180327 000000;3.5869;3.5869;3.5869;3.5869;0
20180328 000000;3.5651;3.5651;3.5651;3.5651;0
20180329 000000;3.5747;3.5747;3.5747;3.5747;0
20180330 000000;3.5747;3.5747;3.5747;3.5747;0
20180331 000000;3.5747;3.5747;3.5747;3.5747;0
20180401 000000;3.5747;3.5747;3.5747;3.5747;0
20180402 000000;3.5747;3.5747;3.5747;3.5747;0
20180403 000000;3.5743;3.5743;3.5743;3.5743;0
20180404 000000;3.5695;3.5695;3.5695;3.5695;0
20180405 000000;3.564;3.564;3.564;3.564;0
20180406 000000;3.5585;3.5585;3.5585;3.5585;0
20180407 000000;3.5585;3.5585;3.5585;3.5585;0
20180408 000000;3.5585;3.5585;3.5585;3.5585;0
20180409 000000;3.5583;3.5583;3.5583;3.5583;0
20180410 000000;3.5558;3.5558;3.5558;3.5558;0
20180411 000000;3.5356;3.5356;3.5356;3.5356;0
20180412 000000;3.5234;3.5234;3.5234;3.5234;0
20180413 000000;3.5231;3.5231;3.5231;3.5231;0
20180414 000000;3.5231;3.5231;3.5231;3.5231;0
20180415 000000;3.5231;3.5231;3.5231;3.5231;0
20180416 000000;3.5045;3.5045;3.5045;3.5045;0
20180417 000000;3.4936;3.4936;3.4936;3.4936;0
20180418 000000;3.4808;3.4808;3.4808;3.4808;0
20180419 000000;3.479;3.479;3.479;3.479;0
20180420 000000;3.4818;3.4818;3.4818;3.4818;0
20180421 000000;3.4818;3.4818;3.4818;3.4818;0
20180422 000000;3.4818;3.4818;3.4818;3.4818;0
20180423 000000;3.5083;3.5083;3.5083;3.5083;0
20180424 000000;3.5161;3.5161;3.5161;3.5161;0
20180425 000000;3.5242;3.5242;3.5242;3.5242;0
20180426 000000;3.5371;3.5371;3.5371;3.5371;0
20180427 000000;3.5252;3.5252;3.5252;3.5252;0
20180428 000000;3.5252;3.5252;3.5252;3.5252;0
20180429 000000;3.5252;3.5252;3.5252;3.5252;0
20180430 000000;3.5314;3.5314;3.5314;3.5314;0
20180501 000000;3.5314;3.5314;3.5314;3.5314;0
20180502 000000;3.5757;3.5757;3.5757;3.5757;0
20180503 000000;3.5648;3.5648;3.5648;3.5648;0
20180504 000000;3.5601;3.5601;3.5601;3.5601;0
20180505 000000;3.5601;3.5601;3.5601;3.5601;0
20180506 000000;3.5601;3.5601;3.5601;3.5601;0
20180507 000000;3.5554;3.5554;3.5554;3.5554;0
20180508 000000;3.5942;3.5942;3.5942;3.5942;0
20180509 000000;3.586;3.586;3.586;3.586;0
20180510 000000;3.5642;3.5642;3.5642;3.5642;0
20180511 000000;3.5686;3.5686;3.5686;3.5686;0
20180512 000000;3.5686;3.5686;3.5686;3.5686;0
20180513 000000;3.5686;3.5686;3.5686;3.5686;0
20180514 000000;3.5628;3.5628;3.5628;3.5628;0
20180515 000000;3.5967;3.5967;3.5967;3.5967;0
20180516 000000;3.6371;3.6371;3.6371;3.6371;0
20180517 000000;3.6297;3.6297;3.6297;3.6297;0
