20130101 000000;4.074;4.074;4.074;4.074;0
20130102 000000;4.0727;4.0727;4.0727;4.0727;0
20130103 000000;4.0884;4.0884;4.0884;4.0884;0
20130104 000000;4.1165;4.1165;4.1165;4.1165;0
20130105 000000;4.1165;4.1165;4.1165;4.1165;0
20130106 000000;4.1165;4.1165;4.1165;4.1165;0
20130107 000000;4.1193;4.1193;4.1193;4.1193;0
20130108 000000;4.1245;4.1245;4.1245;4.1245;0
20130109 000000;4.109;4.109;4.109;4.109;0
20130110 000000;4.0888;4.0888;4.0888;4.0888;0
20130111 000000;4.1;4.1;4.1;4.1;0
20130112 000000;4.1;4.1;4.1;4.1;0
20130113 000000;4.1;4.1;4.1;4.1;0
20130114 000000;4.12;4.12;4.12;4.12;0
20130115 000000;4.12;4.12;4.12;4.12;0
20130116 000000;4.1312;4.1312;4.1312;4.1312;0
20130117 000000;4.1203;4.1203;4.1203;4.1203;0
20130118 000000;4.1455;4.1455;4.1455;4.1455;0
20130119 000000;4.1455;4.1455;4.1455;4.1455;0
20130120 000000;4.1455;4.1455;4.1455;4.1455;0
20130121 000000;4.1699;4.1699;4.1699;4.1699;0
20130122 000000;4.1737;4.1737;4.1737;4.1737;0
20130123 000000;4.1638;4.1638;4.1638;4.1638;0
20130124 000000;4.1909;4.1909;4.1909;4.1909;0
20130125 000000;4.1769;4.1769;4.1769;4.1769;0
20130126 000000;4.1769;4.1769;4.1769;4.1769;0
20130127 000000;4.1769;4.1769;4.1769;4.1769;0
20130128 000000;4.1989;4.1989;4.1989;4.1989;0
20130129 000000;4.209;4.209;4.209;4.209;0
20130130 000000;4.1988;4.1988;4.1988;4.1988;0
20130131 000000;4.1945;4.1945;4.1945;4.1945;0
20130201 000000;4.1792;4.1792;4.1792;4.1792;0
20130202 000000;4.1792;4.1792;4.1792;4.1792;0
20130203 000000;4.1792;4.1792;4.1792;4.1792;0
20130204 000000;4.164;4.164;4.164;4.164;0
20130205 000000;4.1815;4.1815;4.1815;4.1815;0
20130206 000000;4.1868;4.1868;4.1868;4.1868;0
20130207 000000;4.1885;4.1885;4.1885;4.1885;0
20130208 000000;4.1592;4.1592;4.1592;4.1592;0
20130209 000000;4.1592;4.1592;4.1592;4.1592;0
20130210 000000;4.1592;4.1592;4.1592;4.1592;0
20130211 000000;4.1537;4.1537;4.1537;4.1537;0
20130212 000000;4.176;4.176;4.176;4.176;0
20130213 000000;4.1718;4.1718;4.1718;4.1718;0
20130214 000000;4.1765;4.1765;4.1765;4.1765;0
20130215 000000;4.1906;4.1906;4.1906;4.1906;0
20130216 000000;4.1906;4.1906;4.1906;4.1906;0
20130217 000000;4.1906;4.1906;4.1906;4.1906;0
20130218 000000;4.1891;4.1891;4.1891;4.1891;0
20130219 000000;4.1679;4.1679;4.1679;4.1679;0
20130220 000000;4.1569;4.1569;4.1569;4.1569;0
20130221 000000;4.1735;4.1735;4.1735;4.1735;0
20130222 000000;4.1539;4.1539;4.1539;4.1539;0
20130223 000000;4.1539;4.1539;4.1539;4.1539;0
20130224 000000;4.1539;4.1539;4.1539;4.1539;0
20130225 000000;4.147;4.147;4.147;4.147;0
20130226 000000;4.1678;4.1678;4.1678;4.1678;0
20130227 000000;4.1648;4.1648;4.1648;4.1648;0
20130228 000000;4.1515;4.1515;4.1515;4.1515;0
20130301 000000;4.1477;4.1477;4.1477;4.1477;0
20130302 000000;4.1477;4.1477;4.1477;4.1477;0
20130303 000000;4.1477;4.1477;4.1477;4.1477;0
20130304 000000;4.1398;4.1398;4.1398;4.1398;0
20130305 000000;4.131;4.131;4.131;4.131;0
20130306 000000;4.1495;4.1495;4.1495;4.1495;0
20130307 000000;4.1512;4.1512;4.1512;4.1512;0
20130308 000000;4.138;4.138;4.138;4.138;0
20130309 000000;4.138;4.138;4.138;4.138;0
20130310 000000;4.138;4.138;4.138;4.138;0
20130311 000000;4.1472;4.1472;4.1472;4.1472;0
20130312 000000;4.145;4.145;4.145;4.145;0
20130313 000000;4.1385;4.1385;4.1385;4.1385;0
20130314 000000;4.1549;4.1549;4.1549;4.1549;0
20130315 000000;4.1505;4.1505;4.1505;4.1505;0
20130316 000000;4.1505;4.1505;4.1505;4.1505;0
20130317 000000;4.1505;4.1505;4.1505;4.1505;0
20130318 000000;4.1565;4.1565;4.1565;4.1565;0
20130319 000000;4.1548;4.1548;4.1548;4.1548;0
20130320 000000;4.1609;4.1609;4.1609;4.1609;0
20130321 000000;4.1828;4.1828;4.1828;4.1828;0
20130322 000000;4.1803;4.1803;4.1803;4.1803;0
20130323 000000;4.1803;4.1803;4.1803;4.1803;0
20130324 000000;4.1803;4.1803;4.1803;4.1803;0
20130325 000000;4.1607;4.1607;4.1607;4.1607;0
20130326 000000;4.1775;4.1775;4.1775;4.1775;0
20130327 000000;4.1818;4.1818;4.1818;4.1818;0
20130328 000000;4.1804;4.1804;4.1804;4.1804;0
20130329 000000;4.1804;4.1804;4.1804;4.1804;0
20130330 000000;4.1804;4.1804;4.1804;4.1804;0
20130331 000000;4.1804;4.1804;4.1804;4.1804;0
20130401 000000;4.1804;4.1804;4.1804;4.1804;0
20130402 000000;4.1846;4.1846;4.1846;4.1846;0
20130403 000000;4.1908;4.1908;4.1908;4.1908;0
20130404 000000;4.1887;4.1887;4.1887;4.1887;0
20130405 000000;4.1738;4.1738;4.1738;4.1738;0
20130406 000000;4.1738;4.1738;4.1738;4.1738;0
20130407 000000;4.1738;4.1738;4.1738;4.1738;0
20130408 000000;4.1283;4.1283;4.1283;4.1283;0
20130409 000000;4.1304;4.1304;4.1304;4.1304;0
20130410 000000;4.116;4.116;4.116;4.116;0
20130411 000000;4.1124;4.1124;4.1124;4.1124;0
20130412 000000;4.104;4.104;4.104;4.104;0
20130413 000000;4.104;4.104;4.104;4.104;0
20130414 000000;4.104;4.104;4.104;4.104;0
20130415 000000;4.1132;4.1132;4.1132;4.1132;0
20130416 000000;4.1161;4.1161;4.1161;4.1161;0
20130417 000000;4.1145;4.1145;4.1145;4.1145;0
20130418 000000;4.1147;4.1147;4.1147;4.1147;0
20130419 000000;4.1003;4.1003;4.1003;4.1003;0
20130420 000000;4.1003;4.1003;4.1003;4.1003;0
20130421 000000;4.1003;4.1003;4.1003;4.1003;0
20130422 000000;4.1079;4.1079;4.1079;4.1079;0
20130423 000000;4.1342;4.1342;4.1342;4.1342;0
20130424 000000;4.1367;4.1367;4.1367;4.1367;0
20130425 000000;4.1467;4.1467;4.1467;4.1467;0
20130426 000000;4.159;4.159;4.159;4.159;0
20130427 000000;4.159;4.159;4.159;4.159;0
20130428 000000;4.159;4.159;4.159;4.159;0
20130429 000000;4.1309;4.1309;4.1309;4.1309;0
20130430 000000;4.1504;4.1504;4.1504;4.1504;0
20130501 000000;4.1504;4.1504;4.1504;4.1504;0
20130502 000000;4.1465;4.1465;4.1465;4.1465;0
20130503 000000;4.1407;4.1407;4.1407;4.1407;0
20130504 000000;4.1407;4.1407;4.1407;4.1407;0
20130505 000000;4.1407;4.1407;4.1407;4.1407;0
20130506 000000;4.1515;4.1515;4.1515;4.1515;0
20130507 000000;4.152;4.152;4.152;4.152;0
20130508 000000;4.1361;4.1361;4.1361;4.1361;0
20130509 000000;4.1262;4.1262;4.1262;4.1262;0
20130510 000000;4.1435;4.1435;4.1435;4.1435;0
20130511 000000;4.1435;4.1435;4.1435;4.1435;0
20130512 000000;4.1435;4.1435;4.1435;4.1435;0
20130513 000000;4.1555;4.1555;4.1555;4.1555;0
20130514 000000;4.1665;4.1665;4.1665;4.1665;0
20130515 000000;4.1827;4.1827;4.1827;4.1827;0
20130516 000000;4.1827;4.1827;4.1827;4.1827;0
20130517 000000;4.1704;4.1704;4.1704;4.1704;0
20130518 000000;4.1704;4.1704;4.1704;4.1704;0
20130519 000000;4.1704;4.1704;4.1704;4.1704;0
20130520 000000;4.1821;4.1821;4.1821;4.1821;0
20130521 000000;4.1898;4.1898;4.1898;4.1898;0
20130522 000000;4.1784;4.1784;4.1784;4.1784;0
20130523 000000;4.2092;4.2092;4.2092;4.2092;0
20130524 000000;4.1982;4.1982;4.1982;4.1982;0
20130525 000000;4.1982;4.1982;4.1982;4.1982;0
20130526 000000;4.1982;4.1982;4.1982;4.1982;0
20130527 000000;4.1935;4.1935;4.1935;4.1935;0
20130528 000000;4.1805;4.1805;4.1805;4.1805;0
20130529 000000;4.225;4.225;4.225;4.225;0
20130530 000000;4.2667;4.2667;4.2667;4.2667;0
20130531 000000;4.2792;4.2792;4.2792;4.2792;0
20130601 000000;4.2792;4.2792;4.2792;4.2792;0
20130602 000000;4.2792;4.2792;4.2792;4.2792;0
20130603 000000;4.2666;4.2666;4.2666;4.2666;0
20130604 000000;4.2365;4.2365;4.2365;4.2365;0
20130605 000000;4.2452;4.2452;4.2452;4.2452;0
20130606 000000;4.2759;4.2759;4.2759;4.2759;0
20130607 000000;4.3058;4.3058;4.3058;4.3058;0
20130608 000000;4.3058;4.3058;4.3058;4.3058;0
20130609 000000;4.3058;4.3058;4.3058;4.3058;0
20130610 000000;4.2532;4.2532;4.2532;4.2532;0
20130611 000000;4.2789;4.2789;4.2789;4.2789;0
20130612 000000;4.2532;4.2532;4.2532;4.2532;0
20130613 000000;4.2645;4.2645;4.2645;4.2645;0
20130614 000000;4.2347;4.2347;4.2347;4.2347;0
20130615 000000;4.2347;4.2347;4.2347;4.2347;0
20130616 000000;4.2347;4.2347;4.2347;4.2347;0
20130617 000000;4.2296;4.2296;4.2296;4.2296;0
20130618 000000;4.2554;4.2554;4.2554;4.2554;0
20130619 000000;4.2598;4.2598;4.2598;4.2598;0
20130620 000000;4.3183;4.3183;4.3183;4.3183;0
20130621 000000;4.3289;4.3289;4.3289;4.3289;0
20130622 000000;4.3289;4.3289;4.3289;4.3289;0
20130623 000000;4.3289;4.3289;4.3289;4.3289;0
20130624 000000;4.35;4.35;4.35;4.35;0
20130625 000000;4.319;4.319;4.319;4.319;0
20130626 000000;4.3445;4.3445;4.3445;4.3445;0
20130627 000000;4.3203;4.3203;4.3203;4.3203;0
20130628 000000;4.3376;4.3376;4.3376;4.3376;0
20130629 000000;4.3376;4.3376;4.3376;4.3376;0
20130630 000000;4.3376;4.3376;4.3376;4.3376;0
20130701 000000;4.3329;4.3329;4.3329;4.3329;0
20130702 000000;4.3329;4.3329;4.3329;4.3329;0
20130703 000000;4.3365;4.3365;4.3365;4.3365;0
20130704 000000;4.3083;4.3083;4.3083;4.3083;0
20130705 000000;4.2847;4.2847;4.2847;4.2847;0
20130706 000000;4.2847;4.2847;4.2847;4.2847;0
20130707 000000;4.2847;4.2847;4.2847;4.2847;0
20130708 000000;4.2959;4.2959;4.2959;4.2959;0
20130709 000000;4.3263;4.3263;4.3263;4.3263;0
20130710 000000;4.3325;4.3325;4.3325;4.3325;0
20130711 000000;4.3349;4.3349;4.3349;4.3349;0
20130712 000000;4.3193;4.3193;4.3193;4.3193;0
20130713 000000;4.3193;4.3193;4.3193;4.3193;0
20130714 000000;4.3193;4.3193;4.3193;4.3193;0
20130715 000000;4.2855;4.2855;4.2855;4.2855;0
20130716 000000;4.256;4.256;4.256;4.256;0
20130717 000000;4.261;4.261;4.261;4.261;0
20130718 000000;4.249;4.249;4.249;4.249;0
20130719 000000;4.2468;4.2468;4.2468;4.2468;0
20130720 000000;4.2468;4.2468;4.2468;4.2468;0
20130721 000000;4.2468;4.2468;4.2468;4.2468;0
20130722 000000;4.2175;4.2175;4.2175;4.2175;0
20130723 000000;4.2147;4.2147;4.2147;4.2147;0
20130724 000000;4.2075;4.2075;4.2075;4.2075;0
20130725 000000;4.2433;4.2433;4.2433;4.2433;0
20130726 000000;4.2375;4.2375;4.2375;4.2375;0
20130727 000000;4.2375;4.2375;4.2375;4.2375;0
20130728 000000;4.2375;4.2375;4.2375;4.2375;0
20130729 000000;4.2294;4.2294;4.2294;4.2294;0
20130730 000000;4.2252;4.2252;4.2252;4.2252;0
20130731 000000;4.237;4.237;4.237;4.237;0
20130801 000000;4.2346;4.2346;4.2346;4.2346;0
20130802 000000;4.255;4.255;4.255;4.255;0
20130803 000000;4.255;4.255;4.255;4.255;0
20130804 000000;4.255;4.255;4.255;4.255;0
20130805 000000;4.2192;4.2192;4.2192;4.2192;0
20130806 000000;4.2144;4.2144;4.2144;4.2144;0
20130807 000000;4.217;4.217;4.217;4.217;0
20130808 000000;4.2066;4.2066;4.2066;4.2066;0
20130809 000000;4.1877;4.1877;4.1877;4.1877;0
20130810 000000;4.1877;4.1877;4.1877;4.1877;0
20130811 000000;4.1877;4.1877;4.1877;4.1877;0
20130812 000000;4.1888;4.1888;4.1888;4.1888;0
20130813 000000;4.1913;4.1913;4.1913;4.1913;0
20130814 000000;4.2037;4.2037;4.2037;4.2037;0
20130815 000000;4.2062;4.2062;4.2062;4.2062;0
20130816 000000;4.2281;4.2281;4.2281;4.2281;0
20130817 000000;4.2281;4.2281;4.2281;4.2281;0
20130818 000000;4.2281;4.2281;4.2281;4.2281;0
20130819 000000;4.2503;4.2503;4.2503;4.2503;0
20130820 000000;4.2267;4.2267;4.2267;4.2267;0
20130821 000000;4.2403;4.2403;4.2403;4.2403;0
20130822 000000;4.2416;4.2416;4.2416;4.2416;0
20130823 000000;4.2323;4.2323;4.2323;4.2323;0
20130824 000000;4.2323;4.2323;4.2323;4.2323;0
20130825 000000;4.2323;4.2323;4.2323;4.2323;0
20130826 000000;4.2285;4.2285;4.2285;4.2285;0
20130827 000000;4.246;4.246;4.246;4.246;0
20130828 000000;4.293;4.293;4.293;4.293;0
20130829 000000;4.2825;4.2825;4.2825;4.2825;0
20130830 000000;4.2633;4.2633;4.2633;4.2633;0
20130831 000000;4.2633;4.2633;4.2633;4.2633;0
20130901 000000;4.2633;4.2633;4.2633;4.2633;0
20130902 000000;4.2548;4.2548;4.2548;4.2548;0
20130903 000000;4.2707;4.2707;4.2707;4.2707;0
20130904 000000;4.2663;4.2663;4.2663;4.2663;0
20130905 000000;4.2867;4.2867;4.2867;4.2867;0
20130906 000000;4.295;4.295;4.295;4.295;0
20130907 000000;4.295;4.295;4.295;4.295;0
20130908 000000;4.295;4.295;4.295;4.295;0
20130909 000000;4.273;4.273;4.273;4.273;0
20130910 000000;4.2595;4.2595;4.2595;4.2595;0
20130911 000000;4.2333;4.2333;4.2333;4.2333;0
20130912 000000;4.2131;4.2131;4.2131;4.2131;0
20130913 000000;4.212;4.212;4.212;4.212;0
20130914 000000;4.212;4.212;4.212;4.212;0
20130915 000000;4.212;4.212;4.212;4.212;0
20130916 000000;4.1944;4.1944;4.1944;4.1944;0
20130917 000000;4.2208;4.2208;4.2208;4.2208;0
20130918 000000;4.2328;4.2328;4.2328;4.2328;0
20130919 000000;4.1828;4.1828;4.1828;4.1828;0
20130920 000000;4.2298;4.2298;4.2298;4.2298;0
20130921 000000;4.2298;4.2298;4.2298;4.2298;0
20130922 000000;4.2298;4.2298;4.2298;4.2298;0
20130923 000000;4.2265;4.2265;4.2265;4.2265;0
20130924 000000;4.2269;4.2269;4.2269;4.2269;0
20130925 000000;4.2165;4.2165;4.2165;4.2165;0
20130926 000000;4.228;4.228;4.228;4.228;0
20130927 000000;4.228;4.228;4.228;4.228;0
20130928 000000;4.228;4.228;4.228;4.228;0
20130929 000000;4.228;4.228;4.228;4.228;0
20130930 000000;4.2288;4.2288;4.2288;4.2288;0
20131001 000000;4.2308;4.2308;4.2308;4.2308;0
20131002 000000;4.219;4.219;4.219;4.219;0
20131003 000000;4.2053;4.2053;4.2053;4.2053;0
20131004 000000;4.2045;4.2045;4.2045;4.2045;0
20131005 000000;4.2045;4.2045;4.2045;4.2045;0
20131006 000000;4.2045;4.2045;4.2045;4.2045;0
20131007 000000;4.1951;4.1951;4.1951;4.1951;0
20131008 000000;4.1931;4.1931;4.1931;4.1931;0
20131009 000000;4.1995;4.1995;4.1995;4.1995;0
20131010 000000;4.1958;4.1958;4.1958;4.1958;0
20131011 000000;4.1932;4.1932;4.1932;4.1932;0
20131012 000000;4.1932;4.1932;4.1932;4.1932;0
20131013 000000;4.1932;4.1932;4.1932;4.1932;0
20131014 000000;4.1828;4.1828;4.1828;4.1828;0
20131015 000000;4.1811;4.1811;4.1811;4.1811;0
20131016 000000;4.1765;4.1765;4.1765;4.1765;0
20131017 000000;4.1744;4.1744;4.1744;4.1744;0
20131018 000000;4.1808;4.1808;4.1808;4.1808;0
20131019 000000;4.1808;4.1808;4.1808;4.1808;0
20131020 000000;4.1808;4.1808;4.1808;4.1808;0
20131021 000000;4.1824;4.1824;4.1824;4.1824;0
20131022 000000;4.182;4.182;4.182;4.182;0
20131023 000000;4.1783;4.1783;4.1783;4.1783;0
20131024 000000;4.1861;4.1861;4.1861;4.1861;0
20131025 000000;4.1858;4.1858;4.1858;4.1858;0
20131026 000000;4.1858;4.1858;4.1858;4.1858;0
20131027 000000;4.1858;4.1858;4.1858;4.1858;0
20131028 000000;4.1855;4.1855;4.1855;4.1855;0
20131029 000000;4.1838;4.1838;4.1838;4.1838;0
20131030 000000;4.1801;4.1801;4.1801;4.1801;0
20131031 000000;4.1783;4.1783;4.1783;4.1783;0
20131101 000000;4.1875;4.1875;4.1875;4.1875;0
20131102 000000;4.1875;4.1875;4.1875;4.1875;0
20131103 000000;4.1875;4.1875;4.1875;4.1875;0
20131104 000000;4.1778;4.1778;4.1778;4.1778;0
20131105 000000;4.1802;4.1802;4.1802;4.1802;0
20131106 000000;4.1677;4.1677;4.1677;4.1677;0
20131107 000000;4.1623;4.1623;4.1623;4.1623;0
20131108 000000;4.1801;4.1801;4.1801;4.1801;0
20131109 000000;4.1801;4.1801;4.1801;4.1801;0
20131110 000000;4.1801;4.1801;4.1801;4.1801;0
20131111 000000;4.2045;4.2045;4.2045;4.2045;0
20131112 000000;4.2035;4.2035;4.2035;4.2035;0
20131113 000000;4.202;4.202;4.202;4.202;0
20131114 000000;4.1855;4.1855;4.1855;4.1855;0
20131115 000000;4.1829;4.1829;4.1829;4.1829;0
20131116 000000;4.1829;4.1829;4.1829;4.1829;0
20131117 000000;4.1829;4.1829;4.1829;4.1829;0
20131118 000000;4.1756;4.1756;4.1756;4.1756;0
20131119 000000;4.1829;4.1829;4.1829;4.1829;0
20131120 000000;4.1867;4.1867;4.1867;4.1867;0
20131121 000000;4.1923;4.1923;4.1923;4.1923;0
20131122 000000;4.1978;4.1978;4.1978;4.1978;0
20131123 000000;4.1978;4.1978;4.1978;4.1978;0
20131124 000000;4.1978;4.1978;4.1978;4.1978;0
20131125 000000;4.1916;4.1916;4.1916;4.1916;0
20131126 000000;4.1987;4.1987;4.1987;4.1987;0
20131127 000000;4.2036;4.2036;4.2036;4.2036;0
20131128 000000;4.1942;4.1942;4.1942;4.1942;0
20131129 000000;4.206;4.206;4.206;4.206;0
20131130 000000;4.206;4.206;4.206;4.206;0
20131201 000000;4.206;4.206;4.206;4.206;0
20131202 000000;4.1928;4.1928;4.1928;4.1928;0
20131203 000000;4.2032;4.2032;4.2032;4.2032;0
20131204 000000;4.1983;4.1983;4.1983;4.1983;0
20131205 000000;4.1894;4.1894;4.1894;4.1894;0
20131206 000000;4.1938;4.1938;4.1938;4.1938;0
20131207 000000;4.1938;4.1938;4.1938;4.1938;0
20131208 000000;4.1938;4.1938;4.1938;4.1938;0
20131209 000000;4.1867;4.1867;4.1867;4.1867;0
20131210 000000;4.1825;4.1825;4.1825;4.1825;0
20131211 000000;4.1831;4.1831;4.1831;4.1831;0
20131212 000000;4.1823;4.1823;4.1823;4.1823;0
20131213 000000;4.1796;4.1796;4.1796;4.1796;0
20131214 000000;4.1796;4.1796;4.1796;4.1796;0
20131215 000000;4.1796;4.1796;4.1796;4.1796;0
20131216 000000;4.1758;4.1758;4.1758;4.1758;0
20131217 000000;4.179;4.179;4.179;4.179;0
20131218 000000;4.1783;4.1783;4.1783;4.1783;0
20131219 000000;4.1739;4.1739;4.1739;4.1739;0
20131220 000000;4.1653;4.1653;4.1653;4.1653;0
20131221 000000;4.1653;4.1653;4.1653;4.1653;0
20131222 000000;4.1653;4.1653;4.1653;4.1653;0
20131223 000000;4.1597;4.1597;4.1597;4.1597;0
20131224 000000;4.1422;4.1422;4.1422;4.1422;0
20131225 000000;4.1422;4.1422;4.1422;4.1422;0
20131226 000000;4.1422;4.1422;4.1422;4.1422;0
20131227 000000;4.1515;4.1515;4.1515;4.1515;0
20131228 000000;4.1515;4.1515;4.1515;4.1515;0
20131229 000000;4.1515;4.1515;4.1515;4.1515;0
20131230 000000;4.1487;4.1487;4.1487;4.1487;0
20131231 000000;4.1543;4.1543;4.1543;4.1543;0
20140101 000000;4.1543;4.1543;4.1543;4.1543;0
20140102 000000;4.1693;4.1693;4.1693;4.1693;0
20140103 000000;4.1658;4.1658;4.1658;4.1658;0
20140104 000000;4.1658;4.1658;4.1658;4.1658;0
20140105 000000;4.1658;4.1658;4.1658;4.1658;0
20140106 000000;4.1764;4.1764;4.1764;4.1764;0
20140107 000000;4.1776;4.1776;4.1776;4.1776;0
20140108 000000;4.1767;4.1767;4.1767;4.1767;0
20140109 000000;4.1755;4.1755;4.1755;4.1755;0
20140110 000000;4.1749;4.1749;4.1749;4.1749;0
20140111 000000;4.1749;4.1749;4.1749;4.1749;0
20140112 000000;4.1749;4.1749;4.1749;4.1749;0
20140113 000000;4.1542;4.1542;4.1542;4.1542;0
20140114 000000;4.1507;4.1507;4.1507;4.1507;0
20140115 000000;4.1575;4.1575;4.1575;4.1575;0
20140116 000000;4.1692;4.1692;4.1692;4.1692;0
20140117 000000;4.1645;4.1645;4.1645;4.1645;0
20140118 000000;4.1645;4.1645;4.1645;4.1645;0
20140119 000000;4.1645;4.1645;4.1645;4.1645;0
20140120 000000;4.1578;4.1578;4.1578;4.1578;0
20140121 000000;4.1651;4.1651;4.1651;4.1651;0
20140122 000000;4.165;4.165;4.165;4.165;0
20140123 000000;4.1679;4.1679;4.1679;4.1679;0
20140124 000000;4.208;4.208;4.208;4.208;0
20140125 000000;4.208;4.208;4.208;4.208;0
20140126 000000;4.208;4.208;4.208;4.208;0
20140127 000000;4.1974;4.1974;4.1974;4.1974;0
20140128 000000;4.1913;4.1913;4.1913;4.1913;0
20140129 000000;4.213;4.213;4.213;4.213;0
20140130 000000;4.2312;4.2312;4.2312;4.2312;0
20140131 000000;4.2488;4.2488;4.2488;4.2488;0
20140201 000000;4.2488;4.2488;4.2488;4.2488;0
20140202 000000;4.2488;4.2488;4.2488;4.2488;0
20140203 000000;4.2242;4.2242;4.2242;4.2242;0
20140204 000000;4.2045;4.2045;4.2045;4.2045;0
20140205 000000;4.1944;4.1944;4.1944;4.1944;0
20140206 000000;4.188;4.188;4.188;4.188;0
20140207 000000;4.1875;4.1875;4.1875;4.1875;0
20140208 000000;4.1875;4.1875;4.1875;4.1875;0
20140209 000000;4.1875;4.1875;4.1875;4.1875;0
20140210 000000;4.1803;4.1803;4.1803;4.1803;0
20140211 000000;4.1825;4.1825;4.1825;4.1825;0
20140212 000000;4.1658;4.1658;4.1658;4.1658;0
20140213 000000;4.1675;4.1675;4.1675;4.1675;0
20140214 000000;4.1495;4.1495;4.1495;4.1495;0
20140215 000000;4.1495;4.1495;4.1495;4.1495;0
20140216 000000;4.1495;4.1495;4.1495;4.1495;0
20140217 000000;4.1471;4.1471;4.1471;4.1471;0
20140218 000000;4.1538;4.1538;4.1538;4.1538;0
20140219 000000;4.1734;4.1734;4.1734;4.1734;0
20140220 000000;4.1801;4.1801;4.1801;4.1801;0
20140221 000000;4.1661;4.1661;4.1661;4.1661;0
20140222 000000;4.1661;4.1661;4.1661;4.1661;0
20140223 000000;4.1661;4.1661;4.1661;4.1661;0
20140224 000000;4.1578;4.1578;4.1578;4.1578;0
20140225 000000;4.1525;4.1525;4.1525;4.1525;0
20140226 000000;4.1611;4.1611;4.1611;4.1611;0
20140227 000000;4.1779;4.1779;4.1779;4.1779;0
20140228 000000;4.1676;4.1676;4.1676;4.1676;0
20140301 000000;4.1676;4.1676;4.1676;4.1676;0
20140302 000000;4.1676;4.1676;4.1676;4.1676;0
20140303 000000;4.1928;4.1928;4.1928;4.1928;0
20140304 000000;4.1865;4.1865;4.1865;4.1865;0
20140305 000000;4.1795;4.1795;4.1795;4.1795;0
20140306 000000;4.1845;4.1845;4.1845;4.1845;0
20140307 000000;4.192;4.192;4.192;4.192;0
20140308 000000;4.192;4.192;4.192;4.192;0
20140309 000000;4.192;4.192;4.192;4.192;0
20140310 000000;4.2012;4.2012;4.2012;4.2012;0
20140311 000000;4.217;4.217;4.217;4.217;0
20140312 000000;4.2272;4.2272;4.2272;4.2272;0
20140313 000000;4.2231;4.2231;4.2231;4.2231;0
20140314 000000;4.2423;4.2423;4.2423;4.2423;0
20140315 000000;4.2423;4.2423;4.2423;4.2423;0
20140316 000000;4.2423;4.2423;4.2423;4.2423;0
20140317 000000;4.222;4.222;4.222;4.222;0
20140318 000000;4.2092;4.2092;4.2092;4.2092;0
20140319 000000;4.1982;4.1982;4.1982;4.1982;0
20140320 000000;4.2026;4.2026;4.2026;4.2026;0
20140321 000000;4.1975;4.1975;4.1975;4.1975;0
20140322 000000;4.1975;4.1975;4.1975;4.1975;0
20140323 000000;4.1975;4.1975;4.1975;4.1975;0
20140324 000000;4.1925;4.1925;4.1925;4.1925;0
20140325 000000;4.1983;4.1983;4.1983;4.1983;0
20140326 000000;4.1803;4.1803;4.1803;4.1803;0
20140327 000000;4.1795;4.1795;4.1795;4.1795;0
20140328 000000;4.1739;4.1739;4.1739;4.1739;0
20140329 000000;4.1739;4.1739;4.1739;4.1739;0
20140330 000000;4.1739;4.1739;4.1739;4.1739;0
20140331 000000;4.1719;4.1719;4.1719;4.1719;0
20140401 000000;4.1779;4.1779;4.1779;4.1779;0
20140402 000000;4.1768;4.1768;4.1768;4.1768;0
20140403 000000;4.1727;4.1727;4.1727;4.1727;0
20140404 000000;4.165;4.165;4.165;4.165;0
20140405 000000;4.165;4.165;4.165;4.165;0
20140406 000000;4.165;4.165;4.165;4.165;0
20140407 000000;4.1746;4.1746;4.1746;4.1746;0
20140408 000000;4.1704;4.1704;4.1704;4.1704;0
20140409 000000;4.1708;4.1708;4.1708;4.1708;0
20140410 000000;4.1698;4.1698;4.1698;4.1698;0
20140411 000000;4.1837;4.1837;4.1837;4.1837;0
20140412 000000;4.1837;4.1837;4.1837;4.1837;0
20140413 000000;4.1837;4.1837;4.1837;4.1837;0
20140414 000000;4.1824;4.1824;4.1824;4.1824;0
20140415 000000;4.1868;4.1868;4.1868;4.1868;0
20140416 000000;4.1956;4.1956;4.1956;4.1956;0
20140417 000000;4.1937;4.1937;4.1937;4.1937;0
20140418 000000;4.1937;4.1937;4.1937;4.1937;0
20140419 000000;4.1937;4.1937;4.1937;4.1937;0
20140420 000000;4.1937;4.1937;4.1937;4.1937;0
20140421 000000;4.1937;4.1937;4.1937;4.1937;0
20140422 000000;4.1906;4.1906;4.1906;4.1906;0
20140423 000000;4.1926;4.1926;4.1926;4.1926;0
20140424 000000;4.1914;4.1914;4.1914;4.1914;0
20140425 000000;4.2028;4.2028;4.2028;4.2028;0
20140426 000000;4.2028;4.2028;4.2028;4.2028;0
20140427 000000;4.2028;4.2028;4.2028;4.2028;0
20140428 000000;4.2069;4.2069;4.2069;4.2069;0
20140429 000000;4.1994;4.1994;4.1994;4.1994;0
20140430 000000;4.2024;4.2024;4.2024;4.2024;0
20140501 000000;4.2024;4.2024;4.2024;4.2024;0
20140502 000000;4.2035;4.2035;4.2035;4.2035;0
20140503 000000;4.2035;4.2035;4.2035;4.2035;0
20140504 000000;4.2035;4.2035;4.2035;4.2035;0
20140505 000000;4.2087;4.2087;4.2087;4.2087;0
20140506 000000;4.2019;4.2019;4.2019;4.2019;0
20140507 000000;4.1998;4.1998;4.1998;4.1998;0
20140508 000000;4.1932;4.1932;4.1932;4.1932;0
20140509 000000;4.1823;4.1823;4.1823;4.1823;0
20140510 000000;4.1823;4.1823;4.1823;4.1823;0
20140511 000000;4.1823;4.1823;4.1823;4.1823;0
20140512 000000;4.1818;4.1818;4.1818;4.1818;0
20140513 000000;4.1854;4.1854;4.1854;4.1854;0
20140514 000000;4.1884;4.1884;4.1884;4.1884;0
20140515 000000;4.1792;4.1792;4.1792;4.1792;0
20140516 000000;4.1904;4.1904;4.1904;4.1904;0
20140517 000000;4.1904;4.1904;4.1904;4.1904;0
20140518 000000;4.1904;4.1904;4.1904;4.1904;0
20140519 000000;4.1868;4.1868;4.1868;4.1868;0
20140520 000000;4.1893;4.1893;4.1893;4.1893;0
20140521 000000;4.1888;4.1888;4.1888;4.1888;0
20140522 000000;4.1765;4.1765;4.1765;4.1765;0
20140523 000000;4.1631;4.1631;4.1631;4.1631;0
20140524 000000;4.1631;4.1631;4.1631;4.1631;0
20140525 000000;4.1631;4.1631;4.1631;4.1631;0
20140526 000000;4.155;4.155;4.155;4.155;0
20140527 000000;4.1637;4.1637;4.1637;4.1637;0
20140528 000000;4.1564;4.1564;4.1564;4.1564;0
20140529 000000;4.1446;4.1446;4.1446;4.1446;0
20140530 000000;4.1411;4.1411;4.1411;4.1411;0
20140531 000000;4.1411;4.1411;4.1411;4.1411;0
20140601 000000;4.1411;4.1411;4.1411;4.1411;0
20140602 000000;4.1393;4.1393;4.1393;4.1393;0
20140603 000000;4.148;4.148;4.148;4.148;0
20140604 000000;4.1454;4.1454;4.1454;4.1454;0
20140605 000000;4.1181;4.1181;4.1181;4.1181;0
20140606 000000;4.1153;4.1153;4.1153;4.1153;0
20140607 000000;4.1153;4.1153;4.1153;4.1153;0
20140608 000000;4.1153;4.1153;4.1153;4.1153;0
20140609 000000;4.0997;4.0997;4.0997;4.0997;0
20140610 000000;4.1058;4.1058;4.1058;4.1058;0
20140611 000000;4.1138;4.1138;4.1138;4.1138;0
20140612 000000;4.104;4.104;4.104;4.104;0
20140613 000000;4.1265;4.1265;4.1265;4.1265;0
20140614 000000;4.1265;4.1265;4.1265;4.1265;0
20140615 000000;4.1265;4.1265;4.1265;4.1265;0
20140616 000000;4.1425;4.1425;4.1425;4.1425;0
20140617 000000;4.1371;4.1371;4.1371;4.1371;0
20140618 000000;4.1444;4.1444;4.1444;4.1444;0
20140619 000000;4.1326;4.1326;4.1326;4.1326;0
20140620 000000;4.1606;4.1606;4.1606;4.1606;0
20140621 000000;4.1606;4.1606;4.1606;4.1606;0
20140622 000000;4.1606;4.1606;4.1606;4.1606;0
20140623 000000;4.1498;4.1498;4.1498;4.1498;0
20140624 000000;4.154;4.154;4.154;4.154;0
20140625 000000;4.1504;4.1504;4.1504;4.1504;0
20140626 000000;4.1431;4.1431;4.1431;4.1431;0
20140627 000000;4.1522;4.1522;4.1522;4.1522;0
20140628 000000;4.1522;4.1522;4.1522;4.1522;0
20140629 000000;4.1522;4.1522;4.1522;4.1522;0
20140630 000000;4.1568;4.1568;4.1568;4.1568;0
20140701 000000;4.1582;4.1582;4.1582;4.1582;0
20140702 000000;4.1456;4.1456;4.1456;4.1456;0
20140703 000000;4.1471;4.1471;4.1471;4.1471;0
20140704 000000;4.1394;4.1394;4.1394;4.1394;0
20140705 000000;4.1394;4.1394;4.1394;4.1394;0
20140706 000000;4.1394;4.1394;4.1394;4.1394;0
20140707 000000;4.1432;4.1432;4.1432;4.1432;0
20140708 000000;4.1344;4.1344;4.1344;4.1344;0
20140709 000000;4.1284;4.1284;4.1284;4.1284;0
20140710 000000;4.142;4.142;4.142;4.142;0
20140711 000000;4.1427;4.1427;4.1427;4.1427;0
20140712 000000;4.1427;4.1427;4.1427;4.1427;0
20140713 000000;4.1427;4.1427;4.1427;4.1427;0
20140714 000000;4.1388;4.1388;4.1388;4.1388;0
20140715 000000;4.1408;4.1408;4.1408;4.1408;0
20140716 000000;4.1373;4.1373;4.1373;4.1373;0
20140717 000000;4.144;4.144;4.144;4.144;0
20140718 000000;4.1476;4.1476;4.1476;4.1476;0
20140719 000000;4.1476;4.1476;4.1476;4.1476;0
20140720 000000;4.1476;4.1476;4.1476;4.1476;0
20140721 000000;4.1511;4.1511;4.1511;4.1511;0
20140722 000000;4.1473;4.1473;4.1473;4.1473;0
20140723 000000;4.134;4.134;4.134;4.134;0
20140724 000000;4.1408;4.1408;4.1408;4.1408;0
20140725 000000;4.1435;4.1435;4.1435;4.1435;0
20140726 000000;4.1435;4.1435;4.1435;4.1435;0
20140727 000000;4.1435;4.1435;4.1435;4.1435;0
20140728 000000;4.1437;4.1437;4.1437;4.1437;0
20140729 000000;4.1516;4.1516;4.1516;4.1516;0
20140730 000000;4.1516;4.1516;4.1516;4.1516;0
20140731 000000;4.1691;4.1691;4.1691;4.1691;0
20140801 000000;4.1888;4.1888;4.1888;4.1888;0
20140802 000000;4.1888;4.1888;4.1888;4.1888;0
20140803 000000;4.1888;4.1888;4.1888;4.1888;0
20140804 000000;4.1716;4.1716;4.1716;4.1716;0
20140805 000000;4.1747;4.1747;4.1747;4.1747;0
20140806 000000;4.2045;4.2045;4.2045;4.2045;0
20140807 000000;4.2038;4.2038;4.2038;4.2038;0
20140808 000000;4.201;4.201;4.201;4.201;0
20140809 000000;4.201;4.201;4.201;4.201;0
20140810 000000;4.201;4.201;4.201;4.201;0
20140811 000000;4.1991;4.1991;4.1991;4.1991;0
20140812 000000;4.206;4.206;4.206;4.206;0
20140813 000000;4.1945;4.1945;4.1945;4.1945;0
20140814 000000;4.1799;4.1799;4.1799;4.1799;0
20140815 000000;4.1805;4.1805;4.1805;4.1805;0
20140816 000000;4.1805;4.1805;4.1805;4.1805;0
20140817 000000;4.1805;4.1805;4.1805;4.1805;0
20140818 000000;4.1883;4.1883;4.1883;4.1883;0
20140819 000000;4.1893;4.1893;4.1893;4.1893;0
20140820 000000;4.1828;4.1828;4.1828;4.1828;0
20140821 000000;4.1891;4.1891;4.1891;4.1891;0
20140822 000000;4.1863;4.1863;4.1863;4.1863;0
20140823 000000;4.1863;4.1863;4.1863;4.1863;0
20140824 000000;4.1863;4.1863;4.1863;4.1863;0
20140825 000000;4.1785;4.1785;4.1785;4.1785;0
20140826 000000;4.1828;4.1828;4.1828;4.1828;0
20140827 000000;4.1967;4.1967;4.1967;4.1967;0
20140828 000000;4.2145;4.2145;4.2145;4.2145;0
20140829 000000;4.2171;4.2171;4.2171;4.2171;0
20140830 000000;4.2171;4.2171;4.2171;4.2171;0
20140831 000000;4.2171;4.2171;4.2171;4.2171;0
20140901 000000;4.2082;4.2082;4.2082;4.2082;0
20140902 000000;4.2141;4.2141;4.2141;4.2141;0
20140903 000000;4.1905;4.1905;4.1905;4.1905;0
20140904 000000;4.1854;4.1854;4.1854;4.1854;0
20140905 000000;4.1932;4.1932;4.1932;4.1932;0
20140906 000000;4.1932;4.1932;4.1932;4.1932;0
20140907 000000;4.1932;4.1932;4.1932;4.1932;0
20140908 000000;4.177;4.177;4.177;4.177;0
20140909 000000;4.203;4.203;4.203;4.203;0
20140910 000000;4.2032;4.2032;4.2032;4.2032;0
20140911 000000;4.1986;4.1986;4.1986;4.1986;0
20140912 000000;4.1977;4.1977;4.1977;4.1977;0
20140913 000000;4.1977;4.1977;4.1977;4.1977;0
20140914 000000;4.1977;4.1977;4.1977;4.1977;0
20140915 000000;4.198;4.198;4.198;4.198;0
20140916 000000;4.1956;4.1956;4.1956;4.1956;0
20140917 000000;4.1876;4.1876;4.1876;4.1876;0
20140918 000000;4.193;4.193;4.193;4.193;0
20140919 000000;4.1877;4.1877;4.1877;4.1877;0
20140920 000000;4.1877;4.1877;4.1877;4.1877;0
20140921 000000;4.1877;4.1877;4.1877;4.1877;0
20140922 000000;4.1816;4.1816;4.1816;4.1816;0
20140923 000000;4.1754;4.1754;4.1754;4.1754;0
20140924 000000;4.1695;4.1695;4.1695;4.1695;0
20140925 000000;4.1771;4.1771;4.1771;4.1771;0
20140926 000000;4.1805;4.1805;4.1805;4.1805;0
20140927 000000;4.1805;4.1805;4.1805;4.1805;0
20140928 000000;4.1805;4.1805;4.1805;4.1805;0
20140929 000000;4.1827;4.1827;4.1827;4.1827;0
20140930 000000;4.1776;4.1776;4.1776;4.1776;0
20141001 000000;4.1815;4.1815;4.1815;4.1815;0
20141002 000000;4.1761;4.1761;4.1761;4.1761;0
20141003 000000;4.1789;4.1789;4.1789;4.1789;0
20141004 000000;4.1789;4.1789;4.1789;4.1789;0
20141005 000000;4.1789;4.1789;4.1789;4.1789;0
20141006 000000;4.1844;4.1844;4.1844;4.1844;0
20141007 000000;4.184;4.184;4.184;4.184;0
20141008 000000;4.1919;4.1919;4.1919;4.1919;0
20141009 000000;4.1758;4.1758;4.1758;4.1758;0
20141010 000000;4.1835;4.1835;4.1835;4.1835;0
20141011 000000;4.1835;4.1835;4.1835;4.1835;0
20141012 000000;4.1835;4.1835;4.1835;4.1835;0
20141013 000000;4.1916;4.1916;4.1916;4.1916;0
20141014 000000;4.2032;4.2032;4.2032;4.2032;0
20141015 000000;4.2081;4.2081;4.2081;4.2081;0
20141016 000000;4.2286;4.2286;4.2286;4.2286;0
20141017 000000;4.2318;4.2318;4.2318;4.2318;0
20141018 000000;4.2318;4.2318;4.2318;4.2318;0
20141019 000000;4.2318;4.2318;4.2318;4.2318;0
20141020 000000;4.2227;4.2227;4.2227;4.2227;0
20141021 000000;4.2184;4.2184;4.2184;4.2184;0
20141022 000000;4.2246;4.2246;4.2246;4.2246;0
20141023 000000;4.229;4.229;4.229;4.229;0
20141024 000000;4.2235;4.2235;4.2235;4.2235;0
20141025 000000;4.2235;4.2235;4.2235;4.2235;0
20141026 000000;4.2235;4.2235;4.2235;4.2235;0
20141027 000000;4.2236;4.2236;4.2236;4.2236;0
20141028 000000;4.2318;4.2318;4.2318;4.2318;0
20141029 000000;4.2252;4.2252;4.2252;4.2252;0
20141030 000000;4.2168;4.2168;4.2168;4.2168;0
20141031 000000;4.2177;4.2177;4.2177;4.2177;0
20141101 000000;4.2177;4.2177;4.2177;4.2177;0
20141102 000000;4.2177;4.2177;4.2177;4.2177;0
20141103 000000;4.2188;4.2188;4.2188;4.2188;0
20141104 000000;4.2248;4.2248;4.2248;4.2248;0
20141105 000000;4.2336;4.2336;4.2336;4.2336;0
20141106 000000;4.2214;4.2214;4.2214;4.2214;0
20141107 000000;4.2284;4.2284;4.2284;4.2284;0
20141108 000000;4.2284;4.2284;4.2284;4.2284;0
20141109 000000;4.2284;4.2284;4.2284;4.2284;0
20141110 000000;4.2147;4.2147;4.2147;4.2147;0
20141111 000000;4.2235;4.2235;4.2235;4.2235;0
20141112 000000;4.2192;4.2192;4.2192;4.2192;0
20141113 000000;4.2282;4.2282;4.2282;4.2282;0
20141114 000000;4.2295;4.2295;4.2295;4.2295;0
20141115 000000;4.2295;4.2295;4.2295;4.2295;0
20141116 000000;4.2295;4.2295;4.2295;4.2295;0
20141117 000000;4.2238;4.2238;4.2238;4.2238;0
20141118 000000;4.2141;4.2141;4.2141;4.2141;0
20141119 000000;4.2184;4.2184;4.2184;4.2184;0
20141120 000000;4.214;4.214;4.214;4.214;0
20141121 000000;4.2047;4.2047;4.2047;4.2047;0
20141122 000000;4.2047;4.2047;4.2047;4.2047;0
20141123 000000;4.2047;4.2047;4.2047;4.2047;0
20141124 000000;4.1943;4.1943;4.1943;4.1943;0
20141125 000000;4.1868;4.1868;4.1868;4.1868;0
20141126 000000;4.1801;4.1801;4.1801;4.1801;0
20141127 000000;4.1798;4.1798;4.1798;4.1798;0
20141128 000000;4.1839;4.1839;4.1839;4.1839;0
20141129 000000;4.1839;4.1839;4.1839;4.1839;0
20141130 000000;4.1839;4.1839;4.1839;4.1839;0
20141201 000000;4.1782;4.1782;4.1782;4.1782;0
20141202 000000;4.1637;4.1637;4.1637;4.1637;0
20141203 000000;4.1598;4.1598;4.1598;4.1598;0
20141204 000000;4.1614;4.1614;4.1614;4.1614;0
20141205 000000;4.1628;4.1628;4.1628;4.1628;0
20141206 000000;4.1628;4.1628;4.1628;4.1628;0
20141207 000000;4.1628;4.1628;4.1628;4.1628;0
20141208 000000;4.1611;4.1611;4.1611;4.1611;0
20141209 000000;4.1602;4.1602;4.1602;4.1602;0
20141210 000000;4.1619;4.1619;4.1619;4.1619;0
20141211 000000;4.1798;4.1798;4.1798;4.1798;0
20141212 000000;4.1735;4.1735;4.1735;4.1735;0
20141213 000000;4.1735;4.1735;4.1735;4.1735;0
20141214 000000;4.1735;4.1735;4.1735;4.1735;0
20141215 000000;4.1782;4.1782;4.1782;4.1782;0
20141216 000000;4.2061;4.2061;4.2061;4.2061;0
20141217 000000;4.2258;4.2258;4.2258;4.2258;0
20141218 000000;4.2422;4.2422;4.2422;4.2422;0
20141219 000000;4.2738;4.2738;4.2738;4.2738;0
20141220 000000;4.2738;4.2738;4.2738;4.2738;0
20141221 000000;4.2738;4.2738;4.2738;4.2738;0
20141222 000000;4.2665;4.2665;4.2665;4.2665;0
20141223 000000;4.2765;4.2765;4.2765;4.2765;0
20141224 000000;4.3078;4.3078;4.3078;4.3078;0
20141225 000000;4.3078;4.3078;4.3078;4.3078;0
20141226 000000;4.3078;4.3078;4.3078;4.3078;0
20141227 000000;4.3078;4.3078;4.3078;4.3078;0
20141228 000000;4.3078;4.3078;4.3078;4.3078;0
20141229 000000;4.3023;4.3023;4.3023;4.3023;0
20141230 000000;4.3103;4.3103;4.3103;4.3103;0
20141231 000000;4.2732;4.2732;4.2732;4.2732;0
20150101 000000;4.2732;4.2732;4.2732;4.2732;0
20150102 000000;4.3053;4.3053;4.3053;4.3053;0
20150103 000000;4.3053;4.3053;4.3053;4.3053;0
20150104 000000;4.3053;4.3053;4.3053;4.3053;0
20150105 000000;4.2979;4.2979;4.2979;4.2979;0
20150106 000000;4.3075;4.3075;4.3075;4.3075;0
20150107 000000;4.3108;4.3108;4.3108;4.3108;0
20150108 000000;4.2902;4.2902;4.2902;4.2902;0
20150109 000000;4.2699;4.2699;4.2699;4.2699;0
20150110 000000;4.2699;4.2699;4.2699;4.2699;0
20150111 000000;4.2699;4.2699;4.2699;4.2699;0
20150112 000000;4.2765;4.2765;4.2765;4.2765;0
20150113 000000;4.2824;4.2824;4.2824;4.2824;0
20150114 000000;4.2863;4.2863;4.2863;4.2863;0
20150115 000000;4.3008;4.3008;4.3008;4.3008;0
20150116 000000;4.3179;4.3179;4.3179;4.3179;0
20150117 000000;4.3179;4.3179;4.3179;4.3179;0
20150118 000000;4.3179;4.3179;4.3179;4.3179;0
20150119 000000;4.3164;4.3164;4.3164;4.3164;0
20150120 000000;4.3275;4.3275;4.3275;4.3275;0
20150121 000000;4.3058;4.3058;4.3058;4.3058;0
20150122 000000;4.2997;4.2997;4.2997;4.2997;0
20150123 000000;4.2279;4.2279;4.2279;4.2279;0
20150124 000000;4.2279;4.2279;4.2279;4.2279;0
20150125 000000;4.2279;4.2279;4.2279;4.2279;0
20150126 000000;4.2157;4.2157;4.2157;4.2157;0
20150127 000000;4.23;4.23;4.23;4.23;0
20150128 000000;4.2365;4.2365;4.2365;4.2365;0
20150129 000000;4.2324;4.2324;4.2324;4.2324;0
20150130 000000;4.2075;4.2075;4.2075;4.2075;0
20150131 000000;4.2075;4.2075;4.2075;4.2075;0
20150201 000000;4.2075;4.2075;4.2075;4.2075;0
20150202 000000;4.1771;4.1771;4.1771;4.1771;0
20150203 000000;4.162;4.162;4.162;4.162;0
20150204 000000;4.1607;4.1607;4.1607;4.1607;0
20150205 000000;4.1655;4.1655;4.1655;4.1655;0
20150206 000000;4.165;4.165;4.165;4.165;0
20150207 000000;4.165;4.165;4.165;4.165;0
20150208 000000;4.165;4.165;4.165;4.165;0
20150209 000000;4.1822;4.1822;4.1822;4.1822;0
20150210 000000;4.2008;4.2008;4.2008;4.2008;0
20150211 000000;4.218;4.218;4.218;4.218;0
20150212 000000;4.1916;4.1916;4.1916;4.1916;0
20150213 000000;4.1768;4.1768;4.1768;4.1768;0
20150214 000000;4.1768;4.1768;4.1768;4.1768;0
20150215 000000;4.1768;4.1768;4.1768;4.1768;0
20150216 000000;4.1832;4.1832;4.1832;4.1832;0
20150217 000000;4.1872;4.1872;4.1872;4.1872;0
20150218 000000;4.1909;4.1909;4.1909;4.1909;0
20150219 000000;4.1695;4.1695;4.1695;4.1695;0
20150220 000000;4.1812;4.1812;4.1812;4.1812;0
20150221 000000;4.1812;4.1812;4.1812;4.1812;0
20150222 000000;4.1812;4.1812;4.1812;4.1812;0
20150223 000000;4.1746;4.1746;4.1746;4.1746;0
20150224 000000;4.1662;4.1662;4.1662;4.1662;0
20150225 000000;4.1615;4.1615;4.1615;4.1615;0
20150226 000000;4.1535;4.1535;4.1535;4.1535;0
20150227 000000;4.1524;4.1524;4.1524;4.1524;0
20150228 000000;4.1524;4.1524;4.1524;4.1524;0
20150301 000000;4.1524;4.1524;4.1524;4.1524;0
20150302 000000;4.1563;4.1563;4.1563;4.1563;0
20150303 000000;4.1582;4.1582;4.1582;4.1582;0
20150304 000000;4.1727;4.1727;4.1727;4.1727;0
20150305 000000;4.1397;4.1397;4.1397;4.1397;0
20150306 000000;4.1178;4.1178;4.1178;4.1178;0
20150307 000000;4.1178;4.1178;4.1178;4.1178;0
20150308 000000;4.1178;4.1178;4.1178;4.1178;0
20150309 000000;4.1181;4.1181;4.1181;4.1181;0
20150310 000000;4.1368;4.1368;4.1368;4.1368;0
20150311 000000;4.1365;4.1365;4.1365;4.1365;0
20150312 000000;4.1371;4.1371;4.1371;4.1371;0
20150313 000000;4.1539;4.1539;4.1539;4.1539;0
20150314 000000;4.1539;4.1539;4.1539;4.1539;0
20150315 000000;4.1539;4.1539;4.1539;4.1539;0
20150316 000000;4.1281;4.1281;4.1281;4.1281;0
20150317 000000;4.1392;4.1392;4.1392;4.1392;0
20150318 000000;4.1466;4.1466;4.1466;4.1466;0
20150319 000000;4.1288;4.1288;4.1288;4.1288;0
20150320 000000;4.1272;4.1272;4.1272;4.1272;0
20150321 000000;4.1272;4.1272;4.1272;4.1272;0
20150322 000000;4.1272;4.1272;4.1272;4.1272;0
20150323 000000;4.1215;4.1215;4.1215;4.1215;0
20150324 000000;4.1131;4.1131;4.1131;4.1131;0
20150325 000000;4.0858;4.0858;4.0858;4.0858;0
20150326 000000;4.0763;4.0763;4.0763;4.0763;0
20150327 000000;4.0978;4.0978;4.0978;4.0978;0
20150328 000000;4.0978;4.0978;4.0978;4.0978;0
20150329 000000;4.0978;4.0978;4.0978;4.0978;0
20150330 000000;4.0938;4.0938;4.0938;4.0938;0
20150331 000000;4.0854;4.0854;4.0854;4.0854;0
20150401 000000;4.0608;4.0608;4.0608;4.0608;0
20150402 000000;4.0647;4.0647;4.0647;4.0647;0
20150403 000000;4.0647;4.0647;4.0647;4.0647;0
20150404 000000;4.0647;4.0647;4.0647;4.0647;0
20150405 000000;4.0647;4.0647;4.0647;4.0647;0
20150406 000000;4.0647;4.0647;4.0647;4.0647;0
20150407 000000;4.0578;4.0578;4.0578;4.0578;0
20150408 000000;4.0171;4.0171;4.0171;4.0171;0
20150409 000000;4.0167;4.0167;4.0167;4.0167;0
20150410 000000;4.0181;4.0181;4.0181;4.0181;0
20150411 000000;4.0181;4.0181;4.0181;4.0181;0
20150412 000000;4.0181;4.0181;4.0181;4.0181;0
20150413 000000;4.0136;4.0136;4.0136;4.0136;0
20150414 000000;4.0105;4.0105;4.0105;4.0105;0
20150415 000000;4.0178;4.0178;4.0178;4.0178;0
20150416 000000;4.031;4.031;4.031;4.031;0
20150417 000000;4.0187;4.0187;4.0187;4.0187;0
20150418 000000;4.0187;4.0187;4.0187;4.0187;0
20150419 000000;4.0187;4.0187;4.0187;4.0187;0
20150420 000000;3.9891;3.9891;3.9891;3.9891;0
20150421 000000;3.9683;3.9683;3.9683;3.9683;0
20150422 000000;4.0022;4.0022;4.0022;4.0022;0
20150423 000000;4.0185;4.0185;4.0185;4.0185;0
20150424 000000;4.0131;4.0131;4.0131;4.0131;0
20150425 000000;4.0131;4.0131;4.0131;4.0131;0
20150426 000000;4.0131;4.0131;4.0131;4.0131;0
20150427 000000;4.0037;4.0037;4.0037;4.0037;0
20150428 000000;4.0015;4.0015;4.0015;4.0015;0
20150429 000000;4.012;4.012;4.012;4.012;0
20150430 000000;4.025;4.025;4.025;4.025;0
20150501 000000;4.025;4.025;4.025;4.025;0
20150502 000000;4.025;4.025;4.025;4.025;0
20150503 000000;4.025;4.025;4.025;4.025;0
20150504 000000;4.048;4.048;4.048;4.048;0
20150505 000000;4.0182;4.0182;4.0182;4.0182;0
20150506 000000;4.0483;4.0483;4.0483;4.0483;0
20150507 000000;4.0461;4.0461;4.0461;4.0461;0
20150508 000000;4.0679;4.0679;4.0679;4.0679;0
20150509 000000;4.0679;4.0679;4.0679;4.0679;0
20150510 000000;4.0679;4.0679;4.0679;4.0679;0
20150511 000000;4.0668;4.0668;4.0668;4.0668;0
20150512 000000;4.1028;4.1028;4.1028;4.1028;0
20150513 000000;4.0872;4.0872;4.0872;4.0872;0
20150514 000000;4.0827;4.0827;4.0827;4.0827;0
20150515 000000;4.0432;4.0432;4.0432;4.0432;0
20150516 000000;4.0432;4.0432;4.0432;4.0432;0
20150517 000000;4.0432;4.0432;4.0432;4.0432;0
20150518 000000;4.0615;4.0615;4.0615;4.0615;0
20150519 000000;4.0486;4.0486;4.0486;4.0486;0
20150520 000000;4.0653;4.0653;4.0653;4.0653;0
20150521 000000;4.0959;4.0959;4.0959;4.0959;0
20150522 000000;4.1003;4.1003;4.1003;4.1003;0
20150523 000000;4.1003;4.1003;4.1003;4.1003;0
20150524 000000;4.1003;4.1003;4.1003;4.1003;0
20150525 000000;4.1075;4.1075;4.1075;4.1075;0
20150526 000000;4.1391;4.1391;4.1391;4.1391;0
20150527 000000;4.1335;4.1335;4.1335;4.1335;0
20150528 000000;4.1289;4.1289;4.1289;4.1289;0
20150529 000000;4.1298;4.1298;4.1298;4.1298;0
20150530 000000;4.1298;4.1298;4.1298;4.1298;0
20150531 000000;4.1298;4.1298;4.1298;4.1298;0
20150601 000000;4.1335;4.1335;4.1335;4.1335;0
20150602 000000;4.1288;4.1288;4.1288;4.1288;0
20150603 000000;4.1261;4.1261;4.1261;4.1261;0
20150604 000000;4.1692;4.1692;4.1692;4.1692;0
20150605 000000;4.1441;4.1441;4.1441;4.1441;0
20150606 000000;4.1441;4.1441;4.1441;4.1441;0
20150607 000000;4.1441;4.1441;4.1441;4.1441;0
20150608 000000;4.1551;4.1551;4.1551;4.1551;0
20150609 000000;4.1657;4.1657;4.1657;4.1657;0
20150610 000000;4.15;4.15;4.15;4.15;0
20150611 000000;4.1405;4.1405;4.1405;4.1405;0
20150612 000000;4.1497;4.1497;4.1497;4.1497;0
20150613 000000;4.1497;4.1497;4.1497;4.1497;0
20150614 000000;4.1497;4.1497;4.1497;4.1497;0
20150615 000000;4.1573;4.1573;4.1573;4.1573;0
20150616 000000;4.1448;4.1448;4.1448;4.1448;0
20150617 000000;4.1576;4.1576;4.1576;4.1576;0
20150618 000000;4.1667;4.1667;4.1667;4.1667;0
20150619 000000;4.1729;4.1729;4.1729;4.1729;0
20150620 000000;4.1729;4.1729;4.1729;4.1729;0
20150621 000000;4.1729;4.1729;4.1729;4.1729;0
20150622 000000;4.1625;4.1625;4.1625;4.1625;0
20150623 000000;4.1697;4.1697;4.1697;4.1697;0
20150624 000000;4.1671;4.1671;4.1671;4.1671;0
20150625 000000;4.1727;4.1727;4.1727;4.1727;0
20150626 000000;4.1757;4.1757;4.1757;4.1757;0
20150627 000000;4.1757;4.1757;4.1757;4.1757;0
20150628 000000;4.1757;4.1757;4.1757;4.1757;0
20150629 000000;4.1893;4.1893;4.1893;4.1893;0
20150630 000000;4.1911;4.1911;4.1911;4.1911;0
20150701 000000;4.1901;4.1901;4.1901;4.1901;0
20150702 000000;4.1927;4.1927;4.1927;4.1927;0
20150703 000000;4.1955;4.1955;4.1955;4.1955;0
20150704 000000;4.1955;4.1955;4.1955;4.1955;0
20150705 000000;4.1955;4.1955;4.1955;4.1955;0
20150706 000000;4.2005;4.2005;4.2005;4.2005;0
20150707 000000;4.1949;4.1949;4.1949;4.1949;0
20150708 000000;4.2237;4.2237;4.2237;4.2237;0
20150709 000000;4.2132;4.2132;4.2132;4.2132;0
20150710 000000;4.1756;4.1756;4.1756;4.1756;0
20150711 000000;4.1756;4.1756;4.1756;4.1756;0
20150712 000000;4.1756;4.1756;4.1756;4.1756;0
20150713 000000;4.1469;4.1469;4.1469;4.1469;0
20150714 000000;4.15;4.15;4.15;4.15;0
20150715 000000;4.129;4.129;4.129;4.129;0
20150716 000000;4.1084;4.1084;4.1084;4.1084;0
20150717 000000;4.1053;4.1053;4.1053;4.1053;0
20150718 000000;4.1053;4.1053;4.1053;4.1053;0
20150719 000000;4.1053;4.1053;4.1053;4.1053;0
20150720 000000;4.1173;4.1173;4.1173;4.1173;0
20150721 000000;4.1138;4.1138;4.1138;4.1138;0
20150722 000000;4.1208;4.1208;4.1208;4.1208;0
20150723 000000;4.1229;4.1229;4.1229;4.1229;0
20150724 000000;4.1286;4.1286;4.1286;4.1286;0
20150725 000000;4.1286;4.1286;4.1286;4.1286;0
20150726 000000;4.1286;4.1286;4.1286;4.1286;0
20150727 000000;4.1285;4.1285;4.1285;4.1285;0
20150728 000000;4.1216;4.1216;4.1216;4.1216;0
20150729 000000;4.1392;4.1392;4.1392;4.1392;0
20150730 000000;4.1426;4.1426;4.1426;4.1426;0
20150731 000000;4.1435;4.1435;4.1435;4.1435;0
20150801 000000;4.1435;4.1435;4.1435;4.1435;0
20150802 000000;4.1435;4.1435;4.1435;4.1435;0
20150803 000000;4.1498;4.1498;4.1498;4.1498;0
20150804 000000;4.1498;4.1498;4.1498;4.1498;0
20150805 000000;4.1697;4.1697;4.1697;4.1697;0
20150806 000000;4.1846;4.1846;4.1846;4.1846;0
20150807 000000;4.1853;4.1853;4.1853;4.1853;0
20150808 000000;4.1853;4.1853;4.1853;4.1853;0
20150809 000000;4.1853;4.1853;4.1853;4.1853;0
20150810 000000;4.1968;4.1968;4.1968;4.1968;0
20150811 000000;4.1973;4.1973;4.1973;4.1973;0
20150812 000000;4.1889;4.1889;4.1889;4.1889;0
20150813 000000;4.1882;4.1882;4.1882;4.1882;0
20150814 000000;4.1862;4.1862;4.1862;4.1862;0
20150815 000000;4.1862;4.1862;4.1862;4.1862;0
20150816 000000;4.1862;4.1862;4.1862;4.1862;0
20150817 000000;4.1708;4.1708;4.1708;4.1708;0
20150818 000000;4.1626;4.1626;4.1626;4.1626;0
20150819 000000;4.1731;4.1731;4.1731;4.1731;0
20150820 000000;4.1904;4.1904;4.1904;4.1904;0
20150821 000000;4.2038;4.2038;4.2038;4.2038;0
20150822 000000;4.2038;4.2038;4.2038;4.2038;0
20150823 000000;4.2038;4.2038;4.2038;4.2038;0
20150824 000000;4.2428;4.2428;4.2428;4.2428;0
20150825 000000;4.2242;4.2242;4.2242;4.2242;0
20150826 000000;4.231;4.231;4.231;4.231;0
20150827 000000;4.2357;4.2357;4.2357;4.2357;0
20150828 000000;4.2405;4.2405;4.2405;4.2405;0
20150829 000000;4.2405;4.2405;4.2405;4.2405;0
20150830 000000;4.2405;4.2405;4.2405;4.2405;0
20150831 000000;4.2289;4.2289;4.2289;4.2289;0
20150901 000000;4.2375;4.2375;4.2375;4.2375;0
20150902 000000;4.2359;4.2359;4.2359;4.2359;0
20150903 000000;4.233;4.233;4.233;4.233;0
20150904 000000;4.2281;4.2281;4.2281;4.2281;0
20150905 000000;4.2281;4.2281;4.2281;4.2281;0
20150906 000000;4.2281;4.2281;4.2281;4.2281;0
20150907 000000;4.2298;4.2298;4.2298;4.2298;0
20150908 000000;4.2268;4.2268;4.2268;4.2268;0
20150909 000000;4.2067;4.2067;4.2067;4.2067;0
20150910 000000;4.2125;4.2125;4.2125;4.2125;0
20150911 000000;4.208;4.208;4.208;4.208;0
20150912 000000;4.208;4.208;4.208;4.208;0
20150913 000000;4.208;4.208;4.208;4.208;0
20150914 000000;4.2097;4.2097;4.2097;4.2097;0
20150915 000000;4.2011;4.2011;4.2011;4.2011;0
20150916 000000;4.197;4.197;4.197;4.197;0
20150917 000000;4.2036;4.2036;4.2036;4.2036;0
20150918 000000;4.203;4.203;4.203;4.203;0
20150919 000000;4.203;4.203;4.203;4.203;0
20150920 000000;4.203;4.203;4.203;4.203;0
20150921 000000;4.1866;4.1866;4.1866;4.1866;0
20150922 000000;4.197;4.197;4.197;4.197;0
20150923 000000;4.2036;4.2036;4.2036;4.2036;0
20150924 000000;4.23;4.23;4.23;4.23;0
20150925 000000;4.2218;4.2218;4.2218;4.2218;0
20150926 000000;4.2218;4.2218;4.2218;4.2218;0
20150927 000000;4.2218;4.2218;4.2218;4.2218;0
20150928 000000;4.2343;4.2343;4.2343;4.2343;0
20150929 000000;4.2356;4.2356;4.2356;4.2356;0
20150930 000000;4.2448;4.2448;4.2448;4.2448;0
20151001 000000;4.2459;4.2459;4.2459;4.2459;0
20151002 000000;4.2452;4.2452;4.2452;4.2452;0
20151003 000000;4.2452;4.2452;4.2452;4.2452;0
20151004 000000;4.2452;4.2452;4.2452;4.2452;0
20151005 000000;4.2449;4.2449;4.2449;4.2449;0
20151006 000000;4.2487;4.2487;4.2487;4.2487;0
20151007 000000;4.23;4.23;4.23;4.23;0
20151008 000000;4.2321;4.2321;4.2321;4.2321;0
20151009 000000;4.217;4.217;4.217;4.217;0
20151010 000000;4.217;4.217;4.217;4.217;0
20151011 000000;4.217;4.217;4.217;4.217;0
20151012 000000;4.2246;4.2246;4.2246;4.2246;0
20151013 000000;4.2391;4.2391;4.2391;4.2391;0
20151014 000000;4.2378;4.2378;4.2378;4.2378;0
20151015 000000;4.2291;4.2291;4.2291;4.2291;0
20151016 000000;4.2383;4.2383;4.2383;4.2383;0
20151017 000000;4.2383;4.2383;4.2383;4.2383;0
20151018 000000;4.2383;4.2383;4.2383;4.2383;0
20151019 000000;4.2367;4.2367;4.2367;4.2367;0
20151020 000000;4.2466;4.2466;4.2466;4.2466;0
20151021 000000;4.2757;4.2757;4.2757;4.2757;0
20151022 000000;4.2849;4.2849;4.2849;4.2849;0
20151023 000000;4.2529;4.2529;4.2529;4.2529;0
20151024 000000;4.2529;4.2529;4.2529;4.2529;0
20151025 000000;4.2529;4.2529;4.2529;4.2529;0
20151026 000000;4.2678;4.2678;4.2678;4.2678;0
20151027 000000;4.2919;4.2919;4.2919;4.2919;0
20151028 000000;4.2936;4.2936;4.2936;4.2936;0
20151029 000000;4.2699;4.2699;4.2699;4.2699;0
20151030 000000;4.2644;4.2644;4.2644;4.2644;0
20151031 000000;4.2644;4.2644;4.2644;4.2644;0
20151101 000000;4.2644;4.2644;4.2644;4.2644;0
20151102 000000;4.2532;4.2532;4.2532;4.2532;0
20151103 000000;4.254;4.254;4.254;4.254;0
20151104 000000;4.2377;4.2377;4.2377;4.2377;0
20151105 000000;4.2392;4.2392;4.2392;4.2392;0
20151106 000000;4.2544;4.2544;4.2544;4.2544;0
20151107 000000;4.2544;4.2544;4.2544;4.2544;0
20151108 000000;4.2544;4.2544;4.2544;4.2544;0
20151109 000000;4.263;4.263;4.263;4.263;0
20151110 000000;4.2432;4.2432;4.2432;4.2432;0
20151111 000000;4.2215;4.2215;4.2215;4.2215;0
20151112 000000;4.227;4.227;4.227;4.227;0
20151113 000000;4.2429;4.2429;4.2429;4.2429;0
20151114 000000;4.2429;4.2429;4.2429;4.2429;0
20151115 000000;4.2429;4.2429;4.2429;4.2429;0
20151116 000000;4.2408;4.2408;4.2408;4.2408;0
20151117 000000;4.2475;4.2475;4.2475;4.2475;0
20151118 000000;4.254;4.254;4.254;4.254;0
20151119 000000;4.25;4.25;4.25;4.25;0
20151120 000000;4.2411;4.2411;4.2411;4.2411;0
20151121 000000;4.2411;4.2411;4.2411;4.2411;0
20151122 000000;4.2411;4.2411;4.2411;4.2411;0
20151123 000000;4.2403;4.2403;4.2403;4.2403;0
20151124 000000;4.2607;4.2607;4.2607;4.2607;0
20151125 000000;4.2603;4.2603;4.2603;4.2603;0
20151126 000000;4.2724;4.2724;4.2724;4.2724;0
20151127 000000;4.2631;4.2631;4.2631;4.2631;0
20151128 000000;4.2631;4.2631;4.2631;4.2631;0
20151129 000000;4.2631;4.2631;4.2631;4.2631;0
20151130 000000;4.2721;4.2721;4.2721;4.2721;0
20151201 000000;4.2679;4.2679;4.2679;4.2679;0
20151202 000000;4.2728;4.2728;4.2728;4.2728;0
20151203 000000;4.2859;4.2859;4.2859;4.2859;0
20151204 000000;4.3131;4.3131;4.3131;4.3131;0
20151205 000000;4.3131;4.3131;4.3131;4.3131;0
20151206 000000;4.3131;4.3131;4.3131;4.3131;0
20151207 000000;4.3133;4.3133;4.3133;4.3133;0
20151208 000000;4.3357;4.3357;4.3357;4.3357;0
20151209 000000;4.3404;4.3404;4.3404;4.3404;0
20151210 000000;4.3389;4.3389;4.3389;4.3389;0
20151211 000000;4.3456;4.3456;4.3456;4.3456;0
20151212 000000;4.3456;4.3456;4.3456;4.3456;0
20151213 000000;4.3456;4.3456;4.3456;4.3456;0
20151214 000000;4.3658;4.3658;4.3658;4.3658;0
20151215 000000;4.3537;4.3537;4.3537;4.3537;0
20151216 000000;4.3186;4.3186;4.3186;4.3186;0
20151217 000000;4.2959;4.2959;4.2959;4.2959;0
20151218 000000;4.2806;4.2806;4.2806;4.2806;0
20151219 000000;4.2806;4.2806;4.2806;4.2806;0
20151220 000000;4.2806;4.2806;4.2806;4.2806;0
20151221 000000;4.2402;4.2402;4.2402;4.2402;0
20151222 000000;4.2377;4.2377;4.2377;4.2377;0
20151223 000000;4.2469;4.2469;4.2469;4.2469;0
20151224 000000;4.2412;4.2412;4.2412;4.2412;0
20151225 000000;4.2412;4.2412;4.2412;4.2412;0
20151226 000000;4.2412;4.2412;4.2412;4.2412;0
20151227 000000;4.2412;4.2412;4.2412;4.2412;0
20151228 000000;4.2455;4.2455;4.2455;4.2455;0
20151229 000000;4.2364;4.2364;4.2364;4.2364;0
20151230 000000;4.24;4.24;4.24;4.24;0
20151231 000000;4.2639;4.2639;4.2639;4.2639;0
20160101 000000;4.2639;4.2639;4.2639;4.2639;0
20160102 000000;4.2639;4.2639;4.2639;4.2639;0
20160103 000000;4.2639;4.2639;4.2639;4.2639;0
20160104 000000;4.2955;4.2955;4.2955;4.2955;0
20160105 000000;4.3084;4.3084;4.3084;4.3084;0
20160106 000000;4.3374;4.3374;4.3374;4.3374;0
20160107 000000;4.3512;4.3512;4.3512;4.3512;0
20160108 000000;4.3523;4.3523;4.3523;4.3523;0
20160109 000000;4.3523;4.3523;4.3523;4.3523;0
20160110 000000;4.3523;4.3523;4.3523;4.3523;0
20160111 000000;4.3646;4.3646;4.3646;4.3646;0
20160112 000000;4.3568;4.3568;4.3568;4.3568;0
20160113 000000;4.3458;4.3458;4.3458;4.3458;0
20160114 000000;4.373;4.373;4.373;4.373;0
20160115 000000;4.4129;4.4129;4.4129;4.4129;0
20160116 000000;4.4129;4.4129;4.4129;4.4129;0
20160117 000000;4.4129;4.4129;4.4129;4.4129;0
20160118 000000;4.4606;4.4606;4.4606;4.4606;0
20160119 000000;4.4384;4.4384;4.4384;4.4384;0
20160120 000000;4.4702;4.4702;4.4702;4.4702;0
20160121 000000;4.4943;4.4943;4.4943;4.4943;0
20160122 000000;4.4587;4.4587;4.4587;4.4587;0
20160123 000000;4.4587;4.4587;4.4587;4.4587;0
20160124 000000;4.4587;4.4587;4.4587;4.4587;0
20160125 000000;4.469;4.469;4.469;4.469;0
20160126 000000;4.4942;4.4942;4.4942;4.4942;0
20160127 000000;4.471;4.471;4.471;4.471;0
20160128 000000;4.4534;4.4534;4.4534;4.4534;0
20160129 000000;4.4398;4.4398;4.4398;4.4398;0
20160130 000000;4.4398;4.4398;4.4398;4.4398;0
20160131 000000;4.4398;4.4398;4.4398;4.4398;0
20160201 000000;4.3952;4.3952;4.3952;4.3952;0
20160202 000000;4.4055;4.4055;4.4055;4.4055;0
20160203 000000;4.3982;4.3982;4.3982;4.3982;0
20160204 000000;4.4152;4.4152;4.4152;4.4152;0
20160205 000000;4.4134;4.4134;4.4134;4.4134;0
20160206 000000;4.4134;4.4134;4.4134;4.4134;0
20160207 000000;4.4134;4.4134;4.4134;4.4134;0
20160208 000000;4.4352;4.4352;4.4352;4.4352;0
20160209 000000;4.453;4.453;4.453;4.453;0
20160210 000000;4.4289;4.4289;4.4289;4.4289;0
20160211 000000;4.4485;4.4485;4.4485;4.4485;0
20160212 000000;4.4109;4.4109;4.4109;4.4109;0
20160213 000000;4.4109;4.4109;4.4109;4.4109;0
20160214 000000;4.4109;4.4109;4.4109;4.4109;0
20160215 000000;4.3945;4.3945;4.3945;4.3945;0
20160216 000000;4.4062;4.4062;4.4062;4.4062;0
20160217 000000;4.3979;4.3979;4.3979;4.3979;0
20160218 000000;4.3817;4.3817;4.3817;4.3817;0
20160219 000000;4.3777;4.3777;4.3777;4.3777;0
20160220 000000;4.3777;4.3777;4.3777;4.3777;0
20160221 000000;4.3777;4.3777;4.3777;4.3777;0
20160222 000000;4.3646;4.3646;4.3646;4.3646;0
20160223 000000;4.3668;4.3668;4.3668;4.3668;0
20160224 000000;4.368;4.368;4.368;4.368;0
20160225 000000;4.3581;4.3581;4.3581;4.3581;0
20160226 000000;4.3631;4.3631;4.3631;4.3631;0
20160227 000000;4.3631;4.3631;4.3631;4.3631;0
20160228 000000;4.3631;4.3631;4.3631;4.3631;0
20160229 000000;4.3543;4.3543;4.3543;4.3543;0
20160301 000000;4.3468;4.3468;4.3468;4.3468;0
20160302 000000;4.3297;4.3297;4.3297;4.3297;0
20160303 000000;4.3339;4.3339;4.3339;4.3339;0
20160304 000000;4.3313;4.3313;4.3313;4.3313;0
20160305 000000;4.3313;4.3313;4.3313;4.3313;0
20160306 000000;4.3313;4.3313;4.3313;4.3313;0
20160307 000000;4.3279;4.3279;4.3279;4.3279;0
20160308 000000;4.3275;4.3275;4.3275;4.3275;0
20160309 000000;4.3149;4.3149;4.3149;4.3149;0
20160310 000000;4.2921;4.2921;4.2921;4.2921;0
20160311 000000;4.3099;4.3099;4.3099;4.3099;0
20160312 000000;4.3099;4.3099;4.3099;4.3099;0
20160313 000000;4.3099;4.3099;4.3099;4.3099;0
20160314 000000;4.2837;4.2837;4.2837;4.2837;0
20160315 000000;4.2889;4.2889;4.2889;4.2889;0
20160316 000000;4.3023;4.3023;4.3023;4.3023;0
20160317 000000;4.2895;4.2895;4.2895;4.2895;0
20160318 000000;4.2625;4.2625;4.2625;4.2625;0
20160319 000000;4.2625;4.2625;4.2625;4.2625;0
20160320 000000;4.2625;4.2625;4.2625;4.2625;0
20160321 000000;4.2581;4.2581;4.2581;4.2581;0
20160322 000000;4.2612;4.2612;4.2612;4.2612;0
20160323 000000;4.2563;4.2563;4.2563;4.2563;0
20160324 000000;4.2788;4.2788;4.2788;4.2788;0
20160325 000000;4.2788;4.2788;4.2788;4.2788;0
20160326 000000;4.2788;4.2788;4.2788;4.2788;0
20160327 000000;4.2788;4.2788;4.2788;4.2788;0
20160328 000000;4.2788;4.2788;4.2788;4.2788;0
20160329 000000;4.2498;4.2498;4.2498;4.2498;0
20160330 000000;4.2538;4.2538;4.2538;4.2538;0
20160331 000000;4.2576;4.2576;4.2576;4.2576;0
20160401 000000;4.244;4.244;4.244;4.244;0
20160402 000000;4.244;4.244;4.244;4.244;0
20160403 000000;4.244;4.244;4.244;4.244;0
20160404 000000;4.234;4.234;4.234;4.234;0
20160405 000000;4.2448;4.2448;4.2448;4.2448;0
20160406 000000;4.2636;4.2636;4.2636;4.2636;0
20160407 000000;4.2833;4.2833;4.2833;4.2833;0
20160408 000000;4.2953;4.2953;4.2953;4.2953;0
20160409 000000;4.2953;4.2953;4.2953;4.2953;0
20160410 000000;4.2953;4.2953;4.2953;4.2953;0
20160411 000000;4.2793;4.2793;4.2793;4.2793;0
20160412 000000;4.2923;4.2923;4.2923;4.2923;0
20160413 000000;4.2869;4.2869;4.2869;4.2869;0
20160414 000000;4.2992;4.2992;4.2992;4.2992;0
20160415 000000;4.2967;4.2967;4.2967;4.2967;0
20160416 000000;4.2967;4.2967;4.2967;4.2967;0
20160417 000000;4.2967;4.2967;4.2967;4.2967;0
20160418 000000;4.3059;4.3059;4.3059;4.3059;0
20160419 000000;4.3027;4.3027;4.3027;4.3027;0
20160420 000000;4.2875;4.2875;4.2875;4.2875;0
20160421 000000;4.3085;4.3085;4.3085;4.3085;0
20160422 000000;4.3506;4.3506;4.3506;4.3506;0
20160423 000000;4.3506;4.3506;4.3506;4.3506;0
20160424 000000;4.3506;4.3506;4.3506;4.3506;0
20160425 000000;4.3911;4.3911;4.3911;4.3911;0
20160426 000000;4.3799;4.3799;4.3799;4.3799;0
20160427 000000;4.3918;4.3918;4.3918;4.3918;0
20160428 000000;4.388;4.388;4.388;4.388;0
20160429 000000;4.3965;4.3965;4.3965;4.3965;0
20160430 000000;4.3965;4.3965;4.3965;4.3965;0
20160501 000000;4.3965;4.3965;4.3965;4.3965;0
20160502 000000;4.3833;4.3833;4.3833;4.3833;0
20160503 000000;4.3844;4.3844;4.3844;4.3844;0
20160504 000000;4.3936;4.3936;4.3936;4.3936;0
20160505 000000;4.4234;4.4234;4.4234;4.4234;0
20160506 000000;4.4198;4.4198;4.4198;4.4198;0
20160507 000000;4.4198;4.4198;4.4198;4.4198;0
20160508 000000;4.4198;4.4198;4.4198;4.4198;0
20160509 000000;4.4142;4.4142;4.4142;4.4142;0
20160510 000000;4.4201;4.4201;4.4201;4.4201;0
20160511 000000;4.4244;4.4244;4.4244;4.4244;0
20160512 000000;4.4193;4.4193;4.4193;4.4193;0
20160513 000000;4.3929;4.3929;4.3929;4.3929;0
20160514 000000;4.3929;4.3929;4.3929;4.3929;0
20160515 000000;4.3929;4.3929;4.3929;4.3929;0
20160516 000000;4.3718;4.3718;4.3718;4.3718;0
20160517 000000;4.3621;4.3621;4.3621;4.3621;0
20160518 000000;4.3885;4.3885;4.3885;4.3885;0
20160519 000000;4.3928;4.3928;4.3928;4.3928;0
20160520 000000;4.4203;4.4203;4.4203;4.4203;0
20160521 000000;4.4203;4.4203;4.4203;4.4203;0
20160522 000000;4.4203;4.4203;4.4203;4.4203;0
20160523 000000;4.4367;4.4367;4.4367;4.4367;0
20160524 000000;4.4358;4.4358;4.4358;4.4358;0
20160525 000000;4.4205;4.4205;4.4205;4.4205;0
20160526 000000;4.4108;4.4108;4.4108;4.4108;0
20160527 000000;4.3912;4.3912;4.3912;4.3912;0
20160528 000000;4.3912;4.3912;4.3912;4.3912;0
20160529 000000;4.3912;4.3912;4.3912;4.3912;0
20160530 000000;4.394;4.394;4.394;4.394;0
20160531 000000;4.3865;4.3865;4.3865;4.3865;0
20160601 000000;4.3978;4.3978;4.3978;4.3978;0
20160602 000000;4.3903;4.3903;4.3903;4.3903;0
20160603 000000;4.3861;4.3861;4.3861;4.3861;0
20160604 000000;4.3861;4.3861;4.3861;4.3861;0
20160605 000000;4.3861;4.3861;4.3861;4.3861;0
20160606 000000;4.3776;4.3776;4.3776;4.3776;0
20160607 000000;4.3486;4.3486;4.3486;4.3486;0
20160608 000000;4.3228;4.3228;4.3228;4.3228;0
20160609 000000;4.3321;4.3321;4.3321;4.3321;0
20160610 000000;4.3591;4.3591;4.3591;4.3591;0
20160611 000000;4.3591;4.3591;4.3591;4.3591;0
20160612 000000;4.3591;4.3591;4.3591;4.3591;0
20160613 000000;4.3884;4.3884;4.3884;4.3884;0
20160614 000000;4.4332;4.4332;4.4332;4.4332;0
20160615 000000;4.4119;4.4119;4.4119;4.4119;0
20160616 000000;4.449;4.449;4.449;4.449;0
20160617 000000;4.4463;4.4463;4.4463;4.4463;0
20160618 000000;4.4463;4.4463;4.4463;4.4463;0
20160619 000000;4.4463;4.4463;4.4463;4.4463;0
20160620 000000;4.3925;4.3925;4.3925;4.3925;0
20160621 000000;4.3991;4.3991;4.3991;4.3991;0
20160622 000000;4.3785;4.3785;4.3785;4.3785;0
20160623 000000;4.3571;4.3571;4.3571;4.3571;0
20160624 000000;4.455;4.455;4.455;4.455;0
20160625 000000;4.455;4.455;4.455;4.455;0
20160626 000000;4.455;4.455;4.455;4.455;0
20160627 000000;4.4619;4.4619;4.4619;4.4619;0
20160628 000000;4.4413;4.4413;4.4413;4.4413;0
20160629 000000;4.4261;4.4261;4.4261;4.4261;0
20160630 000000;4.4362;4.4362;4.4362;4.4362;0
20160701 000000;4.3966;4.3966;4.3966;4.3966;0
20160702 000000;4.3966;4.3966;4.3966;4.3966;0
20160703 000000;4.3966;4.3966;4.3966;4.3966;0
20160704 000000;4.4304;4.4304;4.4304;4.4304;0
20160705 000000;4.4457;4.4457;4.4457;4.4457;0
20160706 000000;4.4562;4.4562;4.4562;4.4562;0
20160707 000000;4.4275;4.4275;4.4275;4.4275;0
20160708 000000;4.4278;4.4278;4.4278;4.4278;0
20160709 000000;4.4278;4.4278;4.4278;4.4278;0
20160710 000000;4.4278;4.4278;4.4278;4.4278;0
20160711 000000;4.421;4.421;4.421;4.421;0
20160712 000000;4.4171;4.4171;4.4171;4.4171;0
20160713 000000;4.4055;4.4055;4.4055;4.4055;0
20160714 000000;4.4115;4.4115;4.4115;4.4115;0
20160715 000000;4.4099;4.4099;4.4099;4.4099;0
20160716 000000;4.4099;4.4099;4.4099;4.4099;0
20160717 000000;4.4099;4.4099;4.4099;4.4099;0
20160718 000000;4.3805;4.3805;4.3805;4.3805;0
20160719 000000;4.3729;4.3729;4.3729;4.3729;0
20160720 000000;4.3758;4.3758;4.3758;4.3758;0
20160721 000000;4.3692;4.3692;4.3692;4.3692;0
20160722 000000;4.3554;4.3554;4.3554;4.3554;0
20160723 000000;4.3554;4.3554;4.3554;4.3554;0
20160724 000000;4.3554;4.3554;4.3554;4.3554;0
20160725 000000;4.3578;4.3578;4.3578;4.3578;0
20160726 000000;4.3629;4.3629;4.3629;4.3629;0
20160727 000000;4.3733;4.3733;4.3733;4.3733;0
20160728 000000;4.3636;4.3636;4.3636;4.3636;0
20160729 000000;4.363;4.363;4.363;4.363;0
20160730 000000;4.363;4.363;4.363;4.363;0
20160731 000000;4.363;4.363;4.363;4.363;0
20160801 000000;4.351;4.351;4.351;4.351;0
20160802 000000;4.3241;4.3241;4.3241;4.3241;0
20160803 000000;4.313;4.313;4.313;4.313;0
20160804 000000;4.294;4.294;4.294;4.294;0
20160805 000000;4.2841;4.2841;4.2841;4.2841;0
20160806 000000;4.2841;4.2841;4.2841;4.2841;0
20160807 000000;4.2841;4.2841;4.2841;4.2841;0
20160808 000000;4.2786;4.2786;4.2786;4.2786;0
20160809 000000;4.2669;4.2669;4.2669;4.2669;0
20160810 000000;4.2684;4.2684;4.2684;4.2684;0
20160811 000000;4.2604;4.2604;4.2604;4.2604;0
20160812 000000;4.2658;4.2658;4.2658;4.2658;0
20160813 000000;4.2658;4.2658;4.2658;4.2658;0
20160814 000000;4.2658;4.2658;4.2658;4.2658;0
20160815 000000;4.2695;4.2695;4.2695;4.2695;0
20160816 000000;4.2696;4.2696;4.2696;4.2696;0
20160817 000000;4.2907;4.2907;4.2907;4.2907;0
20160818 000000;4.2925;4.2925;4.2925;4.2925;0
20160819 000000;4.2992;4.2992;4.2992;4.2992;0
20160820 000000;4.2992;4.2992;4.2992;4.2992;0
20160821 000000;4.2992;4.2992;4.2992;4.2992;0
20160822 000000;4.3019;4.3019;4.3019;4.3019;0
20160823 000000;4.3126;4.3126;4.3126;4.3126;0
20160824 000000;4.3039;4.3039;4.3039;4.3039;0
20160825 000000;4.3123;4.3123;4.3123;4.3123;0
20160826 000000;4.3244;4.3244;4.3244;4.3244;0
20160827 000000;4.3244;4.3244;4.3244;4.3244;0
20160828 000000;4.3244;4.3244;4.3244;4.3244;0
20160829 000000;4.3314;4.3314;4.3314;4.3314;0
20160830 000000;4.3436;4.3436;4.3436;4.3436;0
20160831 000000;4.3533;4.3533;4.3533;4.3533;0
20160901 000000;4.3645;4.3645;4.3645;4.3645;0
20160902 000000;4.3914;4.3914;4.3914;4.3914;0
20160903 000000;4.3914;4.3914;4.3914;4.3914;0
20160904 000000;4.3914;4.3914;4.3914;4.3914;0
20160905 000000;4.3541;4.3541;4.3541;4.3541;0
20160906 000000;4.3388;4.3388;4.3388;4.3388;0
20160907 000000;4.3186;4.3186;4.3186;4.3186;0
20160908 000000;4.3103;4.3103;4.3103;4.3103;0
20160909 000000;4.3345;4.3345;4.3345;4.3345;0
20160910 000000;4.3345;4.3345;4.3345;4.3345;0
20160911 000000;4.3345;4.3345;4.3345;4.3345;0
20160912 000000;4.3494;4.3494;4.3494;4.3494;0
20160913 000000;4.3478;4.3478;4.3478;4.3478;0
20160914 000000;4.342;4.342;4.342;4.342;0
20160915 000000;4.3254;4.3254;4.3254;4.3254;0
20160916 000000;4.3167;4.3167;4.3167;4.3167;0
20160917 000000;4.3167;4.3167;4.3167;4.3167;0
20160918 000000;4.3167;4.3167;4.3167;4.3167;0
20160919 000000;4.2925;4.2925;4.2925;4.2925;0
20160920 000000;4.2975;4.2975;4.2975;4.2975;0
20160921 000000;4.2915;4.2915;4.2915;4.2915;0
20160922 000000;4.2852;4.2852;4.2852;4.2852;0
20160923 000000;4.2869;4.2869;4.2869;4.2869;0
20160924 000000;4.2869;4.2869;4.2869;4.2869;0
20160925 000000;4.2869;4.2869;4.2869;4.2869;0
20160926 000000;4.3045;4.3045;4.3045;4.3045;0
20160927 000000;4.2887;4.2887;4.2887;4.2887;0
20160928 000000;4.2893;4.2893;4.2893;4.2893;0
20160929 000000;4.3065;4.3065;4.3065;4.3065;0
20160930 000000;4.3192;4.3192;4.3192;4.3192;0
20161001 000000;4.3192;4.3192;4.3192;4.3192;0
20161002 000000;4.3192;4.3192;4.3192;4.3192;0
20161003 000000;4.2933;4.2933;4.2933;4.2933;0
20161004 000000;4.2936;4.2936;4.2936;4.2936;0
20161005 000000;4.2941;4.2941;4.2941;4.2941;0
20161006 000000;4.2928;4.2928;4.2928;4.2928;0
20161007 000000;4.2813;4.2813;4.2813;4.2813;0
20161008 000000;4.2813;4.2813;4.2813;4.2813;0
20161009 000000;4.2813;4.2813;4.2813;4.2813;0
20161010 000000;4.2821;4.2821;4.2821;4.2821;0
20161011 000000;4.2712;4.2712;4.2712;4.2712;0
20161012 000000;4.2974;4.2974;4.2974;4.2974;0
20161013 000000;4.302;4.302;4.302;4.302;0
20161014 000000;4.302;4.302;4.302;4.302;0
20161015 000000;4.302;4.302;4.302;4.302;0
20161016 000000;4.302;4.302;4.302;4.302;0
20161017 000000;4.3281;4.3281;4.3281;4.3281;0
20161018 000000;4.3184;4.3184;4.3184;4.3184;0
20161019 000000;4.318;4.318;4.318;4.318;0
20161020 000000;4.3282;4.3282;4.3282;4.3282;0
20161021 000000;4.3251;4.3251;4.3251;4.3251;0
20161022 000000;4.3251;4.3251;4.3251;4.3251;0
20161023 000000;4.3251;4.3251;4.3251;4.3251;0
20161024 000000;4.3166;4.3166;4.3166;4.3166;0
20161025 000000;4.3042;4.3042;4.3042;4.3042;0
20161026 000000;4.3245;4.3245;4.3245;4.3245;0
20161027 000000;4.3292;4.3292;4.3292;4.3292;0
20161028 000000;4.3307;4.3307;4.3307;4.3307;0
20161029 000000;4.3307;4.3307;4.3307;4.3307;0
20161030 000000;4.3307;4.3307;4.3307;4.3307;0
20161031 000000;4.3278;4.3278;4.3278;4.3278;0
20161101 000000;4.3085;4.3085;4.3085;4.3085;0
20161102 000000;4.3255;4.3255;4.3255;4.3255;0
20161103 000000;4.3186;4.3186;4.3186;4.3186;0
20161104 000000;4.3188;4.3188;4.3188;4.3188;0
20161105 000000;4.3188;4.3188;4.3188;4.3188;0
20161106 000000;4.3188;4.3188;4.3188;4.3188;0
20161107 000000;4.3301;4.3301;4.3301;4.3301;0
20161108 000000;4.3283;4.3283;4.3283;4.3283;0
20161109 000000;4.3388;4.3388;4.3388;4.3388;0
20161110 000000;4.3588;4.3588;4.3588;4.3588;0
20161111 000000;4.4081;4.4081;4.4081;4.4081;0
20161112 000000;4.4081;4.4081;4.4081;4.4081;0
20161113 000000;4.4081;4.4081;4.4081;4.4081;0
20161114 000000;4.406;4.406;4.406;4.406;0
20161115 000000;4.4245;4.4245;4.4245;4.4245;0
20161116 000000;4.4433;4.4433;4.4433;4.4433;0
20161117 000000;4.4448;4.4448;4.4448;4.4448;0
20161118 000000;4.4429;4.4429;4.4429;4.4429;0
20161119 000000;4.4429;4.4429;4.4429;4.4429;0
20161120 000000;4.4429;4.4429;4.4429;4.4429;0
20161121 000000;4.4307;4.4307;4.4307;4.4307;0
20161122 000000;4.4205;4.4205;4.4205;4.4205;0
20161123 000000;4.4154;4.4154;4.4154;4.4154;0
20161124 000000;4.4239;4.4239;4.4239;4.4239;0
20161125 000000;4.419;4.419;4.419;4.419;0
20161126 000000;4.419;4.419;4.419;4.419;0
20161127 000000;4.419;4.419;4.419;4.419;0
20161128 000000;4.4194;4.4194;4.4194;4.4194;0
20161129 000000;4.4299;4.4299;4.4299;4.4299;0
20161130 000000;4.4483;4.4483;4.4483;4.4483;0
20161201 000000;4.4676;4.4676;4.4676;4.4676;0
20161202 000000;4.4892;4.4892;4.4892;4.4892;0
20161203 000000;4.4892;4.4892;4.4892;4.4892;0
20161204 000000;4.4892;4.4892;4.4892;4.4892;0
20161205 000000;4.5005;4.5005;4.5005;4.5005;0
20161206 000000;4.478;4.478;4.478;4.478;0
20161207 000000;4.428;4.428;4.428;4.428;0
20161208 000000;4.454;4.454;4.454;4.454;0
20161209 000000;4.4454;4.4454;4.4454;4.4454;0
20161210 000000;4.4454;4.4454;4.4454;4.4454;0
20161211 000000;4.4454;4.4454;4.4454;4.4454;0
20161212 000000;4.453;4.453;4.453;4.453;0
20161213 000000;4.4442;4.4442;4.4442;4.4442;0
20161214 000000;4.4402;4.4402;4.4402;4.4402;0
20161215 000000;4.445;4.445;4.445;4.445;0
20161216 000000;4.42;4.42;4.42;4.42;0
20161217 000000;4.42;4.42;4.42;4.42;0
20161218 000000;4.42;4.42;4.42;4.42;0
20161219 000000;4.411;4.411;4.411;4.411;0
20161220 000000;4.4095;4.4095;4.4095;4.4095;0
20161221 000000;4.4082;4.4082;4.4082;4.4082;0
20161222 000000;4.4096;4.4096;4.4096;4.4096;0
20161223 000000;4.4098;4.4098;4.4098;4.4098;0
20161224 000000;4.4098;4.4098;4.4098;4.4098;0
20161225 000000;4.4098;4.4098;4.4098;4.4098;0
20161226 000000;4.4098;4.4098;4.4098;4.4098;0
20161227 000000;4.409;4.409;4.409;4.409;0
20161228 000000;4.4028;4.4028;4.4028;4.4028;0
20161229 000000;4.4141;4.4141;4.4141;4.4141;0
20161230 000000;4.4103;4.4103;4.4103;4.4103;0
20161231 000000;4.4103;4.4103;4.4103;4.4103;0
20170101 000000;4.4103;4.4103;4.4103;4.4103;0
20170102 000000;4.4123;4.4123;4.4123;4.4123;0
20170103 000000;4.3934;4.3934;4.3934;4.3934;0
20170104 000000;4.3778;4.3778;4.3778;4.3778;0
20170105 000000;4.368;4.368;4.368;4.368;0
20170106 000000;4.3552;4.3552;4.3552;4.3552;0
20170107 000000;4.3552;4.3552;4.3552;4.3552;0
20170108 000000;4.3552;4.3552;4.3552;4.3552;0
20170109 000000;4.3777;4.3777;4.3777;4.3777;0
20170110 000000;4.3721;4.3721;4.3721;4.3721;0
20170111 000000;4.3703;4.3703;4.3703;4.3703;0
20170112 000000;4.3765;4.3765;4.3765;4.3765;0
20170113 000000;4.3739;4.3739;4.3739;4.3739;0
20170114 000000;4.3739;4.3739;4.3739;4.3739;0
20170115 000000;4.3739;4.3739;4.3739;4.3739;0
20170116 000000;4.3729;4.3729;4.3729;4.3729;0
20170117 000000;4.3693;4.3693;4.3693;4.3693;0
20170118 000000;4.3673;4.3673;4.3673;4.3673;0
20170119 000000;4.3728;4.3728;4.3728;4.3728;0
20170120 000000;4.3699;4.3699;4.3699;4.3699;0
20170121 000000;4.3699;4.3699;4.3699;4.3699;0
20170122 000000;4.3699;4.3699;4.3699;4.3699;0
20170123 000000;4.3719;4.3719;4.3719;4.3719;0
20170124 000000;4.3725;4.3725;4.3725;4.3725;0
20170125 000000;4.3641;4.3641;4.3641;4.3641;0
20170126 000000;4.3435;4.3435;4.3435;4.3435;0
20170127 000000;4.34;4.34;4.34;4.34;0
20170128 000000;4.34;4.34;4.34;4.34;0
20170129 000000;4.34;4.34;4.34;4.34;0
20170130 000000;4.331;4.331;4.331;4.331;0
20170131 000000;4.3239;4.3239;4.3239;4.3239;0
20170201 000000;4.3186;4.3186;4.3186;4.3186;0
20170202 000000;4.3071;4.3071;4.3071;4.3071;0
20170203 000000;4.2972;4.2972;4.2972;4.2972;0
20170204 000000;4.2972;4.2972;4.2972;4.2972;0
20170205 000000;4.2972;4.2972;4.2972;4.2972;0
20170206 000000;4.2767;4.2767;4.2767;4.2767;0
20170207 000000;4.3035;4.3035;4.3035;4.3035;0
20170208 000000;4.3118;4.3118;4.3118;4.3118;0
20170209 000000;4.3096;4.3096;4.3096;4.3096;0
20170210 000000;4.2953;4.2953;4.2953;4.2953;0
20170211 000000;4.2953;4.2953;4.2953;4.2953;0
20170212 000000;4.2953;4.2953;4.2953;4.2953;0
20170213 000000;4.3137;4.3137;4.3137;4.3137;0
20170214 000000;4.3012;4.3012;4.3012;4.3012;0
20170215 000000;4.3015;4.3015;4.3015;4.3015;0
20170216 000000;4.3176;4.3176;4.3176;4.3176;0
20170217 000000;4.3305;4.3305;4.3305;4.3305;0
20170218 000000;4.3305;4.3305;4.3305;4.3305;0
20170219 000000;4.3305;4.3305;4.3305;4.3305;0
20170220 000000;4.3246;4.3246;4.3246;4.3246;0
20170221 000000;4.3064;4.3064;4.3064;4.3064;0
20170222 000000;4.2987;4.2987;4.2987;4.2987;0
20170223 000000;4.308;4.308;4.308;4.308;0
20170224 000000;4.3107;4.3107;4.3107;4.3107;0
20170225 000000;4.3107;4.3107;4.3107;4.3107;0
20170226 000000;4.3107;4.3107;4.3107;4.3107;0
20170227 000000;4.3148;4.3148;4.3148;4.3148;0
20170228 000000;4.3148;4.3148;4.3148;4.3148;0
20170301 000000;4.2958;4.2958;4.2958;4.2958;0
20170302 000000;4.2941;4.2941;4.2941;4.2941;0
20170303 000000;4.3007;4.3007;4.3007;4.3007;0
20170304 000000;4.3007;4.3007;4.3007;4.3007;0
20170305 000000;4.3007;4.3007;4.3007;4.3007;0
20170306 000000;4.3091;4.3091;4.3091;4.3091;0
20170307 000000;4.3075;4.3075;4.3075;4.3075;0
20170308 000000;4.313;4.313;4.313;4.313;0
20170309 000000;4.3171;4.3171;4.3171;4.3171;0
20170310 000000;4.3259;4.3259;4.3259;4.3259;0
20170311 000000;4.3259;4.3259;4.3259;4.3259;0
20170312 000000;4.3259;4.3259;4.3259;4.3259;0
20170313 000000;4.3376;4.3376;4.3376;4.3376;0
20170314 000000;4.3221;4.3221;4.3221;4.3221;0
20170315 000000;4.3206;4.3206;4.3206;4.3206;0
20170316 000000;4.2974;4.2974;4.2974;4.2974;0
20170317 000000;4.2982;4.2982;4.2982;4.2982;0
20170318 000000;4.2982;4.2982;4.2982;4.2982;0
20170319 000000;4.2982;4.2982;4.2982;4.2982;0
20170320 000000;4.282;4.282;4.282;4.282;0
20170321 000000;4.2628;4.2628;4.2628;4.2628;0
20170322 000000;4.2816;4.2816;4.2816;4.2816;0
20170323 000000;4.2685;4.2685;4.2685;4.2685;0
20170324 000000;4.2695;4.2695;4.2695;4.2695;0
20170325 000000;4.2695;4.2695;4.2695;4.2695;0
20170326 000000;4.2695;4.2695;4.2695;4.2695;0
20170327 000000;4.2641;4.2641;4.2641;4.2641;0
20170328 000000;4.247;4.247;4.247;4.247;0
20170329 000000;4.2389;4.2389;4.2389;4.2389;0
20170330 000000;4.2233;4.2233;4.2233;4.2233;0
20170331 000000;4.2265;4.2265;4.2265;4.2265;0
20170401 000000;4.2265;4.2265;4.2265;4.2265;0
20170402 000000;4.2265;4.2265;4.2265;4.2265;0
20170403 000000;4.2279;4.2279;4.2279;4.2279;0
20170404 000000;4.2571;4.2571;4.2571;4.2571;0
20170405 000000;4.2315;4.2315;4.2315;4.2315;0
20170406 000000;4.2271;4.2271;4.2271;4.2271;0
20170407 000000;4.2249;4.2249;4.2249;4.2249;0
20170408 000000;4.2249;4.2249;4.2249;4.2249;0
20170409 000000;4.2249;4.2249;4.2249;4.2249;0
20170410 000000;4.2296;4.2296;4.2296;4.2296;0
20170411 000000;4.2414;4.2414;4.2414;4.2414;0
20170412 000000;4.2485;4.2485;4.2485;4.2485;0
20170413 000000;4.245;4.245;4.245;4.245;0
20170414 000000;4.245;4.245;4.245;4.245;0
20170415 000000;4.245;4.245;4.245;4.245;0
20170416 000000;4.245;4.245;4.245;4.245;0
20170417 000000;4.245;4.245;4.245;4.245;0
20170418 000000;4.2363;4.2363;4.2363;4.2363;0
20170419 000000;4.2358;4.2358;4.2358;4.2358;0
20170420 000000;4.2588;4.2588;4.2588;4.2588;0
20170421 000000;4.2727;4.2727;4.2727;4.2727;0
20170422 000000;4.2727;4.2727;4.2727;4.2727;0
20170423 000000;4.2727;4.2727;4.2727;4.2727;0
20170424 000000;4.242;4.242;4.242;4.242;0
20170425 000000;4.2273;4.2273;4.2273;4.2273;0
20170426 000000;4.2241;4.2241;4.2241;4.2241;0
20170427 000000;4.2216;4.2216;4.2216;4.2216;0
20170428 000000;4.2224;4.2224;4.2224;4.2224;0
20170429 000000;4.2224;4.2224;4.2224;4.2224;0
20170430 000000;4.2224;4.2224;4.2224;4.2224;0
20170501 000000;4.2224;4.2224;4.2224;4.2224;0
20170502 000000;4.2088;4.2088;4.2088;4.2088;0
20170503 000000;4.1913;4.1913;4.1913;4.1913;0
20170504 000000;4.2107;4.2107;4.2107;4.2107;0
20170505 000000;4.2173;4.2173;4.2173;4.2173;0
20170506 000000;4.2173;4.2173;4.2173;4.2173;0
20170507 000000;4.2173;4.2173;4.2173;4.2173;0
20170508 000000;4.2011;4.2011;4.2011;4.2011;0
20170509 000000;4.2223;4.2223;4.2223;4.2223;0
20170510 000000;4.218;4.218;4.218;4.218;0
20170511 000000;4.2242;4.2242;4.2242;4.2242;0
20170512 000000;4.217;4.217;4.217;4.217;0
20170513 000000;4.217;4.217;4.217;4.217;0
20170514 000000;4.217;4.217;4.217;4.217;0
20170515 000000;4.2089;4.2089;4.2089;4.2089;0
20170516 000000;4.1984;4.1984;4.1984;4.1984;0
20170517 000000;4.1867;4.1867;4.1867;4.1867;0
20170518 000000;4.2232;4.2232;4.2232;4.2232;0
20170519 000000;4.2005;4.2005;4.2005;4.2005;0
20170520 000000;4.2005;4.2005;4.2005;4.2005;0
20170521 000000;4.2005;4.2005;4.2005;4.2005;0
20170522 000000;4.1927;4.1927;4.1927;4.1927;0
20170523 000000;4.198;4.198;4.198;4.198;0
20170524 000000;4.1867;4.1867;4.1867;4.1867;0
20170525 000000;4.1793;4.1793;4.1793;4.1793;0
20170526 000000;4.183;4.183;4.183;4.183;0
20170527 000000;4.183;4.183;4.183;4.183;0
20170528 000000;4.183;4.183;4.183;4.183;0
20170529 000000;4.1797;4.1797;4.1797;4.1797;0
20170530 000000;4.176;4.176;4.176;4.176;0
20170531 000000;4.1712;4.1712;4.1712;4.1712;0
20170601 000000;4.183;4.183;4.183;4.183;0
20170602 000000;4.1925;4.1925;4.1925;4.1925;0
20170603 000000;4.1925;4.1925;4.1925;4.1925;0
20170604 000000;4.1925;4.1925;4.1925;4.1925;0
20170605 000000;4.1838;4.1838;4.1838;4.1838;0
20170606 000000;4.1992;4.1992;4.1992;4.1992;0
20170607 000000;4.1913;4.1913;4.1913;4.1913;0
20170608 000000;4.2065;4.2065;4.2065;4.2065;0
20170609 000000;4.1903;4.1903;4.1903;4.1903;0
20170610 000000;4.1903;4.1903;4.1903;4.1903;0
20170611 000000;4.1903;4.1903;4.1903;4.1903;0
20170612 000000;4.1899;4.1899;4.1899;4.1899;0
20170613 000000;4.1936;4.1936;4.1936;4.1936;0
20170614 000000;4.1967;4.1967;4.1967;4.1967;0
20170615 000000;4.2122;4.2122;4.2122;4.2122;0
20170616 000000;4.2184;4.2184;4.2184;4.2184;0
20170617 000000;4.2184;4.2184;4.2184;4.2184;0
20170618 000000;4.2184;4.2184;4.2184;4.2184;0
20170619 000000;4.2125;4.2125;4.2125;4.2125;0
20170620 000000;4.2306;4.2306;4.2306;4.2306;0
20170621 000000;4.2368;4.2368;4.2368;4.2368;0
20170622 000000;4.2402;4.2402;4.2402;4.2402;0
20170623 000000;4.232;4.232;4.232;4.232;0
20170624 000000;4.232;4.232;4.232;4.232;0
20170625 000000;4.232;4.232;4.232;4.232;0
20170626 000000;4.2108;4.2108;4.2108;4.2108;0
20170627 000000;4.2151;4.2151;4.2151;4.2151;0
20170628 000000;4.2375;4.2375;4.2375;4.2375;0
20170629 000000;4.2489;4.2489;4.2489;4.2489;0
20170630 000000;4.2259;4.2259;4.2259;4.2259;0
20170701 000000;4.2259;4.2259;4.2259;4.2259;0
20170702 000000;4.2259;4.2259;4.2259;4.2259;0
20170703 000000;4.2355;4.2355;4.2355;4.2355;0
20170704 000000;4.2426;4.2426;4.2426;4.2426;0
20170705 000000;4.2463;4.2463;4.2463;4.2463;0
20170706 000000;4.2478;4.2478;4.2478;4.2478;0
20170707 000000;4.2322;4.2322;4.2322;4.2322;0
20170708 000000;4.2322;4.2322;4.2322;4.2322;0
20170709 000000;4.2322;4.2322;4.2322;4.2322;0
20170710 000000;4.234;4.234;4.234;4.234;0
20170711 000000;4.246;4.246;4.246;4.246;0
20170712 000000;4.2444;4.2444;4.2444;4.2444;0
20170713 000000;4.2332;4.2332;4.2332;4.2332;0
20170714 000000;4.2172;4.2172;4.2172;4.2172;0
20170715 000000;4.2172;4.2172;4.2172;4.2172;0
20170716 000000;4.2172;4.2172;4.2172;4.2172;0
20170717 000000;4.208;4.208;4.208;4.208;0
20170718 000000;4.2029;4.2029;4.2029;4.2029;0
20170719 000000;4.2127;4.2127;4.2127;4.2127;0
20170720 000000;4.21;4.21;4.21;4.21;0
20170721 000000;4.2364;4.2364;4.2364;4.2364;0
20170722 000000;4.2364;4.2364;4.2364;4.2364;0
20170723 000000;4.2364;4.2364;4.2364;4.2364;0
20170724 000000;4.2408;4.2408;4.2408;4.2408;0
20170725 000000;4.2571;4.2571;4.2571;4.2571;0
20170726 000000;4.2613;4.2613;4.2613;4.2613;0
20170727 000000;4.2541;4.2541;4.2541;4.2541;0
20170728 000000;4.2493;4.2493;4.2493;4.2493;0
20170729 000000;4.2493;4.2493;4.2493;4.2493;0
20170730 000000;4.2493;4.2493;4.2493;4.2493;0
20170731 000000;4.2493;4.2493;4.2493;4.2493;0
20170801 000000;4.2563;4.2563;4.2563;4.2563;0
20170802 000000;4.254;4.254;4.254;4.254;0
20170803 000000;4.2526;4.2526;4.2526;4.2526;0
20170804 000000;4.241;4.241;4.241;4.241;0
20170805 000000;4.241;4.241;4.241;4.241;0
20170806 000000;4.241;4.241;4.241;4.241;0
20170807 000000;4.2518;4.2518;4.2518;4.2518;0
20170808 000000;4.2554;4.2554;4.2554;4.2554;0
20170809 000000;4.267;4.267;4.267;4.267;0
20170810 000000;4.2717;4.2717;4.2717;4.2717;0
20170811 000000;4.2888;4.2888;4.2888;4.2888;0
20170812 000000;4.2888;4.2888;4.2888;4.2888;0
20170813 000000;4.2888;4.2888;4.2888;4.2888;0
20170814 000000;4.2816;4.2816;4.2816;4.2816;0
20170815 000000;4.2791;4.2791;4.2791;4.2791;0
20170816 000000;4.2749;4.2749;4.2749;4.2749;0
20170817 000000;4.2575;4.2575;4.2575;4.2575;0
20170818 000000;4.2807;4.2807;4.2807;4.2807;0
20170819 000000;4.2807;4.2807;4.2807;4.2807;0
20170820 000000;4.2807;4.2807;4.2807;4.2807;0
20170821 000000;4.2738;4.2738;4.2738;4.2738;0
20170822 000000;4.2818;4.2818;4.2818;4.2818;0
20170823 000000;4.2848;4.2848;4.2848;4.2848;0
20170824 000000;4.2754;4.2754;4.2754;4.2754;0
20170825 000000;4.2598;4.2598;4.2598;4.2598;0
20170826 000000;4.2598;4.2598;4.2598;4.2598;0
20170827 000000;4.2598;4.2598;4.2598;4.2598;0
20170828 000000;4.2581;4.2581;4.2581;4.2581;0
20170829 000000;4.2676;4.2676;4.2676;4.2676;0
20170830 000000;4.2598;4.2598;4.2598;4.2598;0
20170831 000000;4.2582;4.2582;4.2582;4.2582;0
20170901 000000;4.2406;4.2406;4.2406;4.2406;0
20170902 000000;4.2406;4.2406;4.2406;4.2406;0
20170903 000000;4.2406;4.2406;4.2406;4.2406;0
20170904 000000;4.2406;4.2406;4.2406;4.2406;0
20170905 000000;4.2361;4.2361;4.2361;4.2361;0
20170906 000000;4.2415;4.2415;4.2415;4.2415;0
20170907 000000;4.2433;4.2433;4.2433;4.2433;0
20170908 000000;4.2534;4.2534;4.2534;4.2534;0
20170909 000000;4.2534;4.2534;4.2534;4.2534;0
20170910 000000;4.2534;4.2534;4.2534;4.2534;0
20170911 000000;4.244;4.244;4.244;4.244;0
20170912 000000;4.2549;4.2549;4.2549;4.2549;0
20170913 000000;4.2798;4.2798;4.2798;4.2798;0
20170914 000000;4.2843;4.2843;4.2843;4.2843;0
20170915 000000;4.2761;4.2761;4.2761;4.2761;0
20170916 000000;4.2761;4.2761;4.2761;4.2761;0
20170917 000000;4.2761;4.2761;4.2761;4.2761;0
20170918 000000;4.2884;4.2884;4.2884;4.2884;0
20170919 000000;4.2785;4.2785;4.2785;4.2785;0
20170920 000000;4.2774;4.2774;4.2774;4.2774;0
20170921 000000;4.2805;4.2805;4.2805;4.2805;0
20170922 000000;4.2672;4.2672;4.2672;4.2672;0
20170923 000000;4.2672;4.2672;4.2672;4.2672;0
20170924 000000;4.2672;4.2672;4.2672;4.2672;0
20170925 000000;4.2681;4.2681;4.2681;4.2681;0
20170926 000000;4.2824;4.2824;4.2824;4.2824;0
20170927 000000;4.3027;4.3027;4.3027;4.3027;0
20170928 000000;4.3122;4.3122;4.3122;4.3122;0
20170929 000000;4.3042;4.3042;4.3042;4.3042;0
20170930 000000;4.3042;4.3042;4.3042;4.3042;0
20171001 000000;4.3042;4.3042;4.3042;4.3042;0
20171002 000000;4.3132;4.3132;4.3132;4.3132;0
20171003 000000;4.3102;4.3102;4.3102;4.3102;0
20171004 000000;4.2971;4.2971;4.2971;4.2971;0
20171005 000000;4.3;4.3;4.3;4.3;0
20171006 000000;4.3039;4.3039;4.3039;4.3039;0
20171007 000000;4.3039;4.3039;4.3039;4.3039;0
20171008 000000;4.3039;4.3039;4.3039;4.3039;0
20171009 000000;4.3077;4.3077;4.3077;4.3077;0
20171010 000000;4.2931;4.2931;4.2931;4.2931;0
20171011 000000;4.2851;4.2851;4.2851;4.2851;0
20171012 000000;4.273;4.273;4.273;4.273;0
20171013 000000;4.2555;4.2555;4.2555;4.2555;0
20171014 000000;4.2555;4.2555;4.2555;4.2555;0
20171015 000000;4.2555;4.2555;4.2555;4.2555;0
20171016 000000;4.2378;4.2378;4.2378;4.2378;0
20171017 000000;4.2298;4.2298;4.2298;4.2298;0
20171018 000000;4.2277;4.2277;4.2277;4.2277;0
20171019 000000;4.2392;4.2392;4.2392;4.2392;0
20171020 000000;4.2363;4.2363;4.2363;4.2363;0
20171021 000000;4.2363;4.2363;4.2363;4.2363;0
20171022 000000;4.2363;4.2363;4.2363;4.2363;0
20171023 000000;4.2266;4.2266;4.2266;4.2266;0
20171024 000000;4.2403;4.2403;4.2403;4.2403;0
20171025 000000;4.2355;4.2355;4.2355;4.2355;0
20171026 000000;4.235;4.235;4.235;4.235;0
20171027 000000;4.2462;4.2462;4.2462;4.2462;0
20171028 000000;4.2462;4.2462;4.2462;4.2462;0
20171029 000000;4.2462;4.2462;4.2462;4.2462;0
20171030 000000;4.2432;4.2432;4.2432;4.2432;0
20171031 000000;4.244;4.244;4.244;4.244;0
20171101 000000;4.2338;4.2338;4.2338;4.2338;0
20171102 000000;4.2376;4.2376;4.2376;4.2376;0
20171103 000000;4.2383;4.2383;4.2383;4.2383;0
20171104 000000;4.2383;4.2383;4.2383;4.2383;0
20171105 000000;4.2383;4.2383;4.2383;4.2383;0
20171106 000000;4.2408;4.2408;4.2408;4.2408;0
20171107 000000;4.2396;4.2396;4.2396;4.2396;0
20171108 000000;4.2341;4.2341;4.2341;4.2341;0
20171109 000000;4.2346;4.2346;4.2346;4.2346;0
20171110 000000;4.2308;4.2308;4.2308;4.2308;0
20171111 000000;4.2308;4.2308;4.2308;4.2308;0
20171112 000000;4.2308;4.2308;4.2308;4.2308;0
20171113 000000;4.2349;4.2349;4.2349;4.2349;0
20171114 000000;4.2381;4.2381;4.2381;4.2381;0
20171115 000000;4.2473;4.2473;4.2473;4.2473;0
20171116 000000;4.234;4.234;4.234;4.234;0
20171117 000000;4.2342;4.2342;4.2342;4.2342;0
20171118 000000;4.2342;4.2342;4.2342;4.2342;0
20171119 000000;4.2342;4.2342;4.2342;4.2342;0
20171120 000000;4.2311;4.2311;4.2311;4.2311;0
20171121 000000;4.229;4.229;4.229;4.229;0
20171122 000000;4.2155;4.2155;4.2155;4.2155;0
20171123 000000;4.2124;4.2124;4.2124;4.2124;0
20171124 000000;4.2109;4.2109;4.2109;4.2109;0
20171125 000000;4.2109;4.2109;4.2109;4.2109;0
20171126 000000;4.2109;4.2109;4.2109;4.2109;0
20171127 000000;4.2087;4.2087;4.2087;4.2087;0
20171128 000000;4.2069;4.2069;4.2069;4.2069;0
20171129 000000;4.2006;4.2006;4.2006;4.2006;0
20171130 000000;4.1955;4.1955;4.1955;4.1955;0
20171201 000000;4.2129;4.2129;4.2129;4.2129;0
20171202 000000;4.2129;4.2129;4.2129;4.2129;0
20171203 000000;4.2129;4.2129;4.2129;4.2129;0
20171204 000000;4.2026;4.2026;4.2026;4.2026;0
20171205 000000;4.202;4.202;4.202;4.202;0
20171206 000000;4.2142;4.2142;4.2142;4.2142;0
20171207 000000;4.2129;4.2129;4.2129;4.2129;0
20171208 000000;4.202;4.202;4.202;4.202;0
20171209 000000;4.202;4.202;4.202;4.202;0
20171210 000000;4.202;4.202;4.202;4.202;0
20171211 000000;4.2033;4.2033;4.2033;4.2033;0
20171212 000000;4.2044;4.2044;4.2044;4.2044;0
20171213 000000;4.2146;4.2146;4.2146;4.2146;0
20171214 000000;4.222;4.222;4.222;4.222;0
20171215 000000;4.2167;4.2167;4.2167;4.2167;0
20171216 000000;4.2167;4.2167;4.2167;4.2167;0
20171217 000000;4.2167;4.2167;4.2167;4.2167;0
20171218 000000;4.207;4.207;4.207;4.207;0
20171219 000000;4.1993;4.1993;4.1993;4.1993;0
20171220 000000;4.2041;4.2041;4.2041;4.2041;0
20171221 000000;4.1998;4.1998;4.1998;4.1998;0
20171222 000000;4.1975;4.1975;4.1975;4.1975;0
20171223 000000;4.1975;4.1975;4.1975;4.1975;0
20171224 000000;4.1975;4.1975;4.1975;4.1975;0
20171225 000000;4.1975;4.1975;4.1975;4.1975;0
20171226 000000;4.1975;4.1975;4.1975;4.1975;0
20171227 000000;4.1884;4.1884;4.1884;4.1884;0
20171228 000000;4.1808;4.1808;4.1808;4.1808;0
20171229 000000;4.177;4.177;4.177;4.177;0
20171230 000000;4.177;4.177;4.177;4.177;0
20171231 000000;4.177;4.177;4.177;4.177;0
20180101 000000;4.177;4.177;4.177;4.177;0
20180102 000000;4.1633;4.1633;4.1633;4.1633;0
20180103 000000;4.1652;4.1652;4.1652;4.1652;0
20180104 000000;4.1555;4.1555;4.1555;4.1555;0
20180105 000000;4.1554;4.1554;4.1554;4.1554;0
20180106 000000;4.1554;4.1554;4.1554;4.1554;0
20180107 000000;4.1554;4.1554;4.1554;4.1554;0
20180108 000000;4.1663;4.1663;4.1663;4.1663;0
20180109 000000;4.1795;4.1795;4.1795;4.1795;0
20180110 000000;4.1814;4.1814;4.1814;4.1814;0
20180111 000000;4.1785;4.1785;4.1785;4.1785;0
20180112 000000;4.1722;4.1722;4.1722;4.1722;0
20180113 000000;4.1722;4.1722;4.1722;4.1722;0
20180114 000000;4.1722;4.1722;4.1722;4.1722;0
20180115 000000;4.1686;4.1686;4.1686;4.1686;0
20180116 000000;4.1713;4.1713;4.1713;4.1713;0
20180117 000000;4.1713;4.1713;4.1713;4.1713;0
20180118 000000;4.1665;4.1665;4.1665;4.1665;0
20180119 000000;4.1716;4.1716;4.1716;4.1716;0
20180120 000000;4.1716;4.1716;4.1716;4.1716;0
20180121 000000;4.1716;4.1716;4.1716;4.1716;0
20180122 000000;4.1707;4.1707;4.1707;4.1707;0
20180123 000000;4.1696;4.1696;4.1696;4.1696;0
20180124 000000;4.1563;4.1563;4.1563;4.1563;0
20180125 000000;4.1469;4.1469;4.1469;4.1469;0
20180126 000000;4.1422;4.1422;4.1422;4.1422;0
20180127 000000;4.1422;4.1422;4.1422;4.1422;0
20180128 000000;4.1422;4.1422;4.1422;4.1422;0
20180129 000000;4.1436;4.1436;4.1436;4.1436;0
20180130 000000;4.1449;4.1449;4.1449;4.1449;0
20180131 000000;4.1503;4.1503;4.1503;4.1503;0
20180201 000000;4.1543;4.1543;4.1543;4.1543;0
20180202 000000;4.1541;4.1541;4.1541;4.1541;0
20180203 000000;4.1541;4.1541;4.1541;4.1541;0
20180204 000000;4.1541;4.1541;4.1541;4.1541;0
20180205 000000;4.1585;4.1585;4.1585;4.1585;0
20180206 000000;4.1644;4.1644;4.1644;4.1644;0
20180207 000000;4.1595;4.1595;4.1595;4.1595;0
20180208 000000;4.1695;4.1695;4.1695;4.1695;0
20180209 000000;4.1903;4.1903;4.1903;4.1903;0
20180210 000000;4.1903;4.1903;4.1903;4.1903;0
20180211 000000;4.1903;4.1903;4.1903;4.1903;0
20180212 000000;4.1748;4.1748;4.1748;4.1748;0
20180213 000000;4.1781;4.1781;4.1781;4.1781;0
20180214 000000;4.1719;4.1719;4.1719;4.1719;0
20180215 000000;4.1532;4.1532;4.1532;4.1532;0
20180216 000000;4.1597;4.1597;4.1597;4.1597;0
20180217 000000;4.1597;4.1597;4.1597;4.1597;0
20180218 000000;4.1597;4.1597;4.1597;4.1597;0
20180219 000000;4.146;4.146;4.146;4.146;0
20180220 000000;4.1467;4.1467;4.1467;4.1467;0
20180221 000000;4.1589;4.1589;4.1589;4.1589;0
20180222 000000;4.1819;4.1819;4.1819;4.1819;0
20180223 000000;4.1698;4.1698;4.1698;4.1698;0
20180224 000000;4.1698;4.1698;4.1698;4.1698;0
20180225 000000;4.1698;4.1698;4.1698;4.1698;0
20180226 000000;4.1697;4.1697;4.1697;4.1697;0
20180227 000000;4.167;4.167;4.167;4.167;0
20180228 000000;4.1781;4.1781;4.1781;4.1781;0
20180301 000000;4.1853;4.1853;4.1853;4.1853;0
20180302 000000;4.1944;4.1944;4.1944;4.1944;0
20180303 000000;4.1944;4.1944;4.1944;4.1944;0
20180304 000000;4.1944;4.1944;4.1944;4.1944;0
20180305 000000;4.1909;4.1909;4.1909;4.1909;0
20180306 000000;4.1815;4.1815;4.1815;4.1815;0
20180307 000000;4.1939;4.1939;4.1939;4.1939;0
20180308 000000;4.2042;4.2042;4.2042;4.2042;0
20180309 000000;4.2018;4.2018;4.2018;4.2018;0
20180310 000000;4.2018;4.2018;4.2018;4.2018;0
20180311 000000;4.2018;4.2018;4.2018;4.2018;0
20180312 000000;4.2013;4.2013;4.2013;4.2013;0
20180313 000000;4.2119;4.2119;4.2119;4.2119;0
20180314 000000;4.2023;4.2023;4.2023;4.2023;0
20180315 000000;4.2122;4.2122;4.2122;4.2122;0
20180316 000000;4.2173;4.2173;4.2173;4.2173;0
20180317 000000;4.2173;4.2173;4.2173;4.2173;0
20180318 000000;4.2173;4.2173;4.2173;4.2173;0
20180319 000000;4.2171;4.2171;4.2171;4.2171;0
20180320 000000;4.2277;4.2277;4.2277;4.2277;0
20180321 000000;4.2364;4.2364;4.2364;4.2364;0
20180322 000000;4.2217;4.2217;4.2217;4.2217;0
20180323 000000;4.2262;4.2262;4.2262;4.2262;0
20180324 000000;4.2262;4.2262;4.2262;4.2262;0
20180325 000000;4.2262;4.2262;4.2262;4.2262;0
20180326 000000;4.23;4.23;4.23;4.23;0
20180327 000000;4.2196;4.2196;4.2196;4.2196;0
20180328 000000;4.2072;4.2072;4.2072;4.2072;0
20180329 000000;4.2106;4.2106;4.2106;4.2106;0
20180330 000000;4.2106;4.2106;4.2106;4.2106;0
20180331 000000;4.2106;4.2106;4.2106;4.2106;0
20180401 000000;4.2106;4.2106;4.2106;4.2106;0
20180402 000000;4.2106;4.2106;4.2106;4.2106;0
20180403 000000;4.2087;4.2087;4.2087;4.2087;0
20180404 000000;4.2035;4.2035;4.2035;4.2035;0
20180405 000000;4.2041;4.2041;4.2041;4.2041;0
20180406 000000;4.1983;4.1983;4.1983;4.1983;0
20180407 000000;4.1983;4.1983;4.1983;4.1983;0
20180408 000000;4.1983;4.1983;4.1983;4.1983;0
20180409 000000;4.1952;4.1952;4.1952;4.1952;0
20180410 000000;4.193;4.193;4.193;4.193;0
20180411 000000;4.1915;4.1915;4.1915;4.1915;0
20180412 000000;4.1844;4.1844;4.1844;4.1844;0
20180413 000000;4.1763;4.1763;4.1763;4.1763;0
20180414 000000;4.1763;4.1763;4.1763;4.1763;0
20180415 000000;4.1763;4.1763;4.1763;4.1763;0
20180416 000000;4.1627;4.1627;4.1627;4.1627;0
20180417 000000;4.1602;4.1602;4.1602;4.1602;0
20180418 000000;4.1697;4.1697;4.1697;4.1697;0
20180419 000000;4.1664;4.1664;4.1664;4.1664;0
20180420 000000;4.1677;4.1677;4.1677;4.1677;0
20180421 000000;4.1677;4.1677;4.1677;4.1677;0
20180422 000000;4.1677;4.1677;4.1677;4.1677;0
20180423 000000;4.1893;4.1893;4.1893;4.1893;0
20180424 000000;4.1996;4.1996;4.1996;4.1996;0
20180425 000000;4.2241;4.2241;4.2241;4.2241;0
20180426 000000;4.236;4.236;4.236;4.236;0
20180427 000000;4.2161;4.2161;4.2161;4.2161;0
20180428 000000;4.2161;4.2161;4.2161;4.2161;0
20180429 000000;4.2161;4.2161;4.2161;4.2161;0
20180430 000000;4.2264;4.2264;4.2264;4.2264;0
20180501 000000;4.2264;4.2264;4.2264;4.2264;0
20180502 000000;4.2755;4.2755;4.2755;4.2755;0
20180503 000000;4.2628;4.2628;4.2628;4.2628;0
20180504 000000;4.2543;4.2543;4.2543;4.2543;0
20180505 000000;4.2543;4.2543;4.2543;4.2543;0
20180506 000000;4.2543;4.2543;4.2543;4.2543;0
20180507 000000;4.2537;4.2537;4.2537;4.2537;0
20180508 000000;4.2792;4.2792;4.2792;4.2792;0
20180509 000000;4.2656;4.2656;4.2656;4.2656;0
20180510 000000;4.2443;4.2443;4.2443;4.2443;0
20180511 000000;4.2584;4.2584;4.2584;4.2584;0
20180512 000000;4.2584;4.2584;4.2584;4.2584;0
20180513 000000;4.2584;4.2584;4.2584;4.2584;0
20180514 000000;4.2629;4.2629;4.2629;4.2629;0
20180515 000000;4.2837;4.2837;4.2837;4.2837;0
20180516 000000;4.2889;4.2889;4.2889;4.2889;0
20180517 000000;4.2899;4.2899;4.2899;4.2899;0
