20130101 000000;3.0878;3.0878;3.0878;3.0878;0
20130102 000000;3.071;3.071;3.071;3.071;0
20130103 000000;3.1204;3.1204;3.1204;3.1204;0
20130104 000000;3.1636;3.1636;3.1636;3.1636;0
20130105 000000;3.1636;3.1636;3.1636;3.1636;0
20130106 000000;3.1636;3.1636;3.1636;3.1636;0
20130107 000000;3.1592;3.1592;3.1592;3.1592;0
20130108 000000;3.1518;3.1518;3.1518;3.1518;0
20130109 000000;3.1472;3.1472;3.1472;3.1472;0
20130110 000000;3.1181;3.1181;3.1181;3.1181;0
20130111 000000;3.0887;3.0887;3.0887;3.0887;0
20130112 000000;3.0887;3.0887;3.0887;3.0887;0
20130113 000000;3.0887;3.0887;3.0887;3.0887;0
20130114 000000;3.0882;3.0882;3.0882;3.0882;0
20130115 000000;3.0915;3.0915;3.0915;3.0915;0
20130116 000000;3.1115;3.1115;3.1115;3.1115;0
20130117 000000;3.0822;3.0822;3.0822;3.0822;0
20130118 000000;3.1113;3.1113;3.1113;3.1113;0
20130119 000000;3.1113;3.1113;3.1113;3.1113;0
20130120 000000;3.1113;3.1113;3.1113;3.1113;0
20130121 000000;3.1299;3.1299;3.1299;3.1299;0
20130122 000000;3.1341;3.1341;3.1341;3.1341;0
20130123 000000;3.1236;3.1236;3.1236;3.1236;0
20130124 000000;3.1395;3.1395;3.1395;3.1395;0
20130125 000000;3.1011;3.1011;3.1011;3.1011;0
20130126 000000;3.1011;3.1011;3.1011;3.1011;0
20130127 000000;3.1011;3.1011;3.1011;3.1011;0
20130128 000000;3.1233;3.1233;3.1233;3.1233;0
20130129 000000;3.1333;3.1333;3.1333;3.1333;0
20130130 000000;3.1008;3.1008;3.1008;3.1008;0
20130131 000000;3.0956;3.0956;3.0956;3.0956;0
20130201 000000;3.063;3.063;3.063;3.063;0
20130202 000000;3.063;3.063;3.063;3.063;0
20130203 000000;3.063;3.063;3.063;3.063;0
20130204 000000;3.0726;3.0726;3.0726;3.0726;0
20130205 000000;3.0889;3.0889;3.0889;3.0889;0
20130206 000000;3.0974;3.0974;3.0974;3.0974;0
20130207 000000;3.0921;3.0921;3.0921;3.0921;0
20130208 000000;3.1099;3.1099;3.1099;3.1099;0
20130209 000000;3.1099;3.1099;3.1099;3.1099;0
20130210 000000;3.1099;3.1099;3.1099;3.1099;0
20130211 000000;3.1019;3.1019;3.1019;3.1019;0
20130212 000000;3.1076;3.1076;3.1076;3.1076;0
20130213 000000;3.0948;3.0948;3.0948;3.0948;0
20130214 000000;3.1339;3.1339;3.1339;3.1339;0
20130215 000000;3.1449;3.1449;3.1449;3.1449;0
20130216 000000;3.1449;3.1449;3.1449;3.1449;0
20130217 000000;3.1449;3.1449;3.1449;3.1449;0
20130218 000000;3.1374;3.1374;3.1374;3.1374;0
20130219 000000;3.1223;3.1223;3.1223;3.1223;0
20130220 000000;3.1091;3.1091;3.1091;3.1091;0
20130221 000000;3.1651;3.1651;3.1651;3.1651;0
20130222 000000;3.1502;3.1502;3.1502;3.1502;0
20130223 000000;3.1502;3.1502;3.1502;3.1502;0
20130224 000000;3.1502;3.1502;3.1502;3.1502;0
20130225 000000;3.1171;3.1171;3.1171;3.1171;0
20130226 000000;3.1871;3.1871;3.1871;3.1871;0
20130227 000000;3.18;3.18;3.18;3.18;0
20130228 000000;3.1621;3.1621;3.1621;3.1621;0
20130301 000000;3.1905;3.1905;3.1905;3.1905;0
20130302 000000;3.1905;3.1905;3.1905;3.1905;0
20130303 000000;3.1905;3.1905;3.1905;3.1905;0
20130304 000000;3.1827;3.1827;3.1827;3.1827;0
20130305 000000;3.1694;3.1694;3.1694;3.1694;0
20130306 000000;3.1834;3.1834;3.1834;3.1834;0
20130307 000000;3.1908;3.1908;3.1908;3.1908;0
20130308 000000;3.1612;3.1612;3.1612;3.1612;0
20130309 000000;3.1612;3.1612;3.1612;3.1612;0
20130310 000000;3.1612;3.1612;3.1612;3.1612;0
20130311 000000;3.1916;3.1916;3.1916;3.1916;0
20130312 000000;3.1755;3.1755;3.1755;3.1755;0
20130313 000000;3.1881;3.1881;3.1881;3.1881;0
20130314 000000;3.2116;3.2116;3.2116;3.2116;0
20130315 000000;3.1717;3.1717;3.1717;3.1717;0
20130316 000000;3.1717;3.1717;3.1717;3.1717;0
20130317 000000;3.1717;3.1717;3.1717;3.1717;0
20130318 000000;3.2149;3.2149;3.2149;3.2149;0
20130319 000000;3.2098;3.2098;3.2098;3.2098;0
20130320 000000;3.2143;3.2143;3.2143;3.2143;0
20130321 000000;3.24;3.24;3.24;3.24;0
20130322 000000;3.2285;3.2285;3.2285;3.2285;0
20130323 000000;3.2285;3.2285;3.2285;3.2285;0
20130324 000000;3.2285;3.2285;3.2285;3.2285;0
20130325 000000;3.2166;3.2166;3.2166;3.2166;0
20130326 000000;3.2482;3.2482;3.2482;3.2482;0
20130327 000000;3.2752;3.2752;3.2752;3.2752;0
20130328 000000;3.2647;3.2647;3.2647;3.2647;0
20130329 000000;3.2647;3.2647;3.2647;3.2647;0
20130330 000000;3.2647;3.2647;3.2647;3.2647;0
20130331 000000;3.2647;3.2647;3.2647;3.2647;0
20130401 000000;3.2647;3.2647;3.2647;3.2647;0
20130402 000000;3.259;3.259;3.259;3.259;0
20130403 000000;3.2669;3.2669;3.2669;3.2669;0
20130404 000000;3.2678;3.2678;3.2678;3.2678;0
20130405 000000;3.2245;3.2245;3.2245;3.2245;0
20130406 000000;3.2245;3.2245;3.2245;3.2245;0
20130407 000000;3.2245;3.2245;3.2245;3.2245;0
20130408 000000;3.17;3.17;3.17;3.17;0
20130409 000000;3.1675;3.1675;3.1675;3.1675;0
20130410 000000;3.1453;3.1453;3.1453;3.1453;0
20130411 000000;3.1347;3.1347;3.1347;3.1347;0
20130412 000000;3.1443;3.1443;3.1443;3.1443;0
20130413 000000;3.1443;3.1443;3.1443;3.1443;0
20130414 000000;3.1443;3.1443;3.1443;3.1443;0
20130415 000000;3.1444;3.1444;3.1444;3.1444;0
20130416 000000;3.1351;3.1351;3.1351;3.1351;0
20130417 000000;3.1339;3.1339;3.1339;3.1339;0
20130418 000000;3.1542;3.1542;3.1542;3.1542;0
20130419 000000;3.1264;3.1264;3.1264;3.1264;0
20130420 000000;3.1264;3.1264;3.1264;3.1264;0
20130421 000000;3.1264;3.1264;3.1264;3.1264;0
20130422 000000;3.151;3.151;3.151;3.151;0
20130423 000000;3.1826;3.1826;3.1826;3.1826;0
20130424 000000;3.1806;3.1806;3.1806;3.1806;0
20130425 000000;3.1703;3.1703;3.1703;3.1703;0
20130426 000000;3.1995;3.1995;3.1995;3.1995;0
20130427 000000;3.1995;3.1995;3.1995;3.1995;0
20130428 000000;3.1995;3.1995;3.1995;3.1995;0
20130429 000000;3.1502;3.1502;3.1502;3.1502;0
20130430 000000;3.175;3.175;3.175;3.175;0
20130501 000000;3.175;3.175;3.175;3.175;0
20130502 000000;3.1434;3.1434;3.1434;3.1434;0
20130503 000000;3.1575;3.1575;3.1575;3.1575;0
20130504 000000;3.1575;3.1575;3.1575;3.1575;0
20130505 000000;3.1575;3.1575;3.1575;3.1575;0
20130506 000000;3.1674;3.1674;3.1674;3.1674;0
20130507 000000;3.1678;3.1678;3.1678;3.1678;0
20130508 000000;3.1489;3.1489;3.1489;3.1489;0
20130509 000000;3.1397;3.1397;3.1397;3.1397;0
20130510 000000;3.1903;3.1903;3.1903;3.1903;0
20130511 000000;3.1903;3.1903;3.1903;3.1903;0
20130512 000000;3.1903;3.1903;3.1903;3.1903;0
20130513 000000;3.2032;3.2032;3.2032;3.2032;0
20130514 000000;3.2107;3.2107;3.2107;3.2107;0
20130515 000000;3.2515;3.2515;3.2515;3.2515;0
20130516 000000;3.2449;3.2449;3.2449;3.2449;0
20130517 000000;3.2407;3.2407;3.2407;3.2407;0
20130518 000000;3.2407;3.2407;3.2407;3.2407;0
20130519 000000;3.2407;3.2407;3.2407;3.2407;0
20130520 000000;3.2538;3.2538;3.2538;3.2538;0
20130521 000000;3.2565;3.2565;3.2565;3.2565;0
20130522 000000;3.2333;3.2333;3.2333;3.2333;0
20130523 000000;3.266;3.266;3.266;3.266;0
20130524 000000;3.2446;3.2446;3.2446;3.2446;0
20130525 000000;3.2446;3.2446;3.2446;3.2446;0
20130526 000000;3.2446;3.2446;3.2446;3.2446;0
20130527 000000;3.241;3.241;3.241;3.241;0
20130528 000000;3.2312;3.2312;3.2312;3.2312;0
20130529 000000;3.262;3.262;3.262;3.262;0
20130530 000000;3.2963;3.2963;3.2963;3.2963;0
20130531 000000;3.2902;3.2902;3.2902;3.2902;0
20130601 000000;3.2902;3.2902;3.2902;3.2902;0
20130602 000000;3.2902;3.2902;3.2902;3.2902;0
20130603 000000;3.28;3.28;3.28;3.28;0
20130604 000000;3.2359;3.2359;3.2359;3.2359;0
20130605 000000;3.2488;3.2488;3.2488;3.2488;0
20130606 000000;3.2596;3.2596;3.2596;3.2596;0
20130607 000000;3.2472;3.2472;3.2472;3.2472;0
20130608 000000;3.2472;3.2472;3.2472;3.2472;0
20130609 000000;3.2472;3.2472;3.2472;3.2472;0
20130610 000000;3.2199;3.2199;3.2199;3.2199;0
20130611 000000;3.2238;3.2238;3.2238;3.2238;0
20130612 000000;3.2034;3.2034;3.2034;3.2034;0
20130613 000000;3.2028;3.2028;3.2028;3.2028;0
20130614 000000;3.1833;3.1833;3.1833;3.1833;0
20130615 000000;3.1833;3.1833;3.1833;3.1833;0
20130616 000000;3.1833;3.1833;3.1833;3.1833;0
20130617 000000;3.1713;3.1713;3.1713;3.1713;0
20130618 000000;3.1818;3.1818;3.1818;3.1818;0
20130619 000000;3.1775;3.1775;3.1775;3.1775;0
20130620 000000;3.2714;3.2714;3.2714;3.2714;0
20130621 000000;3.2844;3.2844;3.2844;3.2844;0
20130622 000000;3.2844;3.2844;3.2844;3.2844;0
20130623 000000;3.2844;3.2844;3.2844;3.2844;0
20130624 000000;3.3242;3.3242;3.3242;3.3242;0
20130625 000000;3.2884;3.2884;3.2884;3.2884;0
20130626 000000;3.3358;3.3358;3.3358;3.3358;0
20130627 000000;3.3151;3.3151;3.3151;3.3151;0
20130628 000000;3.3162;3.3162;3.3162;3.3162;0
20130629 000000;3.3162;3.3162;3.3162;3.3162;0
20130630 000000;3.3162;3.3162;3.3162;3.3162;0
20130701 000000;3.3235;3.3235;3.3235;3.3235;0
20130702 000000;3.3286;3.3286;3.3286;3.3286;0
20130703 000000;3.3463;3.3463;3.3463;3.3463;0
20130704 000000;3.3182;3.3182;3.3182;3.3182;0
20130705 000000;3.3259;3.3259;3.3259;3.3259;0
20130706 000000;3.3259;3.3259;3.3259;3.3259;0
20130707 000000;3.3259;3.3259;3.3259;3.3259;0
20130708 000000;3.3431;3.3431;3.3431;3.3431;0
20130709 000000;3.3649;3.3649;3.3649;3.3649;0
20130710 000000;3.3813;3.3813;3.3813;3.3813;0
20130711 000000;3.3233;3.3233;3.3233;3.3233;0
20130712 000000;3.3139;3.3139;3.3139;3.3139;0
20130713 000000;3.3139;3.3139;3.3139;3.3139;0
20130714 000000;3.3139;3.3139;3.3139;3.3139;0
20130715 000000;3.2935;3.2935;3.2935;3.2935;0
20130716 000000;3.2444;3.2444;3.2444;3.2444;0
20130717 000000;3.2438;3.2438;3.2438;3.2438;0
20130718 000000;3.2452;3.2452;3.2452;3.2452;0
20130719 000000;3.2362;3.2362;3.2362;3.2362;0
20130720 000000;3.2362;3.2362;3.2362;3.2362;0
20130721 000000;3.2362;3.2362;3.2362;3.2362;0
20130722 000000;3.2033;3.2033;3.2033;3.2033;0
20130723 000000;3.1978;3.1978;3.1978;3.1978;0
20130724 000000;3.1764;3.1764;3.1764;3.1764;0
20130725 000000;3.2141;3.2141;3.2141;3.2141;0
20130726 000000;3.1957;3.1957;3.1957;3.1957;0
20130727 000000;3.1957;3.1957;3.1957;3.1957;0
20130728 000000;3.1957;3.1957;3.1957;3.1957;0
20130729 000000;3.1872;3.1872;3.1872;3.1872;0
20130730 000000;3.1807;3.1807;3.1807;3.1807;0
20130731 000000;3.1917;3.1917;3.1917;3.1917;0
20130801 000000;3.1993;3.1993;3.1993;3.1993;0
20130802 000000;3.2228;3.2228;3.2228;3.2228;0
20130803 000000;3.2228;3.2228;3.2228;3.2228;0
20130804 000000;3.2228;3.2228;3.2228;3.2228;0
20130805 000000;3.1826;3.1826;3.1826;3.1826;0
20130806 000000;3.1735;3.1735;3.1735;3.1735;0
20130807 000000;3.1695;3.1695;3.1695;3.1695;0
20130808 000000;3.1487;3.1487;3.1487;3.1487;0
20130809 000000;3.1315;3.1315;3.1315;3.1315;0
20130810 000000;3.1315;3.1315;3.1315;3.1315;0
20130811 000000;3.1315;3.1315;3.1315;3.1315;0
20130812 000000;3.1542;3.1542;3.1542;3.1542;0
20130813 000000;3.1537;3.1537;3.1537;3.1537;0
20130814 000000;3.1743;3.1743;3.1743;3.1743;0
20130815 000000;3.1633;3.1633;3.1633;3.1633;0
20130816 000000;3.1695;3.1695;3.1695;3.1695;0
20130817 000000;3.1695;3.1695;3.1695;3.1695;0
20130818 000000;3.1695;3.1695;3.1695;3.1695;0
20130819 000000;3.1852;3.1852;3.1852;3.1852;0
20130820 000000;3.1561;3.1561;3.1561;3.1561;0
20130821 000000;3.1682;3.1682;3.1682;3.1682;0
20130822 000000;3.1837;3.1837;3.1837;3.1837;0
20130823 000000;3.1691;3.1691;3.1691;3.1691;0
20130824 000000;3.1691;3.1691;3.1691;3.1691;0
20130825 000000;3.1691;3.1691;3.1691;3.1691;0
20130826 000000;3.1648;3.1648;3.1648;3.1648;0
20130827 000000;3.1834;3.1834;3.1834;3.1834;0
20130828 000000;3.2165;3.2165;3.2165;3.2165;0
20130829 000000;3.2282;3.2282;3.2282;3.2282;0
20130830 000000;3.2212;3.2212;3.2212;3.2212;0
20130831 000000;3.2212;3.2212;3.2212;3.2212;0
20130901 000000;3.2212;3.2212;3.2212;3.2212;0
20130902 000000;3.2216;3.2216;3.2216;3.2216;0
20130903 000000;3.2423;3.2423;3.2423;3.2423;0
20130904 000000;3.2392;3.2392;3.2392;3.2392;0
20130905 000000;3.247;3.247;3.247;3.247;0
20130906 000000;3.2744;3.2744;3.2744;3.2744;0
20130907 000000;3.2744;3.2744;3.2744;3.2744;0
20130908 000000;3.2744;3.2744;3.2744;3.2744;0
20130909 000000;3.2386;3.2386;3.2386;3.2386;0
20130910 000000;3.2171;3.2171;3.2171;3.2171;0
20130911 000000;3.1906;3.1906;3.1906;3.1906;0
20130912 000000;3.1701;3.1701;3.1701;3.1701;0
20130913 000000;3.1681;3.1681;3.1681;3.1681;0
20130914 000000;3.1681;3.1681;3.1681;3.1681;0
20130915 000000;3.1681;3.1681;3.1681;3.1681;0
20130916 000000;3.1402;3.1402;3.1402;3.1402;0
20130917 000000;3.1602;3.1602;3.1602;3.1602;0
20130918 000000;3.1702;3.1702;3.1702;3.1702;0
20130919 000000;3.0881;3.0881;3.0881;3.0881;0
20130920 000000;3.1299;3.1299;3.1299;3.1299;0
20130921 000000;3.1299;3.1299;3.1299;3.1299;0
20130922 000000;3.1299;3.1299;3.1299;3.1299;0
20130923 000000;3.1289;3.1289;3.1289;3.1289;0
20130924 000000;3.1373;3.1373;3.1373;3.1373;0
20130925 000000;3.1224;3.1224;3.1224;3.1224;0
20130926 000000;3.1321;3.1321;3.1321;3.1321;0
20130927 000000;3.1233;3.1233;3.1233;3.1233;0
20130928 000000;3.1233;3.1233;3.1233;3.1233;0
20130929 000000;3.1233;3.1233;3.1233;3.1233;0
20130930 000000;3.1313;3.1313;3.1313;3.1313;0
20131001 000000;3.1214;3.1214;3.1214;3.1214;0
20131002 000000;3.1217;3.1217;3.1217;3.1217;0
20131003 000000;3.0935;3.0935;3.0935;3.0935;0
20131004 000000;3.0931;3.0931;3.0931;3.0931;0
20131005 000000;3.0931;3.0931;3.0931;3.0931;0
20131006 000000;3.0931;3.0931;3.0931;3.0931;0
20131007 000000;3.091;3.091;3.091;3.091;0
20131008 000000;3.0886;3.0886;3.0886;3.0886;0
20131009 000000;3.1073;3.1073;3.1073;3.1073;0
20131010 000000;3.1007;3.1007;3.1007;3.1007;0
20131011 000000;3.091;3.091;3.091;3.091;0
20131012 000000;3.091;3.091;3.091;3.091;0
20131013 000000;3.091;3.091;3.091;3.091;0
20131014 000000;3.0838;3.0838;3.0838;3.0838;0
20131015 000000;3.0987;3.0987;3.0987;3.0987;0
20131016 000000;3.0798;3.0798;3.0798;3.0798;0
20131017 000000;3.0555;3.0555;3.0555;3.0555;0
20131018 000000;3.0552;3.0552;3.0552;3.0552;0
20131019 000000;3.0552;3.0552;3.0552;3.0552;0
20131020 000000;3.0552;3.0552;3.0552;3.0552;0
20131021 000000;3.0602;3.0602;3.0602;3.0602;0
20131022 000000;3.0584;3.0584;3.0584;3.0584;0
20131023 000000;3.0383;3.0383;3.0383;3.0383;0
20131024 000000;3.0323;3.0323;3.0323;3.0323;0
20131025 000000;3.0383;3.0383;3.0383;3.0383;0
20131026 000000;3.0383;3.0383;3.0383;3.0383;0
20131027 000000;3.0383;3.0383;3.0383;3.0383;0
20131028 000000;3.0365;3.0365;3.0365;3.0365;0
20131029 000000;3.0388;3.0388;3.0388;3.0388;0
20131030 000000;3.039;3.039;3.039;3.039;0
20131031 000000;3.063;3.063;3.063;3.063;0
20131101 000000;3.1007;3.1007;3.1007;3.1007;0
20131102 000000;3.1007;3.1007;3.1007;3.1007;0
20131103 000000;3.1007;3.1007;3.1007;3.1007;0
20131104 000000;3.0933;3.0933;3.0933;3.0933;0
20131105 000000;3.0978;3.0978;3.0978;3.0978;0
20131106 000000;3.0833;3.0833;3.0833;3.0833;0
20131107 000000;3.1143;3.1143;3.1143;3.1143;0
20131108 000000;3.1123;3.1123;3.1123;3.1123;0
20131109 000000;3.1123;3.1123;3.1123;3.1123;0
20131110 000000;3.1123;3.1123;3.1123;3.1123;0
20131111 000000;3.1391;3.1391;3.1391;3.1391;0
20131112 000000;3.1295;3.1295;3.1295;3.1295;0
20131113 000000;3.1323;3.1323;3.1323;3.1323;0
20131114 000000;3.1151;3.1151;3.1151;3.1151;0
20131115 000000;3.1077;3.1077;3.1077;3.1077;0
20131116 000000;3.1077;3.1077;3.1077;3.1077;0
20131117 000000;3.1077;3.1077;3.1077;3.1077;0
20131118 000000;3.0891;3.0891;3.0891;3.0891;0
20131119 000000;3.098;3.098;3.098;3.098;0
20131120 000000;3.0951;3.0951;3.0951;3.0951;0
20131121 000000;3.1119;3.1119;3.1119;3.1119;0
20131122 000000;3.1053;3.1053;3.1053;3.1053;0
20131123 000000;3.1053;3.1053;3.1053;3.1053;0
20131124 000000;3.1053;3.1053;3.1053;3.1053;0
20131125 000000;3.1017;3.1017;3.1017;3.1017;0
20131126 000000;3.0994;3.0994;3.0994;3.0994;0
20131127 000000;3.0918;3.0918;3.0918;3.0918;0
20131128 000000;3.0858;3.0858;3.0858;3.0858;0
20131129 000000;3.0901;3.0901;3.0901;3.0901;0
20131130 000000;3.0901;3.0901;3.0901;3.0901;0
20131201 000000;3.0901;3.0901;3.0901;3.0901;0
20131202 000000;3.0975;3.0975;3.0975;3.0975;0
20131203 000000;3.0956;3.0956;3.0956;3.0956;0
20131204 000000;3.0888;3.0888;3.0888;3.0888;0
20131205 000000;3.0818;3.0818;3.0818;3.0818;0
20131206 000000;3.0699;3.0699;3.0699;3.0699;0
20131207 000000;3.0699;3.0699;3.0699;3.0699;0
20131208 000000;3.0699;3.0699;3.0699;3.0699;0
20131209 000000;3.0511;3.0511;3.0511;3.0511;0
20131210 000000;3.0418;3.0418;3.0418;3.0418;0
20131211 000000;3.0385;3.0385;3.0385;3.0385;0
20131212 000000;3.0362;3.0362;3.0362;3.0362;0
20131213 000000;3.0448;3.0448;3.0448;3.0448;0
20131214 000000;3.0448;3.0448;3.0448;3.0448;0
20131215 000000;3.0448;3.0448;3.0448;3.0448;0
20131216 000000;3.0312;3.0312;3.0312;3.0312;0
20131217 000000;3.0395;3.0395;3.0395;3.0395;0
20131218 000000;3.039;3.039;3.039;3.039;0
20131219 000000;3.054;3.054;3.054;3.054;0
20131220 000000;3.0504;3.0504;3.0504;3.0504;0
20131221 000000;3.0504;3.0504;3.0504;3.0504;0
20131222 000000;3.0504;3.0504;3.0504;3.0504;0
20131223 000000;3.0358;3.0358;3.0358;3.0358;0
20131224 000000;3.027;3.027;3.027;3.027;0
20131225 000000;3.027;3.027;3.027;3.027;0
20131226 000000;3.027;3.027;3.027;3.027;0
20131227 000000;3.0053;3.0053;3.0053;3.0053;0
20131228 000000;3.0053;3.0053;3.0053;3.0053;0
20131229 000000;3.0053;3.0053;3.0053;3.0053;0
20131230 000000;3.01;3.01;3.01;3.01;0
20131231 000000;3.0123;3.0123;3.0123;3.0123;0
20140101 000000;3.0123;3.0123;3.0123;3.0123;0
20140102 000000;3.0526;3.0526;3.0526;3.0526;0
20140103 000000;3.0554;3.0554;3.0554;3.0554;0
20140104 000000;3.0554;3.0554;3.0554;3.0554;0
20140105 000000;3.0554;3.0554;3.0554;3.0554;0
20140106 000000;3.0704;3.0704;3.0704;3.0704;0
20140107 000000;3.0625;3.0625;3.0625;3.0625;0
20140108 000000;3.0725;3.0725;3.0725;3.0725;0
20140109 000000;3.0675;3.0675;3.0675;3.0675;0
20140110 000000;3.0727;3.0727;3.0727;3.0727;0
20140111 000000;3.0727;3.0727;3.0727;3.0727;0
20140112 000000;3.0727;3.0727;3.0727;3.0727;0
20140113 000000;3.0425;3.0425;3.0425;3.0425;0
20140114 000000;3.037;3.037;3.037;3.037;0
20140115 000000;3.0556;3.0556;3.0556;3.0556;0
20140116 000000;3.0663;3.0663;3.0663;3.0663;0
20140117 000000;3.0657;3.0657;3.0657;3.0657;0
20140118 000000;3.0657;3.0657;3.0657;3.0657;0
20140119 000000;3.0657;3.0657;3.0657;3.0657;0
20140120 000000;3.0649;3.0649;3.0649;3.0649;0
20140121 000000;3.0793;3.0793;3.0793;3.0793;0
20140122 000000;3.0702;3.0702;3.0702;3.0702;0
20140123 000000;3.0559;3.0559;3.0559;3.0559;0
20140124 000000;3.0745;3.0745;3.0745;3.0745;0
20140125 000000;3.0745;3.0745;3.0745;3.0745;0
20140126 000000;3.0745;3.0745;3.0745;3.0745;0
20140127 000000;3.0732;3.0732;3.0732;3.0732;0
20140128 000000;3.0708;3.0708;3.0708;3.0708;0
20140129 000000;3.096;3.096;3.096;3.096;0
20140130 000000;3.1171;3.1171;3.1171;3.1171;0
20140131 000000;3.1435;3.1435;3.1435;3.1435;0
20140201 000000;3.1435;3.1435;3.1435;3.1435;0
20140202 000000;3.1435;3.1435;3.1435;3.1435;0
20140203 000000;3.1295;3.1295;3.1295;3.1295;0
20140204 000000;3.1101;3.1101;3.1101;3.1101;0
20140205 000000;3.0971;3.0971;3.0971;3.0971;0
20140206 000000;3.1034;3.1034;3.1034;3.1034;0
20140207 000000;3.0849;3.0849;3.0849;3.0849;0
20140208 000000;3.0849;3.0849;3.0849;3.0849;0
20140209 000000;3.0849;3.0849;3.0849;3.0849;0
20140210 000000;3.0652;3.0652;3.0652;3.0652;0
20140211 000000;3.0583;3.0583;3.0583;3.0583;0
20140212 000000;3.0692;3.0692;3.0692;3.0692;0
20140213 000000;3.0475;3.0475;3.0475;3.0475;0
20140214 000000;3.0273;3.0273;3.0273;3.0273;0
20140215 000000;3.0273;3.0273;3.0273;3.0273;0
20140216 000000;3.0273;3.0273;3.0273;3.0273;0
20140217 000000;3.0273;3.0273;3.0273;3.0273;0
20140218 000000;3.0251;3.0251;3.0251;3.0251;0
20140219 000000;3.0363;3.0363;3.0363;3.0363;0
20140220 000000;3.0498;3.0498;3.0498;3.0498;0
20140221 000000;3.0394;3.0394;3.0394;3.0394;0
20140222 000000;3.0394;3.0394;3.0394;3.0394;0
20140223 000000;3.0394;3.0394;3.0394;3.0394;0
20140224 000000;3.0272;3.0272;3.0272;3.0272;0
20140225 000000;3.0191;3.0191;3.0191;3.0191;0
20140226 000000;3.0315;3.0315;3.0315;3.0315;0
20140227 000000;3.0594;3.0594;3.0594;3.0594;0
20140228 000000;3.0172;3.0172;3.0172;3.0172;0
20140301 000000;3.0172;3.0172;3.0172;3.0172;0
20140302 000000;3.0172;3.0172;3.0172;3.0172;0
20140303 000000;3.0453;3.0453;3.0453;3.0453;0
20140304 000000;3.0407;3.0407;3.0407;3.0407;0
20140305 000000;3.0436;3.0436;3.0436;3.0436;0
20140306 000000;3.0444;3.0444;3.0444;3.0444;0
20140307 000000;3.0171;3.0171;3.0171;3.0171;0
20140308 000000;3.0171;3.0171;3.0171;3.0171;0
20140309 000000;3.0171;3.0171;3.0171;3.0171;0
20140310 000000;3.0266;3.0266;3.0266;3.0266;0
20140311 000000;3.0448;3.0448;3.0448;3.0448;0
20140312 000000;3.044;3.044;3.044;3.044;0
20140313 000000;3.029;3.029;3.029;3.029;0
20140314 000000;3.0555;3.0555;3.0555;3.0555;0
20140315 000000;3.0555;3.0555;3.0555;3.0555;0
20140316 000000;3.0555;3.0555;3.0555;3.0555;0
20140317 000000;3.0361;3.0361;3.0361;3.0361;0
20140318 000000;3.0278;3.0278;3.0278;3.0278;0
20140319 000000;3.0175;3.0175;3.0175;3.0175;0
20140320 000000;3.0538;3.0538;3.0538;3.0538;0
20140321 000000;3.0461;3.0461;3.0461;3.0461;0
20140322 000000;3.0461;3.0461;3.0461;3.0461;0
20140323 000000;3.0461;3.0461;3.0461;3.0461;0
20140324 000000;3.0438;3.0438;3.0438;3.0438;0
20140325 000000;3.0447;3.0447;3.0447;3.0447;0
20140326 000000;3.0312;3.0312;3.0312;3.0312;0
20140327 000000;3.0379;3.0379;3.0379;3.0379;0
20140328 000000;3.0336;3.0336;3.0336;3.0336;0
20140329 000000;3.0336;3.0336;3.0336;3.0336;0
20140330 000000;3.0336;3.0336;3.0336;3.0336;0
20140331 000000;3.0257;3.0257;3.0257;3.0257;0
20140401 000000;3.0297;3.0297;3.0297;3.0297;0
20140402 000000;3.0278;3.0278;3.0278;3.0278;0
20140403 000000;3.0301;3.0301;3.0301;3.0301;0
20140404 000000;3.0401;3.0401;3.0401;3.0401;0
20140405 000000;3.0401;3.0401;3.0401;3.0401;0
20140406 000000;3.0401;3.0401;3.0401;3.0401;0
20140407 000000;3.042;3.042;3.042;3.042;0
20140408 000000;3.0277;3.0277;3.0277;3.0277;0
20140409 000000;3.0236;3.0236;3.0236;3.0236;0
20140410 000000;3.007;3.007;3.007;3.007;0
20140411 000000;3.0159;3.0159;3.0159;3.0159;0
20140412 000000;3.0159;3.0159;3.0159;3.0159;0
20140413 000000;3.0159;3.0159;3.0159;3.0159;0
20140414 000000;3.0248;3.0248;3.0248;3.0248;0
20140415 000000;3.0333;3.0333;3.0333;3.0333;0
20140416 000000;3.0315;3.0315;3.0315;3.0315;0
20140417 000000;3.0268;3.0268;3.0268;3.0268;0
20140418 000000;3.0268;3.0268;3.0268;3.0268;0
20140419 000000;3.0268;3.0268;3.0268;3.0268;0
20140420 000000;3.0268;3.0268;3.0268;3.0268;0
20140421 000000;3.0268;3.0268;3.0268;3.0268;0
20140422 000000;3.0329;3.0329;3.0329;3.0329;0
20140423 000000;3.0306;3.0306;3.0306;3.0306;0
20140424 000000;3.0329;3.0329;3.0329;3.0329;0
20140425 000000;3.0387;3.0387;3.0387;3.0387;0
20140426 000000;3.0387;3.0387;3.0387;3.0387;0
20140427 000000;3.0387;3.0387;3.0387;3.0387;0
20140428 000000;3.0351;3.0351;3.0351;3.0351;0
20140429 000000;3.0373;3.0373;3.0373;3.0373;0
20140430 000000;3.0342;3.0342;3.0342;3.0342;0
20140501 000000;3.0342;3.0342;3.0342;3.0342;0
20140502 000000;3.0324;3.0324;3.0324;3.0324;0
20140503 000000;3.0324;3.0324;3.0324;3.0324;0
20140504 000000;3.0324;3.0324;3.0324;3.0324;0
20140505 000000;3.0335;3.0335;3.0335;3.0335;0
20140506 000000;3.0132;3.0132;3.0132;3.0132;0
20140507 000000;3.0156;3.0156;3.0156;3.0156;0
20140508 000000;3.0052;3.0052;3.0052;3.0052;0
20140509 000000;3.0348;3.0348;3.0348;3.0348;0
20140510 000000;3.0348;3.0348;3.0348;3.0348;0
20140511 000000;3.0348;3.0348;3.0348;3.0348;0
20140512 000000;3.038;3.038;3.038;3.038;0
20140513 000000;3.0544;3.0544;3.0544;3.0544;0
20140514 000000;3.053;3.053;3.053;3.053;0
20140515 000000;3.0597;3.0597;3.0597;3.0597;0
20140516 000000;3.0596;3.0596;3.0596;3.0596;0
20140517 000000;3.0596;3.0596;3.0596;3.0596;0
20140518 000000;3.0596;3.0596;3.0596;3.0596;0
20140519 000000;3.0527;3.0527;3.0527;3.0527;0
20140520 000000;3.0574;3.0574;3.0574;3.0574;0
20140521 000000;3.0629;3.0629;3.0629;3.0629;0
20140522 000000;3.0557;3.0557;3.0557;3.0557;0
20140523 000000;3.0544;3.0544;3.0544;3.0544;0
20140524 000000;3.0544;3.0544;3.0544;3.0544;0
20140525 000000;3.0544;3.0544;3.0544;3.0544;0
20140526 000000;3.0473;3.0473;3.0473;3.0473;0
20140527 000000;3.053;3.053;3.053;3.053;0
20140528 000000;3.0544;3.0544;3.0544;3.0544;0
20140529 000000;3.0448;3.0448;3.0448;3.0448;0
20140530 000000;3.0434;3.0434;3.0434;3.0434;0
20140531 000000;3.0434;3.0434;3.0434;3.0434;0
20140601 000000;3.0434;3.0434;3.0434;3.0434;0
20140602 000000;3.0411;3.0411;3.0411;3.0411;0
20140603 000000;3.0399;3.0399;3.0399;3.0399;0
20140604 000000;3.042;3.042;3.042;3.042;0
20140605 000000;3.0354;3.0354;3.0354;3.0354;0
20140606 000000;3.0166;3.0166;3.0166;3.0166;0
20140607 000000;3.0166;3.0166;3.0166;3.0166;0
20140608 000000;3.0166;3.0166;3.0166;3.0166;0
20140609 000000;3.0127;3.0127;3.0127;3.0127;0
20140610 000000;3.0308;3.0308;3.0308;3.0308;0
20140611 000000;3.0367;3.0367;3.0367;3.0367;0
20140612 000000;3.0337;3.0337;3.0337;3.0337;0
20140613 000000;3.049;3.049;3.049;3.049;0
20140614 000000;3.049;3.049;3.049;3.049;0
20140615 000000;3.049;3.049;3.049;3.049;0
20140616 000000;3.0613;3.0613;3.0613;3.0613;0
20140617 000000;3.0492;3.0492;3.0492;3.0492;0
20140618 000000;3.0557;3.0557;3.0557;3.0557;0
20140619 000000;3.0342;3.0342;3.0342;3.0342;0
20140620 000000;3.062;3.062;3.062;3.062;0
20140621 000000;3.062;3.062;3.062;3.062;0
20140622 000000;3.062;3.062;3.062;3.062;0
20140623 000000;3.0522;3.0522;3.0522;3.0522;0
20140624 000000;3.0504;3.0504;3.0504;3.0504;0
20140625 000000;3.0484;3.0484;3.0484;3.0484;0
20140626 000000;3.0451;3.0451;3.0451;3.0451;0
20140627 000000;3.0486;3.0486;3.0486;3.0486;0
20140628 000000;3.0486;3.0486;3.0486;3.0486;0
20140629 000000;3.0486;3.0486;3.0486;3.0486;0
20140630 000000;3.0435;3.0435;3.0435;3.0435;0
20140701 000000;3.0378;3.0378;3.0378;3.0378;0
20140702 000000;3.0357;3.0357;3.0357;3.0357;0
20140703 000000;3.0391;3.0391;3.0391;3.0391;0
20140704 000000;3.0464;3.0464;3.0464;3.0464;0
20140705 000000;3.0464;3.0464;3.0464;3.0464;0
20140706 000000;3.0464;3.0464;3.0464;3.0464;0
20140707 000000;3.0483;3.0483;3.0483;3.0483;0
20140708 000000;3.0425;3.0425;3.0425;3.0425;0
20140709 000000;3.0349;3.0349;3.0349;3.0349;0
20140710 000000;3.0447;3.0447;3.0447;3.0447;0
20140711 000000;3.0472;3.0472;3.0472;3.0472;0
20140712 000000;3.0472;3.0472;3.0472;3.0472;0
20140713 000000;3.0472;3.0472;3.0472;3.0472;0
20140714 000000;3.0372;3.0372;3.0372;3.0372;0
20140715 000000;3.0418;3.0418;3.0418;3.0418;0
20140716 000000;3.0574;3.0574;3.0574;3.0574;0
20140717 000000;3.064;3.064;3.064;3.064;0
20140718 000000;3.0666;3.0666;3.0666;3.0666;0
20140719 000000;3.0666;3.0666;3.0666;3.0666;0
20140720 000000;3.0666;3.0666;3.0666;3.0666;0
20140721 000000;3.0708;3.0708;3.0708;3.0708;0
20140722 000000;3.0764;3.0764;3.0764;3.0764;0
20140723 000000;3.0702;3.0702;3.0702;3.0702;0
20140724 000000;3.0736;3.0736;3.0736;3.0736;0
20140725 000000;3.083;3.083;3.083;3.083;0
20140726 000000;3.083;3.083;3.083;3.083;0
20140727 000000;3.083;3.083;3.083;3.083;0
20140728 000000;3.0847;3.0847;3.0847;3.0847;0
20140729 000000;3.0915;3.0915;3.0915;3.0915;0
20140730 000000;3.098;3.098;3.098;3.098;0
20140731 000000;3.1162;3.1162;3.1162;3.1162;0
20140801 000000;3.1271;3.1271;3.1271;3.1271;0
20140802 000000;3.1271;3.1271;3.1271;3.1271;0
20140803 000000;3.1271;3.1271;3.1271;3.1271;0
20140804 000000;3.108;3.108;3.108;3.108;0
20140805 000000;3.1196;3.1196;3.1196;3.1196;0
20140806 000000;3.1506;3.1506;3.1506;3.1506;0
20140807 000000;3.1447;3.1447;3.1447;3.1447;0
20140808 000000;3.1379;3.1379;3.1379;3.1379;0
20140809 000000;3.1379;3.1379;3.1379;3.1379;0
20140810 000000;3.1379;3.1379;3.1379;3.1379;0
20140811 000000;3.1369;3.1369;3.1369;3.1369;0
20140812 000000;3.1515;3.1515;3.1515;3.1515;0
20140813 000000;3.1396;3.1396;3.1396;3.1396;0
20140814 000000;3.1256;3.1256;3.1256;3.1256;0
20140815 000000;3.1226;3.1226;3.1226;3.1226;0
20140816 000000;3.1226;3.1226;3.1226;3.1226;0
20140817 000000;3.1226;3.1226;3.1226;3.1226;0
20140818 000000;3.1296;3.1296;3.1296;3.1296;0
20140819 000000;3.1371;3.1371;3.1371;3.1371;0
20140820 000000;3.1488;3.1488;3.1488;3.1488;0
20140821 000000;3.1587;3.1587;3.1587;3.1587;0
20140822 000000;3.1554;3.1554;3.1554;3.1554;0
20140823 000000;3.1554;3.1554;3.1554;3.1554;0
20140824 000000;3.1554;3.1554;3.1554;3.1554;0
20140825 000000;3.1655;3.1655;3.1655;3.1655;0
20140826 000000;3.1707;3.1707;3.1707;3.1707;0
20140827 000000;3.1849;3.1849;3.1849;3.1849;0
20140828 000000;3.1981;3.1981;3.1981;3.1981;0
20140829 000000;3.1977;3.1977;3.1977;3.1977;0
20140830 000000;3.1977;3.1977;3.1977;3.1977;0
20140831 000000;3.1977;3.1977;3.1977;3.1977;0
20140901 000000;3.2043;3.2043;3.2043;3.2043;0
20140902 000000;3.2132;3.2132;3.2132;3.2132;0
20140903 000000;3.1864;3.1864;3.1864;3.1864;0
20140904 000000;3.2158;3.2158;3.2158;3.2158;0
20140905 000000;3.2385;3.2385;3.2385;3.2385;0
20140906 000000;3.2385;3.2385;3.2385;3.2385;0
20140907 000000;3.2385;3.2385;3.2385;3.2385;0
20140908 000000;3.2262;3.2262;3.2262;3.2262;0
20140909 000000;3.2576;3.2576;3.2576;3.2576;0
20140910 000000;3.251;3.251;3.251;3.251;0
20140911 000000;3.2477;3.2477;3.2477;3.2477;0
20140912 000000;3.2462;3.2462;3.2462;3.2462;0
20140913 000000;3.2462;3.2462;3.2462;3.2462;0
20140914 000000;3.2462;3.2462;3.2462;3.2462;0
20140915 000000;3.2515;3.2515;3.2515;3.2515;0
20140916 000000;3.2401;3.2401;3.2401;3.2401;0
20140917 000000;3.2322;3.2322;3.2322;3.2322;0
20140918 000000;3.2575;3.2575;3.2575;3.2575;0
20140919 000000;3.2584;3.2584;3.2584;3.2584;0
20140920 000000;3.2584;3.2584;3.2584;3.2584;0
20140921 000000;3.2584;3.2584;3.2584;3.2584;0
20140922 000000;3.2554;3.2554;3.2554;3.2554;0
20140923 000000;3.2388;3.2388;3.2388;3.2388;0
20140924 000000;3.2508;3.2508;3.2508;3.2508;0
20140925 000000;3.286;3.286;3.286;3.286;0
20140926 000000;3.2835;3.2835;3.2835;3.2835;0
20140927 000000;3.2835;3.2835;3.2835;3.2835;0
20140928 000000;3.2835;3.2835;3.2835;3.2835;0
20140929 000000;3.2932;3.2932;3.2932;3.2932;0
20140930 000000;3.32;3.32;3.32;3.32;0
20141001 000000;3.3179;3.3179;3.3179;3.3179;0
20141002 000000;3.3062;3.3062;3.3062;3.3062;0
20141003 000000;3.3124;3.3124;3.3124;3.3124;0
20141004 000000;3.3124;3.3124;3.3124;3.3124;0
20141005 000000;3.3124;3.3124;3.3124;3.3124;0
20141006 000000;3.3302;3.3302;3.3302;3.3302;0
20141007 000000;3.3188;3.3188;3.3188;3.3188;0
20141008 000000;3.3151;3.3151;3.3151;3.3151;0
20141009 000000;3.2718;3.2718;3.2718;3.2718;0
20141010 000000;3.3103;3.3103;3.3103;3.3103;0
20141011 000000;3.3103;3.3103;3.3103;3.3103;0
20141012 000000;3.3103;3.3103;3.3103;3.3103;0
20141013 000000;3.3059;3.3059;3.3059;3.3059;0
20141014 000000;3.3237;3.3237;3.3237;3.3237;0
20141015 000000;3.3224;3.3224;3.3224;3.3224;0
20141016 000000;3.3168;3.3168;3.3168;3.3168;0
20141017 000000;3.3002;3.3002;3.3002;3.3002;0
20141018 000000;3.3002;3.3002;3.3002;3.3002;0
20141019 000000;3.3002;3.3002;3.3002;3.3002;0
20141020 000000;3.306;3.306;3.306;3.306;0
20141021 000000;3.3054;3.3054;3.3054;3.3054;0
20141022 000000;3.3283;3.3283;3.3283;3.3283;0
20141023 000000;3.3381;3.3381;3.3381;3.3381;0
20141024 000000;3.3364;3.3364;3.3364;3.3364;0
20141025 000000;3.3364;3.3364;3.3364;3.3364;0
20141026 000000;3.3364;3.3364;3.3364;3.3364;0
20141027 000000;3.3312;3.3312;3.3312;3.3312;0
20141028 000000;3.3196;3.3196;3.3196;3.3196;0
20141029 000000;3.3173;3.3173;3.3173;3.3173;0
20141030 000000;3.3472;3.3472;3.3472;3.3472;0
20141031 000000;3.3677;3.3677;3.3677;3.3677;0
20141101 000000;3.3677;3.3677;3.3677;3.3677;0
20141102 000000;3.3677;3.3677;3.3677;3.3677;0
20141103 000000;3.3769;3.3769;3.3769;3.3769;0
20141104 000000;3.3761;3.3761;3.3761;3.3761;0
20141105 000000;3.3923;3.3923;3.3923;3.3923;0
20141106 000000;3.3725;3.3725;3.3725;3.3725;0
20141107 000000;3.4119;3.4119;3.4119;3.4119;0
20141108 000000;3.4119;3.4119;3.4119;3.4119;0
20141109 000000;3.4119;3.4119;3.4119;3.4119;0
20141110 000000;3.3755;3.3755;3.3755;3.3755;0
20141111 000000;3.3995;3.3995;3.3995;3.3995;0
20141112 000000;3.3843;3.3843;3.3843;3.3843;0
20141113 000000;3.3945;3.3945;3.3945;3.3945;0
20141114 000000;3.401;3.401;3.401;3.401;0
20141115 000000;3.401;3.401;3.401;3.401;0
20141116 000000;3.401;3.401;3.401;3.401;0
20141117 000000;3.3801;3.3801;3.3801;3.3801;0
20141118 000000;3.3675;3.3675;3.3675;3.3675;0
20141119 000000;3.3653;3.3653;3.3653;3.3653;0
20141120 000000;3.3607;3.3607;3.3607;3.3607;0
20141121 000000;3.3849;3.3849;3.3849;3.3849;0
20141122 000000;3.3849;3.3849;3.3849;3.3849;0
20141123 000000;3.3849;3.3849;3.3849;3.3849;0
20141124 000000;3.3798;3.3798;3.3798;3.3798;0
20141125 000000;3.3699;3.3699;3.3699;3.3699;0
20141126 000000;3.3508;3.3508;3.3508;3.3508;0
20141127 000000;3.3492;3.3492;3.3492;3.3492;0
20141128 000000;3.3517;3.3517;3.3517;3.3517;0
20141129 000000;3.3517;3.3517;3.3517;3.3517;0
20141130 000000;3.3517;3.3517;3.3517;3.3517;0
20141201 000000;3.3509;3.3509;3.3509;3.3509;0
20141202 000000;3.3513;3.3513;3.3513;3.3513;0
20141203 000000;3.3734;3.3734;3.3734;3.3734;0
20141204 000000;3.3802;3.3802;3.3802;3.3802;0
20141205 000000;3.3674;3.3674;3.3674;3.3674;0
20141206 000000;3.3674;3.3674;3.3674;3.3674;0
20141207 000000;3.3674;3.3674;3.3674;3.3674;0
20141208 000000;3.3946;3.3946;3.3946;3.3946;0
20141209 000000;3.3634;3.3634;3.3634;3.3634;0
20141210 000000;3.3585;3.3585;3.3585;3.3585;0
20141211 000000;3.3632;3.3632;3.3632;3.3632;0
20141212 000000;3.3522;3.3522;3.3522;3.3522;0
20141213 000000;3.3522;3.3522;3.3522;3.3522;0
20141214 000000;3.3522;3.3522;3.3522;3.3522;0
20141215 000000;3.3625;3.3625;3.3625;3.3625;0
20141216 000000;3.3549;3.3549;3.3549;3.3549;0
20141217 000000;3.3948;3.3948;3.3948;3.3948;0
20141218 000000;3.4532;3.4532;3.4532;3.4532;0
20141219 000000;3.4806;3.4806;3.4806;3.4806;0
20141220 000000;3.4806;3.4806;3.4806;3.4806;0
20141221 000000;3.4806;3.4806;3.4806;3.4806;0
20141222 000000;3.4803;3.4803;3.4803;3.4803;0
20141223 000000;3.5016;3.5016;3.5016;3.5016;0
20141224 000000;3.5255;3.5255;3.5255;3.5255;0
20141225 000000;3.5255;3.5255;3.5255;3.5255;0
20141226 000000;3.5255;3.5255;3.5255;3.5255;0
20141227 000000;3.5255;3.5255;3.5255;3.5255;0
20141228 000000;3.5255;3.5255;3.5255;3.5255;0
20141229 000000;3.5273;3.5273;3.5273;3.5273;0
20141230 000000;3.5447;3.5447;3.5447;3.5447;0
20141231 000000;3.5196;3.5196;3.5196;3.5196;0
20150101 000000;3.5196;3.5196;3.5196;3.5196;0
20150102 000000;3.5749;3.5749;3.5749;3.5749;0
20150103 000000;3.5749;3.5749;3.5749;3.5749;0
20150104 000000;3.5749;3.5749;3.5749;3.5749;0
20150105 000000;3.6071;3.6071;3.6071;3.6071;0
20150106 000000;3.6155;3.6155;3.6155;3.6155;0
20150107 000000;3.6436;3.6436;3.6436;3.6436;0
20150108 000000;3.6456;3.6456;3.6456;3.6456;0
20150109 000000;3.6146;3.6146;3.6146;3.6146;0
20150110 000000;3.6146;3.6146;3.6146;3.6146;0
20150111 000000;3.6146;3.6146;3.6146;3.6146;0
20150112 000000;3.6229;3.6229;3.6229;3.6229;0
20150113 000000;3.6347;3.6347;3.6347;3.6347;0
20150114 000000;3.6402;3.6402;3.6402;3.6402;0
20150115 000000;3.6734;3.6734;3.6734;3.6734;0
20150116 000000;3.7262;3.7262;3.7262;3.7262;0
20150117 000000;3.7262;3.7262;3.7262;3.7262;0
20150118 000000;3.7262;3.7262;3.7262;3.7262;0
20150119 000000;3.7194;3.7194;3.7194;3.7194;0
20150120 000000;3.7374;3.7374;3.7374;3.7374;0
20150121 000000;3.7141;3.7141;3.7141;3.7141;0
20150122 000000;3.7009;3.7009;3.7009;3.7009;0
20150123 000000;3.7756;3.7756;3.7756;3.7756;0
20150124 000000;3.7756;3.7756;3.7756;3.7756;0
20150125 000000;3.7756;3.7756;3.7756;3.7756;0
20150126 000000;3.7493;3.7493;3.7493;3.7493;0
20150127 000000;3.7414;3.7414;3.7414;3.7414;0
20150128 000000;3.7346;3.7346;3.7346;3.7346;0
20150129 000000;3.7405;3.7405;3.7405;3.7405;0
20150130 000000;3.7218;3.7218;3.7218;3.7218;0
20150131 000000;3.7218;3.7218;3.7218;3.7218;0
20150201 000000;3.7218;3.7218;3.7218;3.7218;0
20150202 000000;3.6933;3.6933;3.6933;3.6933;0
20150203 000000;3.6586;3.6586;3.6586;3.6586;0
20150204 000000;3.6351;3.6351;3.6351;3.6351;0
20150205 000000;3.6507;3.6507;3.6507;3.6507;0
20150206 000000;3.6385;3.6385;3.6385;3.6385;0
20150207 000000;3.6385;3.6385;3.6385;3.6385;0
20150208 000000;3.6385;3.6385;3.6385;3.6385;0
20150209 000000;3.7093;3.7093;3.7093;3.7093;0
20150210 000000;3.7185;3.7185;3.7185;3.7185;0
20150211 000000;3.7281;3.7281;3.7281;3.7281;0
20150212 000000;3.7002;3.7002;3.7002;3.7002;0
20150213 000000;3.67;3.67;3.67;3.67;0
20150214 000000;3.67;3.67;3.67;3.67;0
20150215 000000;3.67;3.67;3.67;3.67;0
20150216 000000;3.6669;3.6669;3.6669;3.6669;0
20150217 000000;3.6682;3.6682;3.6682;3.6682;0
20150218 000000;3.6853;3.6853;3.6853;3.6853;0
20150219 000000;3.6616;3.6616;3.6616;3.6616;0
20150220 000000;3.7008;3.7008;3.7008;3.7008;0
20150221 000000;3.7008;3.7008;3.7008;3.7008;0
20150222 000000;3.7008;3.7008;3.7008;3.7008;0
20150223 000000;3.695;3.695;3.695;3.695;0
20150224 000000;3.6778;3.6778;3.6778;3.6778;0
20150225 000000;3.6678;3.6678;3.6678;3.6678;0
20150226 000000;3.6701;3.6701;3.6701;3.6701;0
20150227 000000;3.6943;3.6943;3.6943;3.6943;0
20150228 000000;3.6943;3.6943;3.6943;3.6943;0
20150301 000000;3.6943;3.6943;3.6943;3.6943;0
20150302 000000;3.7021;3.7021;3.7021;3.7021;0
20150303 000000;3.7233;3.7233;3.7233;3.7233;0
20150304 000000;3.7511;3.7511;3.7511;3.7511;0
20150305 000000;3.7399;3.7399;3.7399;3.7399;0
20150306 000000;3.7561;3.7561;3.7561;3.7561;0
20150307 000000;3.7561;3.7561;3.7561;3.7561;0
20150308 000000;3.7561;3.7561;3.7561;3.7561;0
20150309 000000;3.792;3.792;3.792;3.792;0
20150310 000000;3.8525;3.8525;3.8525;3.8525;0
20150311 000000;3.9105;3.9105;3.9105;3.9105;0
20150312 000000;3.8981;3.8981;3.8981;3.8981;0
20150313 000000;3.9292;3.9292;3.9292;3.9292;0
20150314 000000;3.9292;3.9292;3.9292;3.9292;0
20150315 000000;3.9292;3.9292;3.9292;3.9292;0
20150316 000000;3.9103;3.9103;3.9103;3.9103;0
20150317 000000;3.8921;3.8921;3.8921;3.8921;0
20150318 000000;3.9148;3.9148;3.9148;3.9148;0
20150319 000000;3.867;3.867;3.867;3.867;0
20150320 000000;3.83;3.83;3.83;3.83;0
20150321 000000;3.83;3.83;3.83;3.83;0
20150322 000000;3.83;3.83;3.83;3.83;0
20150323 000000;3.777;3.777;3.777;3.777;0
20150324 000000;3.7563;3.7563;3.7563;3.7563;0
20150325 000000;3.7194;3.7194;3.7194;3.7194;0
20150326 000000;3.7148;3.7148;3.7148;3.7148;0
20150327 000000;3.7747;3.7747;3.7747;3.7747;0
20150328 000000;3.7747;3.7747;3.7747;3.7747;0
20150329 000000;3.7747;3.7747;3.7747;3.7747;0
20150330 000000;3.7748;3.7748;3.7748;3.7748;0
20150331 000000;3.7972;3.7972;3.7972;3.7972;0
20150401 000000;3.7757;3.7757;3.7757;3.7757;0
20150402 000000;3.7532;3.7532;3.7532;3.7532;0
20150403 000000;3.7532;3.7532;3.7532;3.7532;0
20150404 000000;3.7532;3.7532;3.7532;3.7532;0
20150405 000000;3.7532;3.7532;3.7532;3.7532;0
20150406 000000;3.7532;3.7532;3.7532;3.7532;0
20150407 000000;3.7409;3.7409;3.7409;3.7409;0
20150408 000000;3.6983;3.6983;3.6983;3.6983;0
20150409 000000;3.7281;3.7281;3.7281;3.7281;0
20150410 000000;3.8014;3.8014;3.8014;3.8014;0
20150411 000000;3.8014;3.8014;3.8014;3.8014;0
20150412 000000;3.8014;3.8014;3.8014;3.8014;0
20150413 000000;3.8036;3.8036;3.8036;3.8036;0
20150414 000000;3.7964;3.7964;3.7964;3.7964;0
20150415 000000;3.7979;3.7979;3.7979;3.7979;0
20150416 000000;3.7634;3.7634;3.7634;3.7634;0
20150417 000000;3.7162;3.7162;3.7162;3.7162;0
20150418 000000;3.7162;3.7162;3.7162;3.7162;0
20150419 000000;3.7162;3.7162;3.7162;3.7162;0
20150420 000000;3.7201;3.7201;3.7201;3.7201;0
20150421 000000;3.7087;3.7087;3.7087;3.7087;0
20150422 000000;3.7254;3.7254;3.7254;3.7254;0
20150423 000000;3.7305;3.7305;3.7305;3.7305;0
20150424 000000;3.7076;3.7076;3.7076;3.7076;0
20150425 000000;3.7076;3.7076;3.7076;3.7076;0
20150426 000000;3.7076;3.7076;3.7076;3.7076;0
20150427 000000;3.6996;3.6996;3.6996;3.6996;0
20150428 000000;3.662;3.662;3.662;3.662;0
20150429 000000;3.6466;3.6466;3.6466;3.6466;0
20150430 000000;3.5889;3.5889;3.5889;3.5889;0
20150501 000000;3.5889;3.5889;3.5889;3.5889;0
20150502 000000;3.5889;3.5889;3.5889;3.5889;0
20150503 000000;3.5889;3.5889;3.5889;3.5889;0
20150504 000000;3.6298;3.6298;3.6298;3.6298;0
20150505 000000;3.6145;3.6145;3.6145;3.6145;0
20150506 000000;3.6049;3.6049;3.6049;3.6049;0
20150507 000000;3.579;3.579;3.579;3.579;0
20150508 000000;3.6253;3.6253;3.6253;3.6253;0
20150509 000000;3.6253;3.6253;3.6253;3.6253;0
20150510 000000;3.6253;3.6253;3.6253;3.6253;0
20150511 000000;3.65;3.65;3.65;3.65;0
20150512 000000;3.6505;3.6505;3.6505;3.6505;0
20150513 000000;3.6425;3.6425;3.6425;3.6425;0
20150514 000000;3.5754;3.5754;3.5754;3.5754;0
20150515 000000;3.5692;3.5692;3.5692;3.5692;0
20150516 000000;3.5692;3.5692;3.5692;3.5692;0
20150517 000000;3.5692;3.5692;3.5692;3.5692;0
20150518 000000;3.5662;3.5662;3.5662;3.5662;0
20150519 000000;3.6213;3.6213;3.6213;3.6213;0
20150520 000000;3.6565;3.6565;3.6565;3.6565;0
20150521 000000;3.6791;3.6791;3.6791;3.6791;0
20150522 000000;3.6728;3.6728;3.6728;3.6728;0
20150523 000000;3.6728;3.6728;3.6728;3.6728;0
20150524 000000;3.6728;3.6728;3.6728;3.6728;0
20150525 000000;3.7416;3.7416;3.7416;3.7416;0
20150526 000000;3.7883;3.7883;3.7883;3.7883;0
20150527 000000;3.8051;3.8051;3.8051;3.8051;0
20150528 000000;3.7894;3.7894;3.7894;3.7894;0
20150529 000000;3.7646;3.7646;3.7646;3.7646;0
20150530 000000;3.7646;3.7646;3.7646;3.7646;0
20150531 000000;3.7646;3.7646;3.7646;3.7646;0
20150601 000000;3.777;3.777;3.777;3.777;0
20150602 000000;3.7436;3.7436;3.7436;3.7436;0
20150603 000000;3.7059;3.7059;3.7059;3.7059;0
20150604 000000;3.684;3.684;3.684;3.684;0
20150605 000000;3.6942;3.6942;3.6942;3.6942;0
20150606 000000;3.6942;3.6942;3.6942;3.6942;0
20150607 000000;3.6942;3.6942;3.6942;3.6942;0
20150608 000000;3.7225;3.7225;3.7225;3.7225;0
20150609 000000;3.7032;3.7032;3.7032;3.7032;0
20150610 000000;3.6794;3.6794;3.6794;3.6794;0
20150611 000000;3.6863;3.6863;3.6863;3.6863;0
20150612 000000;3.6985;3.6985;3.6985;3.6985;0
20150613 000000;3.6985;3.6985;3.6985;3.6985;0
20150614 000000;3.6985;3.6985;3.6985;3.6985;0
20150615 000000;3.7059;3.7059;3.7059;3.7059;0
20150616 000000;3.6958;3.6958;3.6958;3.6958;0
20150617 000000;3.6861;3.6861;3.6861;3.6861;0
20150618 000000;3.6537;3.6537;3.6537;3.6537;0
20150619 000000;3.6932;3.6932;3.6932;3.6932;0
20150620 000000;3.6932;3.6932;3.6932;3.6932;0
20150621 000000;3.6932;3.6932;3.6932;3.6932;0
20150622 000000;3.669;3.669;3.669;3.669;0
20150623 000000;3.7216;3.7216;3.7216;3.7216;0
20150624 000000;3.7163;3.7163;3.7163;3.7163;0
20150625 000000;3.7236;3.7236;3.7236;3.7236;0
20150626 000000;3.7276;3.7276;3.7276;3.7276;0
20150627 000000;3.7276;3.7276;3.7276;3.7276;0
20150628 000000;3.7276;3.7276;3.7276;3.7276;0
20150629 000000;3.763;3.763;3.763;3.763;0
20150630 000000;3.7457;3.7457;3.7457;3.7457;0
20150701 000000;3.7749;3.7749;3.7749;3.7749;0
20150702 000000;3.7888;3.7888;3.7888;3.7888;0
20150703 000000;3.7811;3.7811;3.7811;3.7811;0
20150704 000000;3.7811;3.7811;3.7811;3.7811;0
20150705 000000;3.7811;3.7811;3.7811;3.7811;0
20150706 000000;3.8159;3.8159;3.8159;3.8159;0
20150707 000000;3.8376;3.8376;3.8376;3.8376;0
20150708 000000;3.8314;3.8314;3.8314;3.8314;0
20150709 000000;3.8115;3.8115;3.8115;3.8115;0
20150710 000000;3.7332;3.7332;3.7332;3.7332;0
20150711 000000;3.7332;3.7332;3.7332;3.7332;0
20150712 000000;3.7332;3.7332;3.7332;3.7332;0
20150713 000000;3.7532;3.7532;3.7532;3.7532;0
20150714 000000;3.7621;3.7621;3.7621;3.7621;0
20150715 000000;3.7506;3.7506;3.7506;3.7506;0
20150716 000000;3.7806;3.7806;3.7806;3.7806;0
20150717 000000;3.7701;3.7701;3.7701;3.7701;0
20150718 000000;3.7701;3.7701;3.7701;3.7701;0
20150719 000000;3.7701;3.7701;3.7701;3.7701;0
20150720 000000;3.794;3.794;3.794;3.794;0
20150721 000000;3.7856;3.7856;3.7856;3.7856;0
20150722 000000;3.7799;3.7799;3.7799;3.7799;0
20150723 000000;3.7484;3.7484;3.7484;3.7484;0
20150724 000000;3.7742;3.7742;3.7742;3.7742;0
20150725 000000;3.7742;3.7742;3.7742;3.7742;0
20150726 000000;3.7742;3.7742;3.7742;3.7742;0
20150727 000000;3.7335;3.7335;3.7335;3.7335;0
20150728 000000;3.7384;3.7384;3.7384;3.7384;0
20150729 000000;3.7527;3.7527;3.7527;3.7527;0
20150730 000000;3.7815;3.7815;3.7815;3.7815;0
20150731 000000;3.7782;3.7782;3.7782;3.7782;0
20150801 000000;3.7782;3.7782;3.7782;3.7782;0
20150802 000000;3.7782;3.7782;3.7782;3.7782;0
20150803 000000;3.7894;3.7894;3.7894;3.7894;0
20150804 000000;3.7818;3.7818;3.7818;3.7818;0
20150805 000000;3.8314;3.8314;3.8314;3.8314;0
20150806 000000;3.8444;3.8444;3.8444;3.8444;0
20150807 000000;3.8253;3.8253;3.8253;3.8253;0
20150808 000000;3.8253;3.8253;3.8253;3.8253;0
20150809 000000;3.8253;3.8253;3.8253;3.8253;0
20150810 000000;3.8292;3.8292;3.8292;3.8292;0
20150811 000000;3.7967;3.7967;3.7967;3.7967;0
20150812 000000;3.7552;3.7552;3.7552;3.7552;0
20150813 000000;3.7701;3.7701;3.7701;3.7701;0
20150814 000000;3.7474;3.7474;3.7474;3.7474;0
20150815 000000;3.7474;3.7474;3.7474;3.7474;0
20150816 000000;3.7474;3.7474;3.7474;3.7474;0
20150817 000000;3.7575;3.7575;3.7575;3.7575;0
20150818 000000;3.7637;3.7637;3.7637;3.7637;0
20150819 000000;3.7796;3.7796;3.7796;3.7796;0
20150820 000000;3.7471;3.7471;3.7471;3.7471;0
20150821 000000;3.7264;3.7264;3.7264;3.7264;0
20150822 000000;3.7264;3.7264;3.7264;3.7264;0
20150823 000000;3.7264;3.7264;3.7264;3.7264;0
20150824 000000;3.6904;3.6904;3.6904;3.6904;0
20150825 000000;3.6713;3.6713;3.6713;3.6713;0
20150826 000000;3.7108;3.7108;3.7108;3.7108;0
20150827 000000;3.7537;3.7537;3.7537;3.7537;0
20150828 000000;3.7633;3.7633;3.7633;3.7633;0
20150829 000000;3.7633;3.7633;3.7633;3.7633;0
20150830 000000;3.7633;3.7633;3.7633;3.7633;0
20150831 000000;3.7708;3.7708;3.7708;3.7708;0
20150901 000000;3.7714;3.7714;3.7714;3.7714;0
20150902 000000;3.7636;3.7636;3.7636;3.7636;0
20150903 000000;3.7697;3.7697;3.7697;3.7697;0
20150904 000000;3.7961;3.7961;3.7961;3.7961;0
20150905 000000;3.7961;3.7961;3.7961;3.7961;0
20150906 000000;3.7961;3.7961;3.7961;3.7961;0
20150907 000000;3.7949;3.7949;3.7949;3.7949;0
20150908 000000;3.7868;3.7868;3.7868;3.7868;0
20150909 000000;3.7766;3.7766;3.7766;3.7766;0
20150910 000000;3.7662;3.7662;3.7662;3.7662;0
20150911 000000;3.7345;3.7345;3.7345;3.7345;0
20150912 000000;3.7345;3.7345;3.7345;3.7345;0
20150913 000000;3.7345;3.7345;3.7345;3.7345;0
20150914 000000;3.7238;3.7238;3.7238;3.7238;0
20150915 000000;3.7112;3.7112;3.7112;3.7112;0
20150916 000000;3.738;3.738;3.738;3.738;0
20150917 000000;3.7161;3.7161;3.7161;3.7161;0
20150918 000000;3.6807;3.6807;3.6807;3.6807;0
20150919 000000;3.6807;3.6807;3.6807;3.6807;0
20150920 000000;3.6807;3.6807;3.6807;3.6807;0
20150921 000000;3.7214;3.7214;3.7214;3.7214;0
20150922 000000;3.7624;3.7624;3.7624;3.7624;0
20150923 000000;3.77;3.77;3.77;3.77;0
20150924 000000;3.763;3.763;3.763;3.763;0
20150925 000000;3.786;3.786;3.786;3.786;0
20150926 000000;3.786;3.786;3.786;3.786;0
20150927 000000;3.786;3.786;3.786;3.786;0
20150928 000000;3.7908;3.7908;3.7908;3.7908;0
20150929 000000;3.7804;3.7804;3.7804;3.7804;0
20150930 000000;3.789;3.789;3.789;3.789;0
20151001 000000;3.807;3.807;3.807;3.807;0
20151002 000000;3.8039;3.8039;3.8039;3.8039;0
20151003 000000;3.8039;3.8039;3.8039;3.8039;0
20151004 000000;3.8039;3.8039;3.8039;3.8039;0
20151005 000000;3.7779;3.7779;3.7779;3.7779;0
20151006 000000;3.7854;3.7854;3.7854;3.7854;0
20151007 000000;3.7547;3.7547;3.7547;3.7547;0
20151008 000000;3.7605;3.7605;3.7605;3.7605;0
20151009 000000;3.7115;3.7115;3.7115;3.7115;0
20151010 000000;3.7115;3.7115;3.7115;3.7115;0
20151011 000000;3.7115;3.7115;3.7115;3.7115;0
20151012 000000;3.7146;3.7146;3.7146;3.7146;0
20151013 000000;3.727;3.727;3.727;3.727;0
20151014 000000;3.7141;3.7141;3.7141;3.7141;0
20151015 000000;3.6971;3.6971;3.6971;3.6971;0
20151016 000000;3.7309;3.7309;3.7309;3.7309;0
20151017 000000;3.7309;3.7309;3.7309;3.7309;0
20151018 000000;3.7309;3.7309;3.7309;3.7309;0
20151019 000000;3.7384;3.7384;3.7384;3.7384;0
20151020 000000;3.7339;3.7339;3.7339;3.7339;0
20151021 000000;3.7658;3.7658;3.7658;3.7658;0
20151022 000000;3.7876;3.7876;3.7876;3.7876;0
20151023 000000;3.837;3.837;3.837;3.837;0
20151024 000000;3.837;3.837;3.837;3.837;0
20151025 000000;3.837;3.837;3.837;3.837;0
20151026 000000;3.8759;3.8759;3.8759;3.8759;0
20151027 000000;3.8802;3.8802;3.8802;3.8802;0
20151028 000000;3.8733;3.8733;3.8733;3.8733;0
20151029 000000;3.9066;3.9066;3.9066;3.9066;0
20151030 000000;3.8707;3.8707;3.8707;3.8707;0
20151031 000000;3.8707;3.8707;3.8707;3.8707;0
20151101 000000;3.8707;3.8707;3.8707;3.8707;0
20151102 000000;3.8553;3.8553;3.8553;3.8553;0
20151103 000000;3.8757;3.8757;3.8757;3.8757;0
20151104 000000;3.8754;3.8754;3.8754;3.8754;0
20151105 000000;3.8952;3.8952;3.8952;3.8952;0
20151106 000000;3.9161;3.9161;3.9161;3.9161;0
20151107 000000;3.9161;3.9161;3.9161;3.9161;0
20151108 000000;3.9161;3.9161;3.9161;3.9161;0
20151109 000000;3.956;3.956;3.956;3.956;0
20151110 000000;3.9615;3.9615;3.9615;3.9615;0
20151111 000000;3.9394;3.9394;3.9394;3.9394;0
20151112 000000;3.9409;3.9409;3.9409;3.9409;0
20151113 000000;3.9418;3.9418;3.9418;3.9418;0
20151114 000000;3.9418;3.9418;3.9418;3.9418;0
20151115 000000;3.9418;3.9418;3.9418;3.9418;0
20151116 000000;3.9549;3.9549;3.9549;3.9549;0
20151117 000000;3.9808;3.9808;3.9808;3.9808;0
20151118 000000;3.9884;3.9884;3.9884;3.9884;0
20151119 000000;3.9768;3.9768;3.9768;3.9768;0
20151120 000000;3.9681;3.9681;3.9681;3.9681;0
20151121 000000;3.9681;3.9681;3.9681;3.9681;0
20151122 000000;3.9681;3.9681;3.9681;3.9681;0
20151123 000000;3.9886;3.9886;3.9886;3.9886;0
20151124 000000;4.0003;4.0003;4.0003;4.0003;0
20151125 000000;4.0245;4.0245;4.0245;4.0245;0
20151126 000000;4.026;4.026;4.026;4.026;0
20151127 000000;4.0294;4.0294;4.0294;4.0294;0
20151128 000000;4.0294;4.0294;4.0294;4.0294;0
20151129 000000;4.0294;4.0294;4.0294;4.0294;0
20151130 000000;4.0383;4.0383;4.0383;4.0383;0
20151201 000000;4.0263;4.0263;4.0263;4.0263;0
20151202 000000;4.0264;4.0264;4.0264;4.0264;0
20151203 000000;4.0164;4.0164;4.0164;4.0164;0
20151204 000000;3.9562;3.9562;3.9562;3.9562;0
20151205 000000;3.9562;3.9562;3.9562;3.9562;0
20151206 000000;3.9562;3.9562;3.9562;3.9562;0
20151207 000000;3.9905;3.9905;3.9905;3.9905;0
20151208 000000;3.9869;3.9869;3.9869;3.9869;0
20151209 000000;3.9671;3.9671;3.9671;3.9671;0
20151210 000000;3.965;3.965;3.965;3.965;0
20151211 000000;3.9686;3.9686;3.9686;3.9686;0
20151212 000000;3.9686;3.9686;3.9686;3.9686;0
20151213 000000;3.9686;3.9686;3.9686;3.9686;0
20151214 000000;3.9751;3.9751;3.9751;3.9751;0
20151215 000000;3.9615;3.9615;3.9615;3.9615;0
20151216 000000;3.9501;3.9501;3.9501;3.9501;0
20151217 000000;3.9626;3.9626;3.9626;3.9626;0
20151218 000000;3.9504;3.9504;3.9504;3.9504;0
20151219 000000;3.9504;3.9504;3.9504;3.9504;0
20151220 000000;3.9504;3.9504;3.9504;3.9504;0
20151221 000000;3.9008;3.9008;3.9008;3.9008;0
20151222 000000;3.8693;3.8693;3.8693;3.8693;0
20151223 000000;3.8905;3.8905;3.8905;3.8905;0
20151224 000000;3.8743;3.8743;3.8743;3.8743;0
20151225 000000;3.8743;3.8743;3.8743;3.8743;0
20151226 000000;3.8743;3.8743;3.8743;3.8743;0
20151227 000000;3.8743;3.8743;3.8743;3.8743;0
20151228 000000;3.8729;3.8729;3.8729;3.8729;0
20151229 000000;3.8682;3.8682;3.8682;3.8682;0
20151230 000000;3.8807;3.8807;3.8807;3.8807;0
20151231 000000;3.9165;3.9165;3.9165;3.9165;0
20160101 000000;3.9165;3.9165;3.9165;3.9165;0
20160102 000000;3.9165;3.9165;3.9165;3.9165;0
20160103 000000;3.9165;3.9165;3.9165;3.9165;0
20160104 000000;3.9415;3.9415;3.9415;3.9415;0
20160105 000000;4.0093;4.0093;4.0093;4.0093;0
20160106 000000;4.0378;4.0378;4.0378;4.0378;0
20160107 000000;4.0037;4.0037;4.0037;4.0037;0
20160108 000000;4.0073;4.0073;4.0073;4.0073;0
20160109 000000;4.0073;4.0073;4.0073;4.0073;0
20160110 000000;4.0073;4.0073;4.0073;4.0073;0
20160111 000000;4.0086;4.0086;4.0086;4.0086;0
20160112 000000;4.0207;4.0207;4.0207;4.0207;0
20160113 000000;4.0179;4.0179;4.0179;4.0179;0
20160114 000000;4.0145;4.0145;4.0145;4.0145;0
20160115 000000;4.0433;4.0433;4.0433;4.0433;0
20160116 000000;4.0433;4.0433;4.0433;4.0433;0
20160117 000000;4.0433;4.0433;4.0433;4.0433;0
20160118 000000;4.0953;4.0953;4.0953;4.0953;0
20160119 000000;4.0839;4.0839;4.0839;4.0839;0
20160120 000000;4.0985;4.0985;4.0985;4.0985;0
20160121 000000;4.1259;4.1259;4.1259;4.1259;0
20160122 000000;4.1254;4.1254;4.1254;4.1254;0
20160123 000000;4.1254;4.1254;4.1254;4.1254;0
20160124 000000;4.1254;4.1254;4.1254;4.1254;0
20160125 000000;4.1322;4.1322;4.1322;4.1322;0
20160126 000000;4.1471;4.1471;4.1471;4.1471;0
20160127 000000;4.1064;4.1064;4.1064;4.1064;0
20160128 000000;4.0846;4.0846;4.0846;4.0846;0
20160129 000000;4.0658;4.0658;4.0658;4.0658;0
20160130 000000;4.0658;4.0658;4.0658;4.0658;0
20160131 000000;4.0658;4.0658;4.0658;4.0658;0
20160201 000000;4.0382;4.0382;4.0382;4.0382;0
20160202 000000;4.0347;4.0347;4.0347;4.0347;0
20160203 000000;4.0229;4.0229;4.0229;4.0229;0
20160204 000000;3.94;3.94;3.94;3.94;0
20160205 000000;3.9398;3.9398;3.9398;3.9398;0
20160206 000000;3.9398;3.9398;3.9398;3.9398;0
20160207 000000;3.9398;3.9398;3.9398;3.9398;0
20160208 000000;3.9953;3.9953;3.9953;3.9953;0
20160209 000000;3.9632;3.9632;3.9632;3.9632;0
20160210 000000;3.9344;3.9344;3.9344;3.9344;0
20160211 000000;3.9204;3.9204;3.9204;3.9204;0
20160212 000000;3.9121;3.9121;3.9121;3.9121;0
20160213 000000;3.9121;3.9121;3.9121;3.9121;0
20160214 000000;3.9121;3.9121;3.9121;3.9121;0
20160215 000000;3.9307;3.9307;3.9307;3.9307;0
20160216 000000;3.9461;3.9461;3.9461;3.9461;0
20160217 000000;3.9493;3.9493;3.9493;3.9493;0
20160218 000000;3.9532;3.9532;3.9532;3.9532;0
20160219 000000;3.9453;3.9453;3.9453;3.9453;0
20160220 000000;3.9453;3.9453;3.9453;3.9453;0
20160221 000000;3.9453;3.9453;3.9453;3.9453;0
20160222 000000;3.9585;3.9585;3.9585;3.9585;0
20160223 000000;3.9691;3.9691;3.9691;3.9691;0
20160224 000000;3.9778;3.9778;3.9778;3.9778;0
20160225 000000;3.9522;3.9522;3.9522;3.9522;0
20160226 000000;3.9643;3.9643;3.9643;3.9643;0
20160227 000000;3.9643;3.9643;3.9643;3.9643;0
20160228 000000;3.9643;3.9643;3.9643;3.9643;0
20160229 000000;3.9992;3.9992;3.9992;3.9992;0
20160301 000000;3.9982;3.9982;3.9982;3.9982;0
20160302 000000;3.9883;3.9883;3.9883;3.9883;0
20160303 000000;3.9757;3.9757;3.9757;3.9757;0
20160304 000000;3.9483;3.9483;3.9483;3.9483;0
20160305 000000;3.9483;3.9483;3.9483;3.9483;0
20160306 000000;3.9483;3.9483;3.9483;3.9483;0
20160307 000000;3.9513;3.9513;3.9513;3.9513;0
20160308 000000;3.9241;3.9241;3.9241;3.9241;0
20160309 000000;3.9323;3.9323;3.9323;3.9323;0
20160310 000000;3.9533;3.9533;3.9533;3.9533;0
20160311 000000;3.8863;3.8863;3.8863;3.8863;0
20160312 000000;3.8863;3.8863;3.8863;3.8863;0
20160313 000000;3.8863;3.8863;3.8863;3.8863;0
20160314 000000;3.8526;3.8526;3.8526;3.8526;0
20160315 000000;3.8607;3.8607;3.8607;3.8607;0
20160316 000000;3.8886;3.8886;3.8886;3.8886;0
20160317 000000;3.7923;3.7923;3.7923;3.7923;0
20160318 000000;3.7791;3.7791;3.7791;3.7791;0
20160319 000000;3.7791;3.7791;3.7791;3.7791;0
20160320 000000;3.7791;3.7791;3.7791;3.7791;0
20160321 000000;3.7779;3.7779;3.7779;3.7779;0
20160322 000000;3.8006;3.8006;3.8006;3.8006;0
20160323 000000;3.8101;3.8101;3.8101;3.8101;0
20160324 000000;3.8361;3.8361;3.8361;3.8361;0
20160325 000000;3.8361;3.8361;3.8361;3.8361;0
20160326 000000;3.8361;3.8361;3.8361;3.8361;0
20160327 000000;3.8361;3.8361;3.8361;3.8361;0
20160328 000000;3.8361;3.8361;3.8361;3.8361;0
20160329 000000;3.7965;3.7965;3.7965;3.7965;0
20160330 000000;3.7564;3.7564;3.7564;3.7564;0
20160331 000000;3.7397;3.7397;3.7397;3.7397;0
20160401 000000;3.7124;3.7124;3.7124;3.7124;0
20160402 000000;3.7124;3.7124;3.7124;3.7124;0
20160403 000000;3.7124;3.7124;3.7124;3.7124;0
20160404 000000;3.7206;3.7206;3.7206;3.7206;0
20160405 000000;3.7343;3.7343;3.7343;3.7343;0
20160406 000000;3.7611;3.7611;3.7611;3.7611;0
20160407 000000;3.7692;3.7692;3.7692;3.7692;0
20160408 000000;3.7801;3.7801;3.7801;3.7801;0
20160409 000000;3.7801;3.7801;3.7801;3.7801;0
20160410 000000;3.7801;3.7801;3.7801;3.7801;0
20160411 000000;3.7571;3.7571;3.7571;3.7571;0
20160412 000000;3.7665;3.7665;3.7665;3.7665;0
20160413 000000;3.7944;3.7944;3.7944;3.7944;0
20160414 000000;3.8208;3.8208;3.8208;3.8208;0
20160415 000000;3.8078;3.8078;3.8078;3.8078;0
20160416 000000;3.8078;3.8078;3.8078;3.8078;0
20160417 000000;3.8078;3.8078;3.8078;3.8078;0
20160418 000000;3.8085;3.8085;3.8085;3.8085;0
20160419 000000;3.7933;3.7933;3.7933;3.7933;0
20160420 000000;3.7679;3.7679;3.7679;3.7679;0
20160421 000000;3.7944;3.7944;3.7944;3.7944;0
20160422 000000;3.8627;3.8627;3.8627;3.8627;0
20160423 000000;3.8627;3.8627;3.8627;3.8627;0
20160424 000000;3.8627;3.8627;3.8627;3.8627;0
20160425 000000;3.8983;3.8983;3.8983;3.8983;0
20160426 000000;3.8805;3.8805;3.8805;3.8805;0
20160427 000000;3.8855;3.8855;3.8855;3.8855;0
20160428 000000;3.8634;3.8634;3.8634;3.8634;0
20160429 000000;3.8556;3.8556;3.8556;3.8556;0
20160430 000000;3.8556;3.8556;3.8556;3.8556;0
20160501 000000;3.8556;3.8556;3.8556;3.8556;0
20160502 000000;3.8139;3.8139;3.8139;3.8139;0
20160503 000000;3.7898;3.7898;3.7898;3.7898;0
20160504 000000;3.8189;3.8189;3.8189;3.8189;0
20160505 000000;3.8669;3.8669;3.8669;3.8669;0
20160506 000000;3.8679;3.8679;3.8679;3.8679;0
20160507 000000;3.8679;3.8679;3.8679;3.8679;0
20160508 000000;3.8679;3.8679;3.8679;3.8679;0
20160509 000000;3.8738;3.8738;3.8738;3.8738;0
20160510 000000;3.8858;3.8858;3.8858;3.8858;0
20160511 000000;3.878;3.878;3.878;3.878;0
20160512 000000;3.8803;3.8803;3.8803;3.8803;0
20160513 000000;3.8711;3.8711;3.8711;3.8711;0
20160514 000000;3.8711;3.8711;3.8711;3.8711;0
20160515 000000;3.8711;3.8711;3.8711;3.8711;0
20160516 000000;3.8606;3.8606;3.8606;3.8606;0
20160517 000000;3.8541;3.8541;3.8541;3.8541;0
20160518 000000;3.8909;3.8909;3.8909;3.8909;0
20160519 000000;3.9232;3.9232;3.9232;3.9232;0
20160520 000000;3.94;3.94;3.94;3.94;0
20160521 000000;3.94;3.94;3.94;3.94;0
20160522 000000;3.94;3.94;3.94;3.94;0
20160523 000000;3.956;3.956;3.956;3.956;0
20160524 000000;3.9719;3.9719;3.9719;3.9719;0
20160525 000000;3.966;3.966;3.966;3.966;0
20160526 000000;3.9495;3.9495;3.9495;3.9495;0
20160527 000000;3.9319;3.9319;3.9319;3.9319;0
20160528 000000;3.9319;3.9319;3.9319;3.9319;0
20160529 000000;3.9319;3.9319;3.9319;3.9319;0
20160530 000000;3.9447;3.9447;3.9447;3.9447;0
20160531 000000;3.9327;3.9327;3.9327;3.9327;0
20160601 000000;3.9357;3.9357;3.9357;3.9357;0
20160602 000000;3.9241;3.9241;3.9241;3.9241;0
20160603 000000;3.9323;3.9323;3.9323;3.9323;0
20160604 000000;3.9323;3.9323;3.9323;3.9323;0
20160605 000000;3.9323;3.9323;3.9323;3.9323;0
20160606 000000;3.8573;3.8573;3.8573;3.8573;0
20160607 000000;3.832;3.832;3.832;3.832;0
20160608 000000;3.7993;3.7993;3.7993;3.7993;0
20160609 000000;3.8192;3.8192;3.8192;3.8192;0
20160610 000000;3.8562;3.8562;3.8562;3.8562;0
20160611 000000;3.8562;3.8562;3.8562;3.8562;0
20160612 000000;3.8562;3.8562;3.8562;3.8562;0
20160613 000000;3.8946;3.8946;3.8946;3.8946;0
20160614 000000;3.9494;3.9494;3.9494;3.9494;0
20160615 000000;3.9287;3.9287;3.9287;3.9287;0
20160616 000000;3.9816;3.9816;3.9816;3.9816;0
20160617 000000;3.9509;3.9509;3.9509;3.9509;0
20160618 000000;3.9509;3.9509;3.9509;3.9509;0
20160619 000000;3.9509;3.9509;3.9509;3.9509;0
20160620 000000;3.8762;3.8762;3.8762;3.8762;0
20160621 000000;3.8882;3.8882;3.8882;3.8882;0
20160622 000000;3.8806;3.8806;3.8806;3.8806;0
20160623 000000;3.8257;3.8257;3.8257;3.8257;0
20160624 000000;4.0258;4.0258;4.0258;4.0258;0
20160625 000000;4.0258;4.0258;4.0258;4.0258;0
20160626 000000;4.0258;4.0258;4.0258;4.0258;0
20160627 000000;4.057;4.057;4.057;4.057;0
20160628 000000;4.0109;4.0109;4.0109;4.0109;0
20160629 000000;3.9911;3.9911;3.9911;3.9911;0
20160630 000000;3.9959;3.9959;3.9959;3.9959;0
20160701 000000;3.9485;3.9485;3.9485;3.9485;0
20160702 000000;3.9485;3.9485;3.9485;3.9485;0
20160703 000000;3.9485;3.9485;3.9485;3.9485;0
20160704 000000;3.9777;3.9777;3.9777;3.9777;0
20160705 000000;3.9886;3.9886;3.9886;3.9886;0
20160706 000000;4.0258;4.0258;4.0258;4.0258;0
20160707 000000;3.9959;3.9959;3.9959;3.9959;0
20160708 000000;3.9998;3.9998;3.9998;3.9998;0
20160709 000000;3.9998;3.9998;3.9998;3.9998;0
20160710 000000;3.9998;3.9998;3.9998;3.9998;0
20160711 000000;4.0013;4.0013;4.0013;4.0013;0
20160712 000000;3.9822;3.9822;3.9822;3.9822;0
20160713 000000;3.979;3.979;3.979;3.979;0
20160714 000000;3.954;3.954;3.954;3.954;0
20160715 000000;3.9629;3.9629;3.9629;3.9629;0
20160716 000000;3.9629;3.9629;3.9629;3.9629;0
20160717 000000;3.9629;3.9629;3.9629;3.9629;0
20160718 000000;3.9632;3.9632;3.9632;3.9632;0
20160719 000000;3.9628;3.9628;3.9628;3.9628;0
20160720 000000;3.9733;3.9733;3.9733;3.9733;0
20160721 000000;3.9666;3.9666;3.9666;3.9666;0
20160722 000000;3.9544;3.9544;3.9544;3.9544;0
20160723 000000;3.9544;3.9544;3.9544;3.9544;0
20160724 000000;3.9544;3.9544;3.9544;3.9544;0
20160725 000000;3.9681;3.9681;3.9681;3.9681;0
20160726 000000;3.9674;3.9674;3.9674;3.9674;0
20160727 000000;3.979;3.979;3.979;3.979;0
20160728 000000;3.9347;3.9347;3.9347;3.9347;0
20160729 000000;3.926;3.926;3.926;3.926;0
20160730 000000;3.926;3.926;3.926;3.926;0
20160731 000000;3.926;3.926;3.926;3.926;0
20160801 000000;3.8973;3.8973;3.8973;3.8973;0
20160802 000000;3.8632;3.8632;3.8632;3.8632;0
20160803 000000;3.8509;3.8509;3.8509;3.8509;0
20160804 000000;3.856;3.856;3.856;3.856;0
20160805 000000;3.8402;3.8402;3.8402;3.8402;0
20160806 000000;3.8402;3.8402;3.8402;3.8402;0
20160807 000000;3.8402;3.8402;3.8402;3.8402;0
20160808 000000;3.8591;3.8591;3.8591;3.8591;0
20160809 000000;3.8517;3.8517;3.8517;3.8517;0
20160810 000000;3.8165;3.8165;3.8165;3.8165;0
20160811 000000;3.82;3.82;3.82;3.82;0
20160812 000000;3.8231;3.8231;3.8231;3.8231;0
20160813 000000;3.8231;3.8231;3.8231;3.8231;0
20160814 000000;3.8231;3.8231;3.8231;3.8231;0
20160815 000000;3.8189;3.8189;3.8189;3.8189;0
20160816 000000;3.7801;3.7801;3.7801;3.7801;0
20160817 000000;3.8052;3.8052;3.8052;3.8052;0
20160818 000000;3.7916;3.7916;3.7916;3.7916;0
20160819 000000;3.7959;3.7959;3.7959;3.7959;0
20160820 000000;3.7959;3.7959;3.7959;3.7959;0
20160821 000000;3.7959;3.7959;3.7959;3.7959;0
20160822 000000;3.805;3.805;3.805;3.805;0
20160823 000000;3.8033;3.8033;3.8033;3.8033;0
20160824 000000;3.8196;3.8196;3.8196;3.8196;0
20160825 000000;3.8196;3.8196;3.8196;3.8196;0
20160826 000000;3.8303;3.8303;3.8303;3.8303;0
20160827 000000;3.8303;3.8303;3.8303;3.8303;0
20160828 000000;3.8303;3.8303;3.8303;3.8303;0
20160829 000000;3.8777;3.8777;3.8777;3.8777;0
20160830 000000;3.8893;3.8893;3.8893;3.8893;0
20160831 000000;3.9106;3.9106;3.9106;3.9106;0
20160901 000000;3.9158;3.9158;3.9158;3.9158;0
20160902 000000;3.9233;3.9233;3.9233;3.9233;0
20160903 000000;3.9233;3.9233;3.9233;3.9233;0
20160904 000000;3.9233;3.9233;3.9233;3.9233;0
20160905 000000;3.9029;3.9029;3.9029;3.9029;0
20160906 000000;3.8882;3.8882;3.8882;3.8882;0
20160907 000000;3.8432;3.8432;3.8432;3.8432;0
20160908 000000;3.8158;3.8158;3.8158;3.8158;0
20160909 000000;3.8467;3.8467;3.8467;3.8467;0
20160910 000000;3.8467;3.8467;3.8467;3.8467;0
20160911 000000;3.8467;3.8467;3.8467;3.8467;0
20160912 000000;3.8744;3.8744;3.8744;3.8744;0
20160913 000000;3.8657;3.8657;3.8657;3.8657;0
20160914 000000;3.8706;3.8706;3.8706;3.8706;0
20160915 000000;3.8434;3.8434;3.8434;3.8434;0
20160916 000000;3.8453;3.8453;3.8453;3.8453;0
20160917 000000;3.8453;3.8453;3.8453;3.8453;0
20160918 000000;3.8453;3.8453;3.8453;3.8453;0
20160919 000000;3.8446;3.8446;3.8446;3.8446;0
20160920 000000;3.8425;3.8425;3.8425;3.8425;0
20160921 000000;3.8489;3.8489;3.8489;3.8489;0
20160922 000000;3.8131;3.8131;3.8131;3.8131;0
20160923 000000;3.8228;3.8228;3.8228;3.8228;0
20160924 000000;3.8228;3.8228;3.8228;3.8228;0
20160925 000000;3.8228;3.8228;3.8228;3.8228;0
20160926 000000;3.8221;3.8221;3.8221;3.8221;0
20160927 000000;3.8224;3.8224;3.8224;3.8224;0
20160928 000000;3.8212;3.8212;3.8212;3.8212;0
20160929 000000;3.8379;3.8379;3.8379;3.8379;0
20160930 000000;3.8699;3.8699;3.8699;3.8699;0
20161001 000000;3.8699;3.8699;3.8699;3.8699;0
20161002 000000;3.8699;3.8699;3.8699;3.8699;0
20161003 000000;3.821;3.821;3.821;3.821;0
20161004 000000;3.847;3.847;3.847;3.847;0
20161005 000000;3.8303;3.8303;3.8303;3.8303;0
20161006 000000;3.838;3.838;3.838;3.838;0
20161007 000000;3.8432;3.8432;3.8432;3.8432;0
20161008 000000;3.8432;3.8432;3.8432;3.8432;0
20161009 000000;3.8432;3.8432;3.8432;3.8432;0
20161010 000000;3.837;3.837;3.837;3.837;0
20161011 000000;3.8552;3.8552;3.8552;3.8552;0
20161012 000000;3.8996;3.8996;3.8996;3.8996;0
20161013 000000;3.8974;3.8974;3.8974;3.8974;0
20161014 000000;3.9102;3.9102;3.9102;3.9102;0
20161015 000000;3.9102;3.9102;3.9102;3.9102;0
20161016 000000;3.9102;3.9102;3.9102;3.9102;0
20161017 000000;3.9368;3.9368;3.9368;3.9368;0
20161018 000000;3.9283;3.9283;3.9283;3.9283;0
20161019 000000;3.933;3.933;3.933;3.933;0
20161020 000000;3.9419;3.9419;3.9419;3.9419;0
20161021 000000;3.9731;3.9731;3.9731;3.9731;0
20161022 000000;3.9731;3.9731;3.9731;3.9731;0
20161023 000000;3.9731;3.9731;3.9731;3.9731;0
20161024 000000;3.9635;3.9635;3.9635;3.9635;0
20161025 000000;3.959;3.959;3.959;3.959;0
20161026 000000;3.9584;3.9584;3.9584;3.9584;0
20161027 000000;3.9619;3.9619;3.9619;3.9619;0
20161028 000000;3.9651;3.9651;3.9651;3.9651;0
20161029 000000;3.9651;3.9651;3.9651;3.9651;0
20161030 000000;3.9651;3.9651;3.9651;3.9651;0
20161031 000000;3.9538;3.9538;3.9538;3.9538;0
20161101 000000;3.9079;3.9079;3.9079;3.9079;0
20161102 000000;3.8986;3.8986;3.8986;3.8986;0
20161103 000000;3.9033;3.9033;3.9033;3.9033;0
20161104 000000;3.8933;3.8933;3.8933;3.8933;0
20161105 000000;3.8933;3.8933;3.8933;3.8933;0
20161106 000000;3.8933;3.8933;3.8933;3.8933;0
20161107 000000;3.9144;3.9144;3.9144;3.9144;0
20161108 000000;3.9213;3.9213;3.9213;3.9213;0
20161109 000000;3.9365;3.9365;3.9365;3.9365;0
20161110 000000;4.0007;4.0007;4.0007;4.0007;0
20161111 000000;4.0426;4.0426;4.0426;4.0426;0
20161112 000000;4.0426;4.0426;4.0426;4.0426;0
20161113 000000;4.0426;4.0426;4.0426;4.0426;0
20161114 000000;4.0883;4.0883;4.0883;4.0883;0
20161115 000000;4.1101;4.1101;4.1101;4.1101;0
20161116 000000;4.1518;4.1518;4.1518;4.1518;0
20161117 000000;4.1474;4.1474;4.1474;4.1474;0
20161118 000000;4.18;4.18;4.18;4.18;0
20161119 000000;4.18;4.18;4.18;4.18;0
20161120 000000;4.18;4.18;4.18;4.18;0
20161121 000000;4.1677;4.1677;4.1677;4.1677;0
20161122 000000;4.1636;4.1636;4.1636;4.1636;0
20161123 000000;4.1647;4.1647;4.1647;4.1647;0
20161124 000000;4.1941;4.1941;4.1941;4.1941;0
20161125 000000;4.172;4.172;4.172;4.172;0
20161126 000000;4.172;4.172;4.172;4.172;0
20161127 000000;4.172;4.172;4.172;4.172;0
20161128 000000;4.174;4.174;4.174;4.174;0
20161129 000000;4.1886;4.1886;4.1886;4.1886;0
20161130 000000;4.1827;4.1827;4.1827;4.1827;0
20161201 000000;4.204;4.204;4.204;4.204;0
20161202 000000;4.2184;4.2184;4.2184;4.2184;0
20161203 000000;4.2184;4.2184;4.2184;4.2184;0
20161204 000000;4.2184;4.2184;4.2184;4.2184;0
20161205 000000;4.2053;4.2053;4.2053;4.2053;0
20161206 000000;4.1718;4.1718;4.1718;4.1718;0
20161207 000000;4.1267;4.1267;4.1267;4.1267;0
20161208 000000;4.1386;4.1386;4.1386;4.1386;0
20161209 000000;4.2101;4.2101;4.2101;4.2101;0
20161210 000000;4.2101;4.2101;4.2101;4.2101;0
20161211 000000;4.2101;4.2101;4.2101;4.2101;0
20161212 000000;4.2025;4.2025;4.2025;4.2025;0
20161213 000000;4.1887;4.1887;4.1887;4.1887;0
20161214 000000;4.1716;4.1716;4.1716;4.1716;0
20161215 000000;4.2662;4.2662;4.2662;4.2662;0
20161216 000000;4.2341;4.2341;4.2341;4.2341;0
20161217 000000;4.2341;4.2341;4.2341;4.2341;0
20161218 000000;4.2341;4.2341;4.2341;4.2341;0
20161219 000000;4.2324;4.2324;4.2324;4.2324;0
20161220 000000;4.2546;4.2546;4.2546;4.2546;0
20161221 000000;4.2301;4.2301;4.2301;4.2301;0
20161222 000000;4.2221;4.2221;4.2221;4.2221;0
20161223 000000;4.2215;4.2215;4.2215;4.2215;0
20161224 000000;4.2215;4.2215;4.2215;4.2215;0
20161225 000000;4.2215;4.2215;4.2215;4.2215;0
20161226 000000;4.2215;4.2215;4.2215;4.2215;0
20161227 000000;4.2212;4.2212;4.2212;4.2212;0
20161228 000000;4.2331;4.2331;4.2331;4.2331;0
20161229 000000;4.2228;4.2228;4.2228;4.2228;0
20161230 000000;4.1839;4.1839;4.1839;4.1839;0
20161231 000000;4.1839;4.1839;4.1839;4.1839;0
20170101 000000;4.1839;4.1839;4.1839;4.1839;0
20170102 000000;4.2162;4.2162;4.2162;4.2162;0
20170103 000000;4.2305;4.2305;4.2305;4.2305;0
20170104 000000;4.1945;4.1945;4.1945;4.1945;0
20170105 000000;4.1596;4.1596;4.1596;4.1596;0
20170106 000000;4.1129;4.1129;4.1129;4.1129;0
20170107 000000;4.1129;4.1129;4.1129;4.1129;0
20170108 000000;4.1129;4.1129;4.1129;4.1129;0
20170109 000000;4.1629;4.1629;4.1629;4.1629;0
20170110 000000;4.1375;4.1375;4.1375;4.1375;0
20170111 000000;4.161;4.161;4.161;4.161;0
20170112 000000;4.0982;4.0982;4.0982;4.0982;0
20170113 000000;4.1027;4.1027;4.1027;4.1027;0
20170114 000000;4.1027;4.1027;4.1027;4.1027;0
20170115 000000;4.1027;4.1027;4.1027;4.1027;0
20170116 000000;4.1277;4.1277;4.1277;4.1277;0
20170117 000000;4.0896;4.0896;4.0896;4.0896;0
20170118 000000;4.0954;4.0954;4.0954;4.0954;0
20170119 000000;4.099;4.099;4.099;4.099;0
20170120 000000;4.1101;4.1101;4.1101;4.1101;0
20170121 000000;4.1101;4.1101;4.1101;4.1101;0
20170122 000000;4.1101;4.1101;4.1101;4.1101;0
20170123 000000;4.0802;4.0802;4.0802;4.0802;0
20170124 000000;4.0682;4.0682;4.0682;4.0682;0
20170125 000000;4.0623;4.0623;4.0623;4.0623;0
20170126 000000;4.0593;4.0593;4.0593;4.0593;0
20170127 000000;4.0633;4.0633;4.0633;4.0633;0
20170128 000000;4.0633;4.0633;4.0633;4.0633;0
20170129 000000;4.0633;4.0633;4.0633;4.0633;0
20170130 000000;4.0743;4.0743;4.0743;4.0743;0
20170131 000000;4.0204;4.0204;4.0204;4.0204;0
20170201 000000;4.0024;4.0024;4.0024;4.0024;0
20170202 000000;3.9851;3.9851;3.9851;3.9851;0
20170203 000000;4.0007;4.0007;4.0007;4.0007;0
20170204 000000;4.0007;4.0007;4.0007;4.0007;0
20170205 000000;4.0007;4.0007;4.0007;4.0007;0
20170206 000000;3.9924;3.9924;3.9924;3.9924;0
20170207 000000;4.0314;4.0314;4.0314;4.0314;0
20170208 000000;4.0429;4.0429;4.0429;4.0429;0
20170209 000000;4.0307;4.0307;4.0307;4.0307;0
20170210 000000;4.0411;4.0411;4.0411;4.0411;0
20170211 000000;4.0411;4.0411;4.0411;4.0411;0
20170212 000000;4.0411;4.0411;4.0411;4.0411;0
20170213 000000;4.0584;4.0584;4.0584;4.0584;0
20170214 000000;4.049;4.049;4.049;4.049;0
20170215 000000;4.0753;4.0753;4.0753;4.0753;0
20170216 000000;4.0533;4.0533;4.0533;4.0533;0
20170217 000000;4.0662;4.0662;4.0662;4.0662;0
20170218 000000;4.0662;4.0662;4.0662;4.0662;0
20170219 000000;4.0662;4.0662;4.0662;4.0662;0
20170220 000000;4.0737;4.0737;4.0737;4.0737;0
20170221 000000;4.0869;4.0869;4.0869;4.0869;0
20170222 000000;4.0889;4.0889;4.0889;4.0889;0
20170223 000000;4.0745;4.0745;4.0745;4.0745;0
20170224 000000;4.0632;4.0632;4.0632;4.0632;0
20170225 000000;4.0632;4.0632;4.0632;4.0632;0
20170226 000000;4.0632;4.0632;4.0632;4.0632;0
20170227 000000;4.0756;4.0756;4.0756;4.0756;0
20170228 000000;4.0717;4.0717;4.0717;4.0717;0
20170301 000000;4.0784;4.0784;4.0784;4.0784;0
20170302 000000;4.0842;4.0842;4.0842;4.0842;0
20170303 000000;4.0707;4.0707;4.0707;4.0707;0
20170304 000000;4.0707;4.0707;4.0707;4.0707;0
20170305 000000;4.0707;4.0707;4.0707;4.0707;0
20170306 000000;4.0683;4.0683;4.0683;4.0683;0
20170307 000000;4.0729;4.0729;4.0729;4.0729;0
20170308 000000;4.0858;4.0858;4.0858;4.0858;0
20170309 000000;4.0917;4.0917;4.0917;4.0917;0
20170310 000000;4.0787;4.0787;4.0787;4.0787;0
20170311 000000;4.0787;4.0787;4.0787;4.0787;0
20170312 000000;4.0787;4.0787;4.0787;4.0787;0
20170313 000000;4.0679;4.0679;4.0679;4.0679;0
20170314 000000;4.0656;4.0656;4.0656;4.0656;0
20170315 000000;4.0676;4.0676;4.0676;4.0676;0
20170316 000000;4.0065;4.0065;4.0065;4.0065;0
20170317 000000;4.0032;4.0032;4.0032;4.0032;0
20170318 000000;4.0032;4.0032;4.0032;4.0032;0
20170319 000000;4.0032;4.0032;4.0032;4.0032;0
20170320 000000;3.9825;3.9825;3.9825;3.9825;0
20170321 000000;3.9463;3.9463;3.9463;3.9463;0
20170322 000000;3.9619;3.9619;3.9619;3.9619;0
20170323 000000;3.9574;3.9574;3.9574;3.9574;0
20170324 000000;3.9514;3.9514;3.9514;3.9514;0
20170325 000000;3.9514;3.9514;3.9514;3.9514;0
20170326 000000;3.9514;3.9514;3.9514;3.9514;0
20170327 000000;3.916;3.916;3.916;3.916;0
20170328 000000;3.911;3.911;3.911;3.911;0
20170329 000000;3.9439;3.9439;3.9439;3.9439;0
20170330 000000;3.9334;3.9334;3.9334;3.9334;0
20170331 000000;3.9533;3.9533;3.9533;3.9533;0
20170401 000000;3.9533;3.9533;3.9533;3.9533;0
20170402 000000;3.9533;3.9533;3.9533;3.9533;0
20170403 000000;3.9658;3.9658;3.9658;3.9658;0
20170404 000000;3.9969;3.9969;3.9969;3.9969;0
20170405 000000;3.9628;3.9628;3.9628;3.9628;0
20170406 000000;3.9632;3.9632;3.9632;3.9632;0
20170407 000000;3.9745;3.9745;3.9745;3.9745;0
20170408 000000;3.9745;3.9745;3.9745;3.9745;0
20170409 000000;3.9745;3.9745;3.9745;3.9745;0
20170410 000000;3.9985;3.9985;3.9985;3.9985;0
20170411 000000;3.9953;3.9953;3.9953;3.9953;0
20170412 000000;4.0061;4.0061;4.0061;4.0061;0
20170413 000000;3.9934;3.9934;3.9934;3.9934;0
20170414 000000;3.9934;3.9934;3.9934;3.9934;0
20170415 000000;3.9934;3.9934;3.9934;3.9934;0
20170416 000000;3.9934;3.9934;3.9934;3.9934;0
20170417 000000;3.9934;3.9934;3.9934;3.9934;0
20170418 000000;3.9658;3.9658;3.9658;3.9658;0
20170419 000000;3.9495;3.9495;3.9495;3.9495;0
20170420 000000;3.9635;3.9635;3.9635;3.9635;0
20170421 000000;3.9939;3.9939;3.9939;3.9939;0
20170422 000000;3.9939;3.9939;3.9939;3.9939;0
20170423 000000;3.9939;3.9939;3.9939;3.9939;0
20170424 000000;3.9104;3.9104;3.9104;3.9104;0
20170425 000000;3.8815;3.8815;3.8815;3.8815;0
20170426 000000;3.8778;3.8778;3.8778;3.8778;0
20170427 000000;3.8798;3.8798;3.8798;3.8798;0
20170428 000000;3.8631;3.8631;3.8631;3.8631;0
20170429 000000;3.8631;3.8631;3.8631;3.8631;0
20170430 000000;3.8631;3.8631;3.8631;3.8631;0
20170501 000000;3.8631;3.8631;3.8631;3.8631;0
20170502 000000;3.856;3.856;3.856;3.856;0
20170503 000000;3.8385;3.8385;3.8385;3.8385;0
20170504 000000;3.8535;3.8535;3.8535;3.8535;0
20170505 000000;3.8476;3.8476;3.8476;3.8476;0
20170506 000000;3.8476;3.8476;3.8476;3.8476;0
20170507 000000;3.8476;3.8476;3.8476;3.8476;0
20170508 000000;3.8408;3.8408;3.8408;3.8408;0
20170509 000000;3.8779;3.8779;3.8779;3.8779;0
20170510 000000;3.8761;3.8761;3.8761;3.8761;0
20170511 000000;3.8897;3.8897;3.8897;3.8897;0
20170512 000000;3.8773;3.8773;3.8773;3.8773;0
20170513 000000;3.8773;3.8773;3.8773;3.8773;0
20170514 000000;3.8773;3.8773;3.8773;3.8773;0
20170515 000000;3.836;3.836;3.836;3.836;0
20170516 000000;3.7964;3.7964;3.7964;3.7964;0
20170517 000000;3.766;3.766;3.766;3.766;0
20170518 000000;3.7948;3.7948;3.7948;3.7948;0
20170519 000000;3.7575;3.7575;3.7575;3.7575;0
20170520 000000;3.7575;3.7575;3.7575;3.7575;0
20170521 000000;3.7575;3.7575;3.7575;3.7575;0
20170522 000000;3.7292;3.7292;3.7292;3.7292;0
20170523 000000;3.7432;3.7432;3.7432;3.7432;0
20170524 000000;3.7405;3.7405;3.7405;3.7405;0
20170525 000000;3.7269;3.7269;3.7269;3.7269;0
20170526 000000;3.7362;3.7362;3.7362;3.7362;0
20170527 000000;3.7362;3.7362;3.7362;3.7362;0
20170528 000000;3.7362;3.7362;3.7362;3.7362;0
20170529 000000;3.7359;3.7359;3.7359;3.7359;0
20170530 000000;3.7376;3.7376;3.7376;3.7376;0
20170531 000000;3.7173;3.7173;3.7173;3.7173;0
20170601 000000;3.7285;3.7285;3.7285;3.7285;0
20170602 000000;3.7376;3.7376;3.7376;3.7376;0
20170603 000000;3.7376;3.7376;3.7376;3.7376;0
20170604 000000;3.7376;3.7376;3.7376;3.7376;0
20170605 000000;3.7193;3.7193;3.7193;3.7193;0
20170606 000000;3.73;3.73;3.73;3.73;0
20170607 000000;3.7366;3.7366;3.7366;3.7366;0
20170608 000000;3.7461;3.7461;3.7461;3.7461;0
20170609 000000;3.7494;3.7494;3.7494;3.7494;0
20170610 000000;3.7494;3.7494;3.7494;3.7494;0
20170611 000000;3.7494;3.7494;3.7494;3.7494;0
20170612 000000;3.734;3.734;3.734;3.734;0
20170613 000000;3.7386;3.7386;3.7386;3.7386;0
20170614 000000;3.7461;3.7461;3.7461;3.7461;0
20170615 000000;3.7723;3.7723;3.7723;3.7723;0
20170616 000000;3.7776;3.7776;3.7776;3.7776;0
20170617 000000;3.7776;3.7776;3.7776;3.7776;0
20170618 000000;3.7776;3.7776;3.7776;3.7776;0
20170619 000000;3.7615;3.7615;3.7615;3.7615;0
20170620 000000;3.7922;3.7922;3.7922;3.7922;0
20170621 000000;3.8008;3.8008;3.8008;3.8008;0
20170622 000000;3.7964;3.7964;3.7964;3.7964;0
20170623 000000;3.7877;3.7877;3.7877;3.7877;0
20170624 000000;3.7877;3.7877;3.7877;3.7877;0
20170625 000000;3.7877;3.7877;3.7877;3.7877;0
20170626 000000;3.764;3.764;3.764;3.764;0
20170627 000000;3.7375;3.7375;3.7375;3.7375;0
20170628 000000;3.7253;3.7253;3.7253;3.7253;0
20170629 000000;3.7229;3.7229;3.7229;3.7229;0
20170630 000000;3.703;3.703;3.703;3.703;0
20170701 000000;3.703;3.703;3.703;3.703;0
20170702 000000;3.703;3.703;3.703;3.703;0
20170703 000000;3.7255;3.7255;3.7255;3.7255;0
20170704 000000;3.737;3.737;3.737;3.737;0
20170705 000000;3.7482;3.7482;3.7482;3.7482;0
20170706 000000;3.731;3.731;3.731;3.731;0
20170707 000000;3.7086;3.7086;3.7086;3.7086;0
20170708 000000;3.7086;3.7086;3.7086;3.7086;0
20170709 000000;3.7086;3.7086;3.7086;3.7086;0
20170710 000000;3.7183;3.7183;3.7183;3.7183;0
20170711 000000;3.7229;3.7229;3.7229;3.7229;0
20170712 000000;3.7072;3.7072;3.7072;3.7072;0
20170713 000000;3.7078;3.7078;3.7078;3.7078;0
20170714 000000;3.6944;3.6944;3.6944;3.6944;0
20170715 000000;3.6944;3.6944;3.6944;3.6944;0
20170716 000000;3.6944;3.6944;3.6944;3.6944;0
20170717 000000;3.6713;3.6713;3.6713;3.6713;0
20170718 000000;3.6373;3.6373;3.6373;3.6373;0
20170719 000000;3.6527;3.6527;3.6527;3.6527;0
20170720 000000;3.6657;3.6657;3.6657;3.6657;0
20170721 000000;3.6389;3.6389;3.6389;3.6389;0
20170722 000000;3.6389;3.6389;3.6389;3.6389;0
20170723 000000;3.6389;3.6389;3.6389;3.6389;0
20170724 000000;3.6408;3.6408;3.6408;3.6408;0
20170725 000000;3.6404;3.6404;3.6404;3.6404;0
20170726 000000;3.6597;3.6597;3.6597;3.6597;0
20170727 000000;3.6378;3.6378;3.6378;3.6378;0
20170728 000000;3.6229;3.6229;3.6229;3.6229;0
20170729 000000;3.6229;3.6229;3.6229;3.6229;0
20170730 000000;3.6229;3.6229;3.6229;3.6229;0
20170731 000000;3.6235;3.6235;3.6235;3.6235;0
20170801 000000;3.6034;3.6034;3.6034;3.6034;0
20170802 000000;3.5962;3.5962;3.5962;3.5962;0
20170803 000000;3.5857;3.5857;3.5857;3.5857;0
20170804 000000;3.5735;3.5735;3.5735;3.5735;0
20170805 000000;3.5735;3.5735;3.5735;3.5735;0
20170806 000000;3.5735;3.5735;3.5735;3.5735;0
20170807 000000;3.6041;3.6041;3.6041;3.6041;0
20170808 000000;3.602;3.602;3.602;3.602;0
20170809 000000;3.6374;3.6374;3.6374;3.6374;0
20170810 000000;3.6411;3.6411;3.6411;3.6411;0
20170811 000000;3.6454;3.6454;3.6454;3.6454;0
20170812 000000;3.6454;3.6454;3.6454;3.6454;0
20170813 000000;3.6454;3.6454;3.6454;3.6454;0
20170814 000000;3.6294;3.6294;3.6294;3.6294;0
20170815 000000;3.6436;3.6436;3.6436;3.6436;0
20170816 000000;3.6506;3.6506;3.6506;3.6506;0
20170817 000000;3.6398;3.6398;3.6398;3.6398;0
20170818 000000;3.6463;3.6463;3.6463;3.6463;0
20170819 000000;3.6463;3.6463;3.6463;3.6463;0
20170820 000000;3.6463;3.6463;3.6463;3.6463;0
20170821 000000;3.6339;3.6339;3.6339;3.6339;0
20170822 000000;3.6376;3.6376;3.6376;3.6376;0
20170823 000000;3.6315;3.6315;3.6315;3.6315;0
20170824 000000;3.6214;3.6214;3.6214;3.6214;0
20170825 000000;3.6076;3.6076;3.6076;3.6076;0
20170826 000000;3.6076;3.6076;3.6076;3.6076;0
20170827 000000;3.6076;3.6076;3.6076;3.6076;0
20170828 000000;3.5707;3.5707;3.5707;3.5707;0
20170829 000000;3.5422;3.5422;3.5422;3.5422;0
20170830 000000;3.5749;3.5749;3.5749;3.5749;0
20170831 000000;3.601;3.601;3.601;3.601;0
20170901 000000;3.5576;3.5576;3.5576;3.5576;0
20170902 000000;3.5576;3.5576;3.5576;3.5576;0
20170903 000000;3.5576;3.5576;3.5576;3.5576;0
20170904 000000;3.562;3.562;3.562;3.562;0
20170905 000000;3.5627;3.5627;3.5627;3.5627;0
20170906 000000;3.555;3.555;3.555;3.555;0
20170907 000000;3.5446;3.5446;3.5446;3.5446;0
20170908 000000;3.5269;3.5269;3.5269;3.5269;0
20170909 000000;3.5269;3.5269;3.5269;3.5269;0
20170910 000000;3.5269;3.5269;3.5269;3.5269;0
20170911 000000;3.5376;3.5376;3.5376;3.5376;0
20170912 000000;3.5657;3.5657;3.5657;3.5657;0
20170913 000000;3.5728;3.5728;3.5728;3.5728;0
20170914 000000;3.6048;3.6048;3.6048;3.6048;0
20170915 000000;3.5744;3.5744;3.5744;3.5744;0
20170916 000000;3.5744;3.5744;3.5744;3.5744;0
20170917 000000;3.5744;3.5744;3.5744;3.5744;0
20170918 000000;3.5892;3.5892;3.5892;3.5892;0
20170919 000000;3.5738;3.5738;3.5738;3.5738;0
20170920 000000;3.5624;3.5624;3.5624;3.5624;0
20170921 000000;3.5955;3.5955;3.5955;3.5955;0
20170922 000000;3.5676;3.5676;3.5676;3.5676;0
20170923 000000;3.5676;3.5676;3.5676;3.5676;0
20170924 000000;3.5676;3.5676;3.5676;3.5676;0
20170925 000000;3.5966;3.5966;3.5966;3.5966;0
20170926 000000;3.6332;3.6332;3.6332;3.6332;0
20170927 000000;3.6647;3.6647;3.6647;3.6647;0
20170928 000000;3.6612;3.6612;3.6612;3.6612;0
20170929 000000;3.6458;3.6458;3.6458;3.6458;0
20170930 000000;3.6458;3.6458;3.6458;3.6458;0
20171001 000000;3.6458;3.6458;3.6458;3.6458;0
20171002 000000;3.6727;3.6727;3.6727;3.6727;0
20171003 000000;3.6673;3.6673;3.6673;3.6673;0
20171004 000000;3.6456;3.6456;3.6456;3.6456;0
20171005 000000;3.6621;3.6621;3.6621;3.6621;0
20171006 000000;3.6763;3.6763;3.6763;3.6763;0
20171007 000000;3.6763;3.6763;3.6763;3.6763;0
20171008 000000;3.6763;3.6763;3.6763;3.6763;0
20171009 000000;3.6674;3.6674;3.6674;3.6674;0
20171010 000000;3.6391;3.6391;3.6391;3.6391;0
20171011 000000;3.6222;3.6222;3.6222;3.6222;0
20171012 000000;3.6041;3.6041;3.6041;3.6041;0
20171013 000000;3.6033;3.6033;3.6033;3.6033;0
20171014 000000;3.6033;3.6033;3.6033;3.6033;0
20171015 000000;3.6033;3.6033;3.6033;3.6033;0
20171016 000000;3.5904;3.5904;3.5904;3.5904;0
20171017 000000;3.5971;3.5971;3.5971;3.5971;0
20171018 000000;3.5983;3.5983;3.5983;3.5983;0
20171019 000000;3.5822;3.5822;3.5822;3.5822;0
20171020 000000;3.5846;3.5846;3.5846;3.5846;0
20171021 000000;3.5846;3.5846;3.5846;3.5846;0
20171022 000000;3.5846;3.5846;3.5846;3.5846;0
20171023 000000;3.6002;3.6002;3.6002;3.6002;0
20171024 000000;3.6054;3.6054;3.6054;3.6054;0
20171025 000000;3.594;3.594;3.594;3.594;0
20171026 000000;3.6033;3.6033;3.6033;3.6033;0
20171027 000000;3.6589;3.6589;3.6589;3.6589;0
20171028 000000;3.6589;3.6589;3.6589;3.6589;0
20171029 000000;3.6589;3.6589;3.6589;3.6589;0
20171030 000000;3.6542;3.6542;3.6542;3.6542;0
20171031 000000;3.6467;3.6467;3.6467;3.6467;0
20171101 000000;3.6461;3.6461;3.6461;3.6461;0
20171102 000000;3.639;3.639;3.639;3.639;0
20171103 000000;3.6358;3.6358;3.6358;3.6358;0
20171104 000000;3.6358;3.6358;3.6358;3.6358;0
20171105 000000;3.6358;3.6358;3.6358;3.6358;0
20171106 000000;3.659;3.659;3.659;3.659;0
20171107 000000;3.6668;3.6668;3.6668;3.6668;0
20171108 000000;3.6532;3.6532;3.6532;3.6532;0
20171109 000000;3.6411;3.6411;3.6411;3.6411;0
20171110 000000;3.6303;3.6303;3.6303;3.6303;0
20171111 000000;3.6303;3.6303;3.6303;3.6303;0
20171112 000000;3.6303;3.6303;3.6303;3.6303;0
20171113 000000;3.6332;3.6332;3.6332;3.6332;0
20171114 000000;3.6084;3.6084;3.6084;3.6084;0
20171115 000000;3.5872;3.5872;3.5872;3.5872;0
20171116 000000;3.597;3.597;3.597;3.597;0
20171117 000000;3.5898;3.5898;3.5898;3.5898;0
20171118 000000;3.5898;3.5898;3.5898;3.5898;0
20171119 000000;3.5898;3.5898;3.5898;3.5898;0
20171120 000000;3.5915;3.5915;3.5915;3.5915;0
20171121 000000;3.609;3.609;3.609;3.609;0
20171122 000000;3.588;3.588;3.588;3.588;0
20171123 000000;3.5554;3.5554;3.5554;3.5554;0
20171124 000000;3.5454;3.5454;3.5454;3.5454;0
20171125 000000;3.5454;3.5454;3.5454;3.5454;0
20171126 000000;3.5454;3.5454;3.5454;3.5454;0
20171127 000000;3.5213;3.5213;3.5213;3.5213;0
20171128 000000;3.5388;3.5388;3.5388;3.5388;0
20171129 000000;3.5517;3.5517;3.5517;3.5517;0
20171130 000000;3.5408;3.5408;3.5408;3.5408;0
20171201 000000;3.5447;3.5447;3.5447;3.5447;0
20171202 000000;3.5447;3.5447;3.5447;3.5447;0
20171203 000000;3.5447;3.5447;3.5447;3.5447;0
20171204 000000;3.542;3.542;3.542;3.542;0
20171205 000000;3.5469;3.5469;3.5469;3.5469;0
20171206 000000;3.5662;3.5662;3.5662;3.5662;0
20171207 000000;3.5745;3.5745;3.5745;3.5745;0
20171208 000000;3.5786;3.5786;3.5786;3.5786;0
20171209 000000;3.5786;3.5786;3.5786;3.5786;0
20171210 000000;3.5786;3.5786;3.5786;3.5786;0
20171211 000000;3.5633;3.5633;3.5633;3.5633;0
20171212 000000;3.5733;3.5733;3.5733;3.5733;0
20171213 000000;3.5912;3.5912;3.5912;3.5912;0
20171214 000000;3.5644;3.5644;3.5644;3.5644;0
20171215 000000;3.5717;3.5717;3.5717;3.5717;0
20171216 000000;3.5717;3.5717;3.5717;3.5717;0
20171217 000000;3.5717;3.5717;3.5717;3.5717;0
20171218 000000;3.5668;3.5668;3.5668;3.5668;0
20171219 000000;3.5518;3.5518;3.5518;3.5518;0
20171220 000000;3.5493;3.5493;3.5493;3.5493;0
20171221 000000;3.5414;3.5414;3.5414;3.5414;0
20171222 000000;3.5413;3.5413;3.5413;3.5413;0
20171223 000000;3.5413;3.5413;3.5413;3.5413;0
20171224 000000;3.5413;3.5413;3.5413;3.5413;0
20171225 000000;3.5413;3.5413;3.5413;3.5413;0
20171226 000000;3.5413;3.5413;3.5413;3.5413;0
20171227 000000;3.5211;3.5211;3.5211;3.5211;0
20171228 000000;3.5033;3.5033;3.5033;3.5033;0
20171229 000000;3.4829;3.4829;3.4829;3.4829;0
20171230 000000;3.4829;3.4829;3.4829;3.4829;0
20171231 000000;3.4829;3.4829;3.4829;3.4829;0
20180101 000000;3.4829;3.4829;3.4829;3.4829;0
20180102 000000;3.4507;3.4507;3.4507;3.4507;0
20180103 000000;3.4644;3.4644;3.4644;3.4644;0
20180104 000000;3.4443;3.4443;3.4443;3.4443;0
20180105 000000;3.4499;3.4499;3.4499;3.4499;0
20180106 000000;3.4499;3.4499;3.4499;3.4499;0
20180107 000000;3.4499;3.4499;3.4499;3.4499;0
20180108 000000;3.4797;3.4797;3.4797;3.4797;0
20180109 000000;3.5028;3.5028;3.5028;3.5028;0
20180110 000000;3.4868;3.4868;3.4868;3.4868;0
20180111 000000;3.4772;3.4772;3.4772;3.4772;0
20180112 000000;3.4376;3.4376;3.4376;3.4376;0
20180113 000000;3.4376;3.4376;3.4376;3.4376;0
20180114 000000;3.4376;3.4376;3.4376;3.4376;0
20180115 000000;3.3955;3.3955;3.3955;3.3955;0
20180116 000000;3.4107;3.4107;3.4107;3.4107;0
20180117 000000;3.4183;3.4183;3.4183;3.4183;0
20180118 000000;3.4054;3.4054;3.4054;3.4054;0
20180119 000000;3.404;3.404;3.404;3.404;0
20180120 000000;3.404;3.404;3.404;3.404;0
20180121 000000;3.404;3.404;3.404;3.404;0
20180122 000000;3.4077;3.4077;3.4077;3.4077;0
20180123 000000;3.404;3.404;3.404;3.404;0
20180124 000000;3.3649;3.3649;3.3649;3.3649;0
20180125 000000;3.3424;3.3424;3.3424;3.3424;0
20180126 000000;3.3308;3.3308;3.3308;3.3308;0
20180127 000000;3.3308;3.3308;3.3308;3.3308;0
20180128 000000;3.3308;3.3308;3.3308;3.3308;0
20180129 000000;3.3473;3.3473;3.3473;3.3473;0
20180130 000000;3.337;3.337;3.337;3.337;0
20180131 000000;3.3317;3.3317;3.3317;3.3317;0
20180201 000000;3.3344;3.3344;3.3344;3.3344;0
20180202 000000;3.3254;3.3254;3.3254;3.3254;0
20180203 000000;3.3254;3.3254;3.3254;3.3254;0
20180204 000000;3.3254;3.3254;3.3254;3.3254;0
20180205 000000;3.3428;3.3428;3.3428;3.3428;0
20180206 000000;3.3777;3.3777;3.3777;3.3777;0
20180207 000000;3.3713;3.3713;3.3713;3.3713;0
20180208 000000;3.4031;3.4031;3.4031;3.4031;0
20180209 000000;3.4142;3.4142;3.4142;3.4142;0
20180210 000000;3.4142;3.4142;3.4142;3.4142;0
20180211 000000;3.4142;3.4142;3.4142;3.4142;0
20180212 000000;3.4044;3.4044;3.4044;3.4044;0
20180213 000000;3.3877;3.3877;3.3877;3.3877;0
20180214 000000;3.3786;3.3786;3.3786;3.3786;0
20180215 000000;3.3244;3.3244;3.3244;3.3244;0
20180216 000000;3.3374;3.3374;3.3374;3.3374;0
20180217 000000;3.3374;3.3374;3.3374;3.3374;0
20180218 000000;3.3374;3.3374;3.3374;3.3374;0
20180219 000000;3.3409;3.3409;3.3409;3.3409;0
20180220 000000;3.3604;3.3604;3.3604;3.3604;0
20180221 000000;3.3779;3.3779;3.3779;3.3779;0
20180222 000000;3.4066;3.4066;3.4066;3.4066;0
20180223 000000;3.3904;3.3904;3.3904;3.3904;0
20180224 000000;3.3904;3.3904;3.3904;3.3904;0
20180225 000000;3.3904;3.3904;3.3904;3.3904;0
20180226 000000;3.3845;3.3845;3.3845;3.3845;0
20180227 000000;3.3875;3.3875;3.3875;3.3875;0
20180228 000000;3.4207;3.4207;3.4207;3.4207;0
20180301 000000;3.4387;3.4387;3.4387;3.4387;0
20180302 000000;3.4068;3.4068;3.4068;3.4068;0
20180303 000000;3.4068;3.4068;3.4068;3.4068;0
20180304 000000;3.4068;3.4068;3.4068;3.4068;0
20180305 000000;3.4053;3.4053;3.4053;3.4053;0
20180306 000000;3.3692;3.3692;3.3692;3.3692;0
20180307 000000;3.3775;3.3775;3.3775;3.3775;0
20180308 000000;3.3848;3.3848;3.3848;3.3848;0
20180309 000000;3.4186;3.4186;3.4186;3.4186;0
20180310 000000;3.4186;3.4186;3.4186;3.4186;0
20180311 000000;3.4186;3.4186;3.4186;3.4186;0
20180312 000000;3.4151;3.4151;3.4151;3.4151;0
20180313 000000;3.4027;3.4027;3.4027;3.4027;0
20180314 000000;3.3974;3.3974;3.3974;3.3974;0
20180315 000000;3.4132;3.4132;3.4132;3.4132;0
20180316 000000;3.4284;3.4284;3.4284;3.4284;0
20180317 000000;3.4284;3.4284;3.4284;3.4284;0
20180318 000000;3.4284;3.4284;3.4284;3.4284;0
20180319 000000;3.426;3.426;3.426;3.426;0
20180320 000000;3.4439;3.4439;3.4439;3.4439;0
20180321 000000;3.4482;3.4482;3.4482;3.4482;0
20180322 000000;3.4278;3.4278;3.4278;3.4278;0
20180323 000000;3.4231;3.4231;3.4231;3.4231;0
20180324 000000;3.4231;3.4231;3.4231;3.4231;0
20180325 000000;3.4231;3.4231;3.4231;3.4231;0
20180326 000000;3.4083;3.4083;3.4083;3.4083;0
20180327 000000;3.4095;3.4095;3.4095;3.4095;0
20180328 000000;3.3935;3.3935;3.3935;3.3935;0
20180329 000000;3.4174;3.4174;3.4174;3.4174;0
20180330 000000;3.4174;3.4174;3.4174;3.4174;0
20180331 000000;3.4174;3.4174;3.4174;3.4174;0
20180401 000000;3.4174;3.4174;3.4174;3.4174;0
20180402 000000;3.4174;3.4174;3.4174;3.4174;0
20180403 000000;3.4195;3.4195;3.4195;3.4195;0
20180404 000000;3.4242;3.4242;3.4242;3.4242;0
20180405 000000;3.4291;3.4291;3.4291;3.4291;0
20180406 000000;3.4317;3.4317;3.4317;3.4317;0
20180407 000000;3.4317;3.4317;3.4317;3.4317;0
20180408 000000;3.4317;3.4317;3.4317;3.4317;0
20180409 000000;3.4096;3.4096;3.4096;3.4096;0
20180410 000000;3.3921;3.3921;3.3921;3.3921;0
20180411 000000;3.3846;3.3846;3.3846;3.3846;0
20180412 000000;3.3956;3.3956;3.3956;3.3956;0
20180413 000000;3.3907;3.3907;3.3907;3.3907;0
20180414 000000;3.3907;3.3907;3.3907;3.3907;0
20180415 000000;3.3907;3.3907;3.3907;3.3907;0
20180416 000000;3.3652;3.3652;3.3652;3.3652;0
20180417 000000;3.3667;3.3667;3.3667;3.3667;0
20180418 000000;3.3659;3.3659;3.3659;3.3659;0
20180419 000000;3.3649;3.3649;3.3649;3.3649;0
20180420 000000;3.3859;3.3859;3.3859;3.3859;0
20180421 000000;3.3859;3.3859;3.3859;3.3859;0
20180422 000000;3.3859;3.3859;3.3859;3.3859;0
20180423 000000;3.4232;3.4232;3.4232;3.4232;0
20180424 000000;3.4386;3.4386;3.4386;3.4386;0
20180425 000000;3.4666;3.4666;3.4666;3.4666;0
20180426 000000;3.4813;3.4813;3.4813;3.4813;0
20180427 000000;3.493;3.493;3.493;3.493;0
20180428 000000;3.493;3.493;3.493;3.493;0
20180429 000000;3.493;3.493;3.493;3.493;0
20180430 000000;3.499;3.499;3.499;3.499;0
20180501 000000;3.499;3.499;3.499;3.499;0
20180502 000000;3.5608;3.5608;3.5608;3.5608;0
20180503 000000;3.5547;3.5547;3.5547;3.5547;0
20180504 000000;3.5544;3.5544;3.5544;3.5544;0
20180505 000000;3.5544;3.5544;3.5544;3.5544;0
20180506 000000;3.5544;3.5544;3.5544;3.5544;0
20180507 000000;3.5739;3.5739;3.5739;3.5739;0
20180508 000000;3.6051;3.6051;3.6051;3.6051;0
20180509 000000;3.5909;3.5909;3.5909;3.5909;0
20180510 000000;3.5732;3.5732;3.5732;3.5732;0
20180511 000000;3.5683;3.5683;3.5683;3.5683;0
20180512 000000;3.5683;3.5683;3.5683;3.5683;0
20180513 000000;3.5683;3.5683;3.5683;3.5683;0
20180514 000000;3.556;3.556;3.556;3.556;0
20180515 000000;3.6049;3.6049;3.6049;3.6049;0
20180516 000000;3.6396;3.6396;3.6396;3.6396;0
20180517 000000;3.634;3.634;3.634;3.634;0
