20130101 000000;0.91496;0.91496;0.91496;0.91496;0
20130102 000000;0.91163;0.91163;0.91163;0.91163;0
20130103 000000;0.92276;0.92276;0.92276;0.92276;0
20130104 000000;0.9293;0.9293;0.9293;0.9293;0
20130105 000000;0.9293;0.9293;0.9293;0.9293;0
20130106 000000;0.9293;0.9293;0.9293;0.9293;0
20130107 000000;0.92699;0.92699;0.92699;0.92699;0
20130108 000000;0.92404;0.92404;0.92404;0.92404;0
20130109 000000;0.92593;0.92593;0.92593;0.92593;0
20130110 000000;0.92305;0.92305;0.92305;0.92305;0
20130111 000000;0.91585;0.91585;0.91585;0.91585;0
20130112 000000;0.91585;0.91585;0.91585;0.91585;0
20130113 000000;0.91585;0.91585;0.91585;0.91585;0
20130114 000000;0.9177;0.9177;0.9177;0.9177;0
20130115 000000;0.92729;0.92729;0.92729;0.92729;0
20130116 000000;0.93086;0.93086;0.93086;0.93086;0
20130117 000000;0.93155;0.93155;0.93155;0.93155;0
20130118 000000;0.9341;0.9341;0.9341;0.9341;0
20130119 000000;0.9341;0.9341;0.9341;0.9341;0
20130120 000000;0.9341;0.9341;0.9341;0.9341;0
20130121 000000;0.9323;0.9323;0.9323;0.9323;0
20130122 000000;0.92986;0.92986;0.92986;0.92986;0
20130123 000000;0.92911;0.92911;0.92911;0.92911;0
20130124 000000;0.93018;0.93018;0.93018;0.93018;0
20130125 000000;0.9239;0.9239;0.9239;0.9239;0
20130126 000000;0.9239;0.9239;0.9239;0.9239;0
20130127 000000;0.9239;0.9239;0.9239;0.9239;0
20130128 000000;0.9277;0.9277;0.9277;0.9277;0
20130129 000000;0.92429;0.92429;0.92429;0.92429;0
20130130 000000;0.91515;0.91515;0.91515;0.91515;0
20130131 000000;0.91085;0.91085;0.91085;0.91085;0
20130201 000000;0.90523;0.90523;0.90523;0.90523;0
20130202 000000;0.90523;0.90523;0.90523;0.90523;0
20130203 000000;0.90523;0.90523;0.90523;0.90523;0
20130204 000000;0.9113;0.9113;0.9113;0.9113;0
20130205 000000;0.90855;0.90855;0.90855;0.90855;0
20130206 000000;0.91352;0.91352;0.91352;0.91352;0
20130207 000000;0.9089;0.9089;0.9089;0.9089;0
20130208 000000;0.91835;0.91835;0.91835;0.91835;0
20130209 000000;0.91835;0.91835;0.91835;0.91835;0
20130210 000000;0.91835;0.91835;0.91835;0.91835;0
20130211 000000;0.91808;0.91808;0.91808;0.91808;0
20130212 000000;0.9174;0.9174;0.9174;0.9174;0
20130213 000000;0.91728;0.91728;0.91728;0.91728;0
20130214 000000;0.92241;0.92241;0.92241;0.92241;0
20130215 000000;0.9233;0.9233;0.9233;0.9233;0
20130216 000000;0.9233;0.9233;0.9233;0.9233;0
20130217 000000;0.9233;0.9233;0.9233;0.9233;0
20130218 000000;0.92361;0.92361;0.92361;0.92361;0
20130219 000000;0.92381;0.92381;0.92381;0.92381;0
20130220 000000;0.92349;0.92349;0.92349;0.92349;0
20130221 000000;0.93205;0.93205;0.93205;0.93205;0
20130222 000000;0.93068;0.93068;0.93068;0.93068;0
20130223 000000;0.93068;0.93068;0.93068;0.93068;0
20130224 000000;0.93068;0.93068;0.93068;0.93068;0
20130225 000000;0.92491;0.92491;0.92491;0.92491;0
20130226 000000;0.93041;0.93041;0.93041;0.93041;0
20130227 000000;0.92975;0.92975;0.92975;0.92975;0
20130228 000000;0.92993;0.92993;0.92993;0.92993;0
20130301 000000;0.94192;0.94192;0.94192;0.94192;0
20130302 000000;0.94192;0.94192;0.94192;0.94192;0
20130303 000000;0.94192;0.94192;0.94192;0.94192;0
20130304 000000;0.94226;0.94226;0.94226;0.94226;0
20130305 000000;0.94192;0.94192;0.94192;0.94192;0
20130306 000000;0.94369;0.94369;0.94369;0.94369;0
20130307 000000;0.94681;0.94681;0.94681;0.94681;0
20130308 000000;0.94385;0.94385;0.94385;0.94385;0
20130309 000000;0.94385;0.94385;0.94385;0.94385;0
20130310 000000;0.94385;0.94385;0.94385;0.94385;0
20130311 000000;0.95121;0.95121;0.95121;0.95121;0
20130312 000000;0.94568;0.94568;0.94568;0.94568;0
20130313 000000;0.949;0.949;0.949;0.949;0
20130314 000000;0.95439;0.95439;0.95439;0.95439;0
20130315 000000;0.94055;0.94055;0.94055;0.94055;0
20130316 000000;0.94055;0.94055;0.94055;0.94055;0
20130317 000000;0.94055;0.94055;0.94055;0.94055;0
20130318 000000;0.94524;0.94524;0.94524;0.94524;0
20130319 000000;0.94391;0.94391;0.94391;0.94391;0
20130320 000000;0.94415;0.94415;0.94415;0.94415;0
20130321 000000;0.94694;0.94694;0.94694;0.94694;0
20130322 000000;0.94316;0.94316;0.94316;0.94316;0
20130323 000000;0.94316;0.94316;0.94316;0.94316;0
20130324 000000;0.94316;0.94316;0.94316;0.94316;0
20130325 000000;0.94418;0.94418;0.94418;0.94418;0
20130326 000000;0.9493;0.9493;0.9493;0.9493;0
20130327 000000;0.95348;0.95348;0.95348;0.95348;0
20130328 000000;0.95236;0.95236;0.95236;0.95236;0
20130329 000000;0.95236;0.95236;0.95236;0.95236;0
20130330 000000;0.95236;0.95236;0.95236;0.95236;0
20130331 000000;0.95236;0.95236;0.95236;0.95236;0
20130401 000000;0.95236;0.95236;0.95236;0.95236;0
20130402 000000;0.94696;0.94696;0.94696;0.94696;0
20130403 000000;0.94847;0.94847;0.94847;0.94847;0
20130404 000000;0.94828;0.94828;0.94828;0.94828;0
20130405 000000;0.93928;0.93928;0.93928;0.93928;0
20130406 000000;0.93928;0.93928;0.93928;0.93928;0
20130407 000000;0.93928;0.93928;0.93928;0.93928;0
20130408 000000;0.93435;0.93435;0.93435;0.93435;0
20130409 000000;0.93558;0.93558;0.93558;0.93558;0
20130410 000000;0.93099;0.93099;0.93099;0.93099;0
20130411 000000;0.92896;0.92896;0.92896;0.92896;0
20130412 000000;0.93219;0.93219;0.93219;0.93219;0
20130413 000000;0.93219;0.93219;0.93219;0.93219;0
20130414 000000;0.93219;0.93219;0.93219;0.93219;0
20130415 000000;0.9286;0.9286;0.9286;0.9286;0
20130416 000000;0.92642;0.92642;0.92642;0.92642;0
20130417 000000;0.92536;0.92536;0.92536;0.92536;0
20130418 000000;0.93246;0.93246;0.93246;0.93246;0
20130419 000000;0.9284;0.9284;0.9284;0.9284;0
20130420 000000;0.9284;0.9284;0.9284;0.9284;0
20130421 000000;0.9284;0.9284;0.9284;0.9284;0
20130422 000000;0.93488;0.93488;0.93488;0.93488;0
20130423 000000;0.94065;0.94065;0.94065;0.94065;0
20130424 000000;0.94587;0.94587;0.94587;0.94587;0
20130425 000000;0.94297;0.94297;0.94297;0.94297;0
20130426 000000;0.94415;0.94415;0.94415;0.94415;0
20130427 000000;0.94415;0.94415;0.94415;0.94415;0
20130428 000000;0.94415;0.94415;0.94415;0.94415;0
20130429 000000;0.9364;0.9364;0.9364;0.9364;0
20130430 000000;0.9362;0.9362;0.9362;0.9362;0
20130501 000000;0.9362;0.9362;0.9362;0.9362;0
20130502 000000;0.92821;0.92821;0.92821;0.92821;0
20130503 000000;0.93297;0.93297;0.93297;0.93297;0
20130504 000000;0.93297;0.93297;0.93297;0.93297;0
20130505 000000;0.93297;0.93297;0.93297;0.93297;0
20130506 000000;0.9369;0.9369;0.9369;0.9369;0
20130507 000000;0.94095;0.94095;0.94095;0.94095;0
20130508 000000;0.93917;0.93917;0.93917;0.93917;0
20130509 000000;0.93517;0.93517;0.93517;0.93517;0
20130510 000000;0.95704;0.95704;0.95704;0.95704;0
20130511 000000;0.95704;0.95704;0.95704;0.95704;0
20130512 000000;0.95704;0.95704;0.95704;0.95704;0
20130513 000000;0.95614;0.95614;0.95614;0.95614;0
20130514 000000;0.95677;0.95677;0.95677;0.95677;0
20130515 000000;0.97163;0.97163;0.97163;0.97163;0
20130516 000000;0.9654;0.9654;0.9654;0.9654;0
20130517 000000;0.96736;0.96736;0.96736;0.96736;0
20130518 000000;0.96736;0.96736;0.96736;0.96736;0
20130519 000000;0.96736;0.96736;0.96736;0.96736;0
20130520 000000;0.96942;0.96942;0.96942;0.96942;0
20130521 000000;0.96969;0.96969;0.96969;0.96969;0
20130522 000000;0.97493;0.97493;0.97493;0.97493;0
20130523 000000;0.96881;0.96881;0.96881;0.96881;0
20130524 000000;0.96344;0.96344;0.96344;0.96344;0
20130525 000000;0.96344;0.96344;0.96344;0.96344;0
20130526 000000;0.96344;0.96344;0.96344;0.96344;0
20130527 000000;0.96236;0.96236;0.96236;0.96236;0
20130528 000000;0.9687;0.9687;0.9687;0.9687;0
20130529 000000;0.96356;0.96356;0.96356;0.96356;0
20130530 000000;0.96469;0.96469;0.96469;0.96469;0
20130531 000000;0.95387;0.95387;0.95387;0.95387;0
20130601 000000;0.95387;0.95387;0.95387;0.95387;0
20130602 000000;0.95387;0.95387;0.95387;0.95387;0
20130603 000000;0.95756;0.95756;0.95756;0.95756;0
20130604 000000;0.94691;0.94691;0.94691;0.94691;0
20130605 000000;0.94674;0.94674;0.94674;0.94674;0
20130606 000000;0.94199;0.94199;0.94199;0.94199;0
20130607 000000;0.92557;0.92557;0.92557;0.92557;0
20130608 000000;0.92557;0.92557;0.92557;0.92557;0
20130609 000000;0.92557;0.92557;0.92557;0.92557;0
20130610 000000;0.93838;0.93838;0.93838;0.93838;0
20130611 000000;0.92707;0.92707;0.92707;0.92707;0
20130612 000000;0.92815;0.92815;0.92815;0.92815;0
20130613 000000;0.92302;0.92302;0.92302;0.92302;0
20130614 000000;0.92626;0.92626;0.92626;0.92626;0
20130615 000000;0.92626;0.92626;0.92626;0.92626;0
20130616 000000;0.92626;0.92626;0.92626;0.92626;0
20130617 000000;0.92285;0.92285;0.92285;0.92285;0
20130618 000000;0.92082;0.92082;0.92082;0.92082;0
20130619 000000;0.91944;0.91944;0.91944;0.91944;0
20130620 000000;0.93326;0.93326;0.93326;0.93326;0
20130621 000000;0.92997;0.92997;0.92997;0.92997;0
20130622 000000;0.92997;0.92997;0.92997;0.92997;0
20130623 000000;0.92997;0.92997;0.92997;0.92997;0
20130624 000000;0.93543;0.93543;0.93543;0.93543;0
20130625 000000;0.93406;0.93406;0.93406;0.93406;0
20130626 000000;0.94149;0.94149;0.94149;0.94149;0
20130627 000000;0.94583;0.94583;0.94583;0.94583;0
20130628 000000;0.94327;0.94327;0.94327;0.94327;0
20130629 000000;0.94327;0.94327;0.94327;0.94327;0
20130630 000000;0.94327;0.94327;0.94327;0.94327;0
20130701 000000;0.94654;0.94654;0.94654;0.94654;0
20130702 000000;0.94907;0.94907;0.94907;0.94907;0
20130703 000000;0.94799;0.94799;0.94799;0.94799;0
20130704 000000;0.94948;0.94948;0.94948;0.94948;0
20130705 000000;0.95847;0.95847;0.95847;0.95847;0
20130706 000000;0.95847;0.95847;0.95847;0.95847;0
20130707 000000;0.95847;0.95847;0.95847;0.95847;0
20130708 000000;0.96529;0.96529;0.96529;0.96529;0
20130709 000000;0.9685;0.9685;0.9685;0.9685;0
20130710 000000;0.97089;0.97089;0.97089;0.97089;0
20130711 000000;0.9517;0.9517;0.9517;0.9517;0
20130712 000000;0.95044;0.95044;0.95044;0.95044;0
20130713 000000;0.95044;0.95044;0.95044;0.95044;0
20130714 000000;0.95044;0.95044;0.95044;0.95044;0
20130715 000000;0.95251;0.95251;0.95251;0.95251;0
20130716 000000;0.94306;0.94306;0.94306;0.94306;0
20130717 000000;0.9394;0.9394;0.9394;0.9394;0
20130718 000000;0.94478;0.94478;0.94478;0.94478;0
20130719 000000;0.94193;0.94193;0.94193;0.94193;0
20130720 000000;0.94193;0.94193;0.94193;0.94193;0
20130721 000000;0.94193;0.94193;0.94193;0.94193;0
20130722 000000;0.93954;0.93954;0.93954;0.93954;0
20130723 000000;0.93983;0.93983;0.93983;0.93983;0
20130724 000000;0.93523;0.93523;0.93523;0.93523;0
20130725 000000;0.9366;0.9366;0.9366;0.9366;0
20130726 000000;0.93017;0.93017;0.93017;0.93017;0
20130727 000000;0.93017;0.93017;0.93017;0.93017;0
20130728 000000;0.93017;0.93017;0.93017;0.93017;0
20130729 000000;0.92916;0.92916;0.92916;0.92916;0
20130730 000000;0.92856;0.92856;0.92856;0.92856;0
20130731 000000;0.92783;0.92783;0.92783;0.92783;0
20130801 000000;0.93057;0.93057;0.93057;0.93057;0
20130802 000000;0.93789;0.93789;0.93789;0.93789;0
20130803 000000;0.93789;0.93789;0.93789;0.93789;0
20130804 000000;0.93789;0.93789;0.93789;0.93789;0
20130805 000000;0.93173;0.93173;0.93173;0.93173;0
20130806 000000;0.92718;0.92718;0.92718;0.92718;0
20130807 000000;0.92604;0.92604;0.92604;0.92604;0
20130808 000000;0.92118;0.92118;0.92118;0.92118;0
20130809 000000;0.92051;0.92051;0.92051;0.92051;0
20130810 000000;0.92051;0.92051;0.92051;0.92051;0
20130811 000000;0.92051;0.92051;0.92051;0.92051;0
20130812 000000;0.92824;0.92824;0.92824;0.92824;0
20130813 000000;0.92987;0.92987;0.92987;0.92987;0
20130814 000000;0.93748;0.93748;0.93748;0.93748;0
20130815 000000;0.93457;0.93457;0.93457;0.93457;0
20130816 000000;0.92609;0.92609;0.92609;0.92609;0
20130817 000000;0.92609;0.92609;0.92609;0.92609;0
20130818 000000;0.92609;0.92609;0.92609;0.92609;0
20130819 000000;0.92566;0.92566;0.92566;0.92566;0
20130820 000000;0.92018;0.92018;0.92018;0.92018;0
20130821 000000;0.91975;0.91975;0.91975;0.91975;0
20130822 000000;0.92689;0.92689;0.92689;0.92689;0
20130823 000000;0.92535;0.92535;0.92535;0.92535;0
20130824 000000;0.92535;0.92535;0.92535;0.92535;0
20130825 000000;0.92535;0.92535;0.92535;0.92535;0
20130826 000000;0.92448;0.92448;0.92448;0.92448;0
20130827 000000;0.92165;0.92165;0.92165;0.92165;0
20130828 000000;0.92081;0.92081;0.92081;0.92081;0
20130829 000000;0.92779;0.92779;0.92779;0.92779;0
20130830 000000;0.93011;0.93011;0.93011;0.93011;0
20130831 000000;0.93011;0.93011;0.93011;0.93011;0
20130901 000000;0.93011;0.93011;0.93011;0.93011;0
20130902 000000;0.93261;0.93261;0.93261;0.93261;0
20130903 000000;0.9357;0.9357;0.9357;0.9357;0
20130904 000000;0.93729;0.93729;0.93729;0.93729;0
20130905 000000;0.93849;0.93849;0.93849;0.93849;0
20130906 000000;0.94397;0.94397;0.94397;0.94397;0
20130907 000000;0.94397;0.94397;0.94397;0.94397;0
20130908 000000;0.94397;0.94397;0.94397;0.94397;0
20130909 000000;0.93603;0.93603;0.93603;0.93603;0
20130910 000000;0.93595;0.93595;0.93595;0.93595;0
20130911 000000;0.9342;0.9342;0.9342;0.9342;0
20130912 000000;0.93062;0.93062;0.93062;0.93062;0
20130913 000000;0.93088;0.93088;0.93088;0.93088;0
20130914 000000;0.93088;0.93088;0.93088;0.93088;0
20130915 000000;0.93088;0.93088;0.93088;0.93088;0
20130916 000000;0.92641;0.92641;0.92641;0.92641;0
20130917 000000;0.92655;0.92655;0.92655;0.92655;0
20130918 000000;0.92645;0.92645;0.92645;0.92645;0
20130919 000000;0.91052;0.91052;0.91052;0.91052;0
20130920 000000;0.91239;0.91239;0.91239;0.91239;0
20130921 000000;0.91239;0.91239;0.91239;0.91239;0
20130922 000000;0.91239;0.91239;0.91239;0.91239;0
20130923 000000;0.91227;0.91227;0.91227;0.91227;0
20130924 000000;0.91257;0.91257;0.91257;0.91257;0
20130925 000000;0.91114;0.91114;0.91114;0.91114;0
20130926 000000;0.91029;0.91029;0.91029;0.91029;0
20130927 000000;0.90478;0.90478;0.90478;0.90478;0
20130928 000000;0.90478;0.90478;0.90478;0.90478;0
20130929 000000;0.90478;0.90478;0.90478;0.90478;0
20130930 000000;0.90522;0.90522;0.90522;0.90522;0
20131001 000000;0.90401;0.90401;0.90401;0.90401;0
20131002 000000;0.90573;0.90573;0.90573;0.90573;0
20131003 000000;0.90305;0.90305;0.90305;0.90305;0
20131004 000000;0.90274;0.90274;0.90274;0.90274;0
20131005 000000;0.90274;0.90274;0.90274;0.90274;0
20131006 000000;0.90274;0.90274;0.90274;0.90274;0
20131007 000000;0.90348;0.90348;0.90348;0.90348;0
20131008 000000;0.90483;0.90483;0.90483;0.90483;0
20131009 000000;0.91106;0.91106;0.91106;0.91106;0
20131010 000000;0.90977;0.90977;0.90977;0.90977;0
20131011 000000;0.90771;0.90771;0.90771;0.90771;0
20131012 000000;0.90771;0.90771;0.90771;0.90771;0
20131013 000000;0.90771;0.90771;0.90771;0.90771;0
20131014 000000;0.90932;0.90932;0.90932;0.90932;0
20131015 000000;0.9161;0.9161;0.9161;0.9161;0
20131016 000000;0.91004;0.91004;0.91004;0.91004;0
20131017 000000;0.90228;0.90228;0.90228;0.90228;0
20131018 000000;0.902;0.902;0.902;0.902;0
20131019 000000;0.902;0.902;0.902;0.902;0
20131020 000000;0.902;0.902;0.902;0.902;0
20131021 000000;0.90378;0.90378;0.90378;0.90378;0
20131022 000000;0.90354;0.90354;0.90354;0.90354;0
20131023 000000;0.89492;0.89492;0.89492;0.89492;0
20131024 000000;0.8912;0.8912;0.8912;0.8912;0
20131025 000000;0.89628;0.89628;0.89628;0.89628;0
20131026 000000;0.89628;0.89628;0.89628;0.89628;0
20131027 000000;0.89628;0.89628;0.89628;0.89628;0
20131028 000000;0.89546;0.89546;0.89546;0.89546;0
20131029 000000;0.89759;0.89759;0.89759;0.89759;0
20131030 000000;0.89764;0.89764;0.89764;0.89764;0
20131031 000000;0.90411;0.90411;0.90411;0.90411;0
20131101 000000;0.91151;0.91151;0.91151;0.91151;0
20131102 000000;0.91151;0.91151;0.91151;0.91151;0
20131103 000000;0.91151;0.91151;0.91151;0.91151;0
20131104 000000;0.91226;0.91226;0.91226;0.91226;0
20131105 000000;0.91129;0.91129;0.91129;0.91129;0
20131106 000000;0.91152;0.91152;0.91152;0.91152;0
20131107 000000;0.92016;0.92016;0.92016;0.92016;0
20131108 000000;0.91594;0.91594;0.91594;0.91594;0
20131109 000000;0.91594;0.91594;0.91594;0.91594;0
20131110 000000;0.91594;0.91594;0.91594;0.91594;0
20131111 000000;0.92041;0.92041;0.92041;0.92041;0
20131112 000000;0.91781;0.91781;0.91781;0.91781;0
20131113 000000;0.91808;0.91808;0.91808;0.91808;0
20131114 000000;0.91783;0.91783;0.91783;0.91783;0
20131115 000000;0.91724;0.91724;0.91724;0.91724;0
20131116 000000;0.91724;0.91724;0.91724;0.91724;0
20131117 000000;0.91724;0.91724;0.91724;0.91724;0
20131118 000000;0.91152;0.91152;0.91152;0.91152;0
20131119 000000;0.91342;0.91342;0.91342;0.91342;0
20131120 000000;0.91099;0.91099;0.91099;0.91099;0
20131121 000000;0.91434;0.91434;0.91434;0.91434;0
20131122 000000;0.91005;0.91005;0.91005;0.91005;0
20131123 000000;0.91005;0.91005;0.91005;0.91005;0
20131124 000000;0.91005;0.91005;0.91005;0.91005;0
20131125 000000;0.91098;0.91098;0.91098;0.91098;0
20131126 000000;0.90884;0.90884;0.90884;0.90884;0
20131127 000000;0.90505;0.90505;0.90505;0.90505;0
20131128 000000;0.90664;0.90664;0.90664;0.90664;0
20131129 000000;0.90353;0.90353;0.90353;0.90353;0
20131130 000000;0.90353;0.90353;0.90353;0.90353;0
20131201 000000;0.90353;0.90353;0.90353;0.90353;0
20131202 000000;0.91024;0.91024;0.91024;0.91024;0
20131203 000000;0.90492;0.90492;0.90492;0.90492;0
20131204 000000;0.90259;0.90259;0.90259;0.90259;0
20131205 000000;0.90202;0.90202;0.90202;0.90202;0
20131206 000000;0.89532;0.89532;0.89532;0.89532;0
20131207 000000;0.89532;0.89532;0.89532;0.89532;0
20131208 000000;0.89532;0.89532;0.89532;0.89532;0
20131209 000000;0.89134;0.89134;0.89134;0.89134;0
20131210 000000;0.88829;0.88829;0.88829;0.88829;0
20131211 000000;0.88756;0.88756;0.88756;0.88756;0
20131212 000000;0.88646;0.88646;0.88646;0.88646;0
20131213 000000;0.89065;0.89065;0.89065;0.89065;0
20131214 000000;0.89065;0.89065;0.89065;0.89065;0
20131215 000000;0.89065;0.89065;0.89065;0.89065;0
20131216 000000;0.88647;0.88647;0.88647;0.88647;0
20131217 000000;0.88777;0.88777;0.88777;0.88777;0
20131218 000000;0.88814;0.88814;0.88814;0.88814;0
20131219 000000;0.89712;0.89712;0.89712;0.89712;0
20131220 000000;0.89806;0.89806;0.89806;0.89806;0
20131221 000000;0.89806;0.89806;0.89806;0.89806;0
20131222 000000;0.89806;0.89806;0.89806;0.89806;0
20131223 000000;0.89454;0.89454;0.89454;0.89454;0
20131224 000000;0.89469;0.89469;0.89469;0.89469;0
20131225 000000;0.89469;0.89469;0.89469;0.89469;0
20131226 000000;0.89469;0.89469;0.89469;0.89469;0
20131227 000000;0.88562;0.88562;0.88562;0.88562;0
20131228 000000;0.88562;0.88562;0.88562;0.88562;0
20131229 000000;0.88562;0.88562;0.88562;0.88562;0
20131230 000000;0.88943;0.88943;0.88943;0.88943;0
20131231 000000;0.89015;0.89015;0.89015;0.89015;0
20140101 000000;0.89015;0.89015;0.89015;0.89015;0
20140102 000000;0.90108;0.90108;0.90108;0.90108;0
20140103 000000;0.90282;0.90282;0.90282;0.90282;0
20140104 000000;0.90282;0.90282;0.90282;0.90282;0
20140105 000000;0.90282;0.90282;0.90282;0.90282;0
20140106 000000;0.90568;0.90568;0.90568;0.90568;0
20140107 000000;0.90661;0.90661;0.90661;0.90661;0
20140108 000000;0.91092;0.91092;0.91092;0.91092;0
20140109 000000;0.90861;0.90861;0.90861;0.90861;0
20140110 000000;0.90837;0.90837;0.90837;0.90837;0
20140111 000000;0.90837;0.90837;0.90837;0.90837;0
20140112 000000;0.90837;0.90837;0.90837;0.90837;0
20140113 000000;0.90391;0.90391;0.90391;0.90391;0
20140114 000000;0.90247;0.90247;0.90247;0.90247;0
20140115 000000;0.90798;0.90798;0.90798;0.90798;0
20140116 000000;0.90829;0.90829;0.90829;0.90829;0
20140117 000000;0.90783;0.90783;0.90783;0.90783;0
20140118 000000;0.90783;0.90783;0.90783;0.90783;0
20140119 000000;0.90783;0.90783;0.90783;0.90783;0
20140120 000000;0.90941;0.90941;0.90941;0.90941;0
20140121 000000;0.91357;0.91357;0.91357;0.91357;0
20140122 000000;0.91;0.91;0.91;0.91;0
20140123 000000;0.90307;0.90307;0.90307;0.90307;0
20140124 000000;0.89545;0.89545;0.89545;0.89545;0
20140125 000000;0.89545;0.89545;0.89545;0.89545;0
20140126 000000;0.89545;0.89545;0.89545;0.89545;0
20140127 000000;0.89815;0.89815;0.89815;0.89815;0
20140128 000000;0.89955;0.89955;0.89955;0.89955;0
20140129 000000;0.90057;0.90057;0.90057;0.90057;0
20140130 000000;0.90121;0.90121;0.90121;0.90121;0
20140131 000000;0.90411;0.90411;0.90411;0.90411;0
20140201 000000;0.90411;0.90411;0.90411;0.90411;0
20140202 000000;0.90411;0.90411;0.90411;0.90411;0
20140203 000000;0.90576;0.90576;0.90576;0.90576;0
20140204 000000;0.90354;0.90354;0.90354;0.90354;0
20140205 000000;0.90246;0.90246;0.90246;0.90246;0
20140206 000000;0.90582;0.90582;0.90582;0.90582;0
20140207 000000;0.9015;0.9015;0.9015;0.9015;0
20140208 000000;0.9015;0.9015;0.9015;0.9015;0
20140209 000000;0.9015;0.9015;0.9015;0.9015;0
20140210 000000;0.89705;0.89705;0.89705;0.89705;0
20140211 000000;0.89463;0.89463;0.89463;0.89463;0
20140212 000000;0.90245;0.90245;0.90245;0.90245;0
20140213 000000;0.89331;0.89331;0.89331;0.89331;0
20140214 000000;0.89159;0.89159;0.89159;0.89159;0
20140215 000000;0.89159;0.89159;0.89159;0.89159;0
20140216 000000;0.89159;0.89159;0.89159;0.89159;0
20140217 000000;0.89211;0.89211;0.89211;0.89211;0
20140218 000000;0.89003;0.89003;0.89003;0.89003;0
20140219 000000;0.88861;0.88861;0.88861;0.88861;0
20140220 000000;0.89034;0.89034;0.89034;0.89034;0
20140221 000000;0.88969;0.88969;0.88969;0.88969;0
20140222 000000;0.88969;0.88969;0.88969;0.88969;0
20140223 000000;0.88969;0.88969;0.88969;0.88969;0
20140224 000000;0.8889;0.8889;0.8889;0.8889;0
20140225 000000;0.88651;0.88651;0.88651;0.88651;0
20140226 000000;0.88868;0.88868;0.88868;0.88868;0
20140227 000000;0.89052;0.89052;0.89052;0.89052;0
20140228 000000;0.87982;0.87982;0.87982;0.87982;0
20140301 000000;0.87982;0.87982;0.87982;0.87982;0
20140302 000000;0.87982;0.87982;0.87982;0.87982;0
20140303 000000;0.88096;0.88096;0.88096;0.88096;0
20140304 000000;0.88408;0.88408;0.88408;0.88408;0
20140305 000000;0.88742;0.88742;0.88742;0.88742;0
20140306 000000;0.88687;0.88687;0.88687;0.88687;0
20140307 000000;0.87743;0.87743;0.87743;0.87743;0
20140308 000000;0.87743;0.87743;0.87743;0.87743;0
20140309 000000;0.87743;0.87743;0.87743;0.87743;0
20140310 000000;0.87832;0.87832;0.87832;0.87832;0
20140311 000000;0.87906;0.87906;0.87906;0.87906;0
20140312 000000;0.87557;0.87557;0.87557;0.87557;0
20140313 000000;0.87218;0.87218;0.87218;0.87218;0
20140314 000000;0.87324;0.87324;0.87324;0.87324;0
20140315 000000;0.87324;0.87324;0.87324;0.87324;0
20140316 000000;0.87324;0.87324;0.87324;0.87324;0
20140317 000000;0.87401;0.87401;0.87401;0.87401;0
20140318 000000;0.87484;0.87484;0.87484;0.87484;0
20140319 000000;0.87451;0.87451;0.87451;0.87451;0
20140320 000000;0.88577;0.88577;0.88577;0.88577;0
20140321 000000;0.88403;0.88403;0.88403;0.88403;0
20140322 000000;0.88403;0.88403;0.88403;0.88403;0
20140323 000000;0.88403;0.88403;0.88403;0.88403;0
20140324 000000;0.88551;0.88551;0.88551;0.88551;0
20140325 000000;0.88455;0.88455;0.88455;0.88455;0
20140326 000000;0.8858;0.8858;0.8858;0.8858;0
20140327 000000;0.88581;0.88581;0.88581;0.88581;0
20140328 000000;0.88567;0.88567;0.88567;0.88567;0
20140329 000000;0.88567;0.88567;0.88567;0.88567;0
20140330 000000;0.88567;0.88567;0.88567;0.88567;0
20140331 000000;0.88439;0.88439;0.88439;0.88439;0
20140401 000000;0.8831;0.8831;0.8831;0.8831;0
20140402 000000;0.88365;0.88365;0.88365;0.88365;0
20140403 000000;0.88657;0.88657;0.88657;0.88657;0
20140404 000000;0.89307;0.89307;0.89307;0.89307;0
20140405 000000;0.89307;0.89307;0.89307;0.89307;0
20140406 000000;0.89307;0.89307;0.89307;0.89307;0
20140407 000000;0.88916;0.88916;0.88916;0.88916;0
20140408 000000;0.88573;0.88573;0.88573;0.88573;0
20140409 000000;0.88328;0.88328;0.88328;0.88328;0
20140410 000000;0.87834;0.87834;0.87834;0.87834;0
20140411 000000;0.87666;0.87666;0.87666;0.87666;0
20140412 000000;0.87666;0.87666;0.87666;0.87666;0
20140413 000000;0.87666;0.87666;0.87666;0.87666;0
20140414 000000;0.879;0.879;0.879;0.879;0
20140415 000000;0.88111;0.88111;0.88111;0.88111;0
20140416 000000;0.87926;0.87926;0.87926;0.87926;0
20140417 000000;0.87874;0.87874;0.87874;0.87874;0
20140418 000000;0.87874;0.87874;0.87874;0.87874;0
20140419 000000;0.87874;0.87874;0.87874;0.87874;0
20140420 000000;0.87874;0.87874;0.87874;0.87874;0
20140421 000000;0.87874;0.87874;0.87874;0.87874;0
20140422 000000;0.88398;0.88398;0.88398;0.88398;0
20140423 000000;0.88174;0.88174;0.88174;0.88174;0
20140424 000000;0.883;0.883;0.883;0.883;0
20140425 000000;0.88164;0.88164;0.88164;0.88164;0
20140426 000000;0.88164;0.88164;0.88164;0.88164;0
20140427 000000;0.88164;0.88164;0.88164;0.88164;0
20140428 000000;0.8788;0.8788;0.8788;0.8788;0
20140429 000000;0.8824;0.8824;0.8824;0.8824;0
20140430 000000;0.88087;0.88087;0.88087;0.88087;0
20140501 000000;0.88087;0.88087;0.88087;0.88087;0
20140502 000000;0.87931;0.87931;0.87931;0.87931;0
20140503 000000;0.87931;0.87931;0.87931;0.87931;0
20140504 000000;0.87931;0.87931;0.87931;0.87931;0
20140505 000000;0.87747;0.87747;0.87747;0.87747;0
20140506 000000;0.87264;0.87264;0.87264;0.87264;0
20140507 000000;0.87499;0.87499;0.87499;0.87499;0
20140508 000000;0.87279;0.87279;0.87279;0.87279;0
20140509 000000;0.88426;0.88426;0.88426;0.88426;0
20140510 000000;0.88426;0.88426;0.88426;0.88426;0
20140511 000000;0.88426;0.88426;0.88426;0.88426;0
20140512 000000;0.8871;0.8871;0.8871;0.8871;0
20140513 000000;0.89039;0.89039;0.89039;0.89039;0
20140514 000000;0.8892;0.8892;0.8892;0.8892;0
20140515 000000;0.89516;0.89516;0.89516;0.89516;0
20140516 000000;0.8915;0.8915;0.8915;0.8915;0
20140517 000000;0.8915;0.8915;0.8915;0.8915;0
20140518 000000;0.8915;0.8915;0.8915;0.8915;0
20140519 000000;0.89158;0.89158;0.89158;0.89158;0
20140520 000000;0.89206;0.89206;0.89206;0.89206;0
20140521 000000;0.89324;0.89324;0.89324;0.89324;0
20140522 000000;0.89369;0.89369;0.89369;0.89369;0
20140523 000000;0.89582;0.89582;0.89582;0.89582;0
20140524 000000;0.89582;0.89582;0.89582;0.89582;0
20140525 000000;0.89582;0.89582;0.89582;0.89582;0
20140526 000000;0.89549;0.89549;0.89549;0.89549;0
20140527 000000;0.8961;0.8961;0.8961;0.8961;0
20140528 000000;0.89837;0.89837;0.89837;0.89837;0
20140529 000000;0.897;0.897;0.897;0.897;0
20140530 000000;0.89689;0.89689;0.89689;0.89689;0
20140531 000000;0.89689;0.89689;0.89689;0.89689;0
20140601 000000;0.89689;0.89689;0.89689;0.89689;0
20140602 000000;0.89736;0.89736;0.89736;0.89736;0
20140603 000000;0.89527;0.89527;0.89527;0.89527;0
20140604 000000;0.89557;0.89557;0.89557;0.89557;0
20140605 000000;0.89924;0.89924;0.89924;0.89924;0
20140606 000000;0.8932;0.8932;0.8932;0.8932;0
20140607 000000;0.8932;0.8932;0.8932;0.8932;0
20140608 000000;0.8932;0.8932;0.8932;0.8932;0
20140609 000000;0.89602;0.89602;0.89602;0.89602;0
20140610 000000;0.89968;0.89968;0.89968;0.89968;0
20140611 000000;0.89902;0.89902;0.89902;0.89902;0
20140612 000000;0.89991;0.89991;0.89991;0.89991;0
20140613 000000;0.89981;0.89981;0.89981;0.89981;0
20140614 000000;0.89981;0.89981;0.89981;0.89981;0
20140615 000000;0.89981;0.89981;0.89981;0.89981;0
20140616 000000;0.89979;0.89979;0.89979;0.89979;0
20140617 000000;0.89829;0.89829;0.89829;0.89829;0
20140618 000000;0.89803;0.89803;0.89803;0.89803;0
20140619 000000;0.89354;0.89354;0.89354;0.89354;0
20140620 000000;0.89557;0.89557;0.89557;0.89557;0
20140621 000000;0.89557;0.89557;0.89557;0.89557;0
20140622 000000;0.89557;0.89557;0.89557;0.89557;0
20140623 000000;0.8949;0.8949;0.8949;0.8949;0
20140624 000000;0.89389;0.89389;0.89389;0.89389;0
20140625 000000;0.89372;0.89372;0.89372;0.89372;0
20140626 000000;0.89402;0.89402;0.89402;0.89402;0
20140627 000000;0.89295;0.89295;0.89295;0.89295;0
20140628 000000;0.89295;0.89295;0.89295;0.89295;0
20140629 000000;0.89295;0.89295;0.89295;0.89295;0
20140630 000000;0.89003;0.89003;0.89003;0.89003;0
20140701 000000;0.88676;0.88676;0.88676;0.88676;0
20140702 000000;0.88877;0.88877;0.88877;0.88877;0
20140703 000000;0.89015;0.89015;0.89015;0.89015;0
20140704 000000;0.89491;0.89491;0.89491;0.89491;0
20140705 000000;0.89491;0.89491;0.89491;0.89491;0
20140706 000000;0.89491;0.89491;0.89491;0.89491;0
20140707 000000;0.89428;0.89428;0.89428;0.89428;0
20140708 000000;0.89447;0.89447;0.89447;0.89447;0
20140709 000000;0.89377;0.89377;0.89377;0.89377;0
20140710 000000;0.89261;0.89261;0.89261;0.89261;0
20140711 000000;0.8932;0.8932;0.8932;0.8932;0
20140712 000000;0.8932;0.8932;0.8932;0.8932;0
20140713 000000;0.8932;0.8932;0.8932;0.8932;0
20140714 000000;0.89081;0.89081;0.89081;0.89081;0
20140715 000000;0.89194;0.89194;0.89194;0.89194;0
20140716 000000;0.89832;0.89832;0.89832;0.89832;0
20140717 000000;0.89811;0.89811;0.89811;0.89811;0
20140718 000000;0.89789;0.89789;0.89789;0.89789;0
20140719 000000;0.89789;0.89789;0.89789;0.89789;0
20140720 000000;0.89789;0.89789;0.89789;0.89789;0
20140721 000000;0.89836;0.89836;0.89836;0.89836;0
20140722 000000;0.90134;0.90134;0.90134;0.90134;0
20140723 000000;0.90234;0.90234;0.90234;0.90234;0
20140724 000000;0.90202;0.90202;0.90202;0.90202;0
20140725 000000;0.90417;0.90417;0.90417;0.90417;0
20140726 000000;0.90417;0.90417;0.90417;0.90417;0
20140727 000000;0.90417;0.90417;0.90417;0.90417;0
20140728 000000;0.90449;0.90449;0.90449;0.90449;0
20140729 000000;0.90491;0.90491;0.90491;0.90491;0
20140730 000000;0.90777;0.90777;0.90777;0.90777;0
20140731 000000;0.90956;0.90956;0.90956;0.90956;0
20140801 000000;0.90803;0.90803;0.90803;0.90803;0
20140802 000000;0.90803;0.90803;0.90803;0.90803;0
20140803 000000;0.90803;0.90803;0.90803;0.90803;0
20140804 000000;0.9065;0.9065;0.9065;0.9065;0
20140805 000000;0.9098;0.9098;0.9098;0.9098;0
20140806 000000;0.9106;0.9106;0.9106;0.9106;0
20140807 000000;0.90889;0.90889;0.90889;0.90889;0
20140808 000000;0.90656;0.90656;0.90656;0.90656;0
20140809 000000;0.90656;0.90656;0.90656;0.90656;0
20140810 000000;0.90656;0.90656;0.90656;0.90656;0
20140811 000000;0.90647;0.90647;0.90647;0.90647;0
20140812 000000;0.90949;0.90949;0.90949;0.90949;0
20140813 000000;0.90831;0.90831;0.90831;0.90831;0
20140814 000000;0.9066;0.9066;0.9066;0.9066;0
20140815 000000;0.90484;0.90484;0.90484;0.90484;0
20140816 000000;0.90484;0.90484;0.90484;0.90484;0
20140817 000000;0.90484;0.90484;0.90484;0.90484;0
20140818 000000;0.90466;0.90466;0.90466;0.90466;0
20140819 000000;0.9064;0.9064;0.9064;0.9064;0
20140820 000000;0.91132;0.91132;0.91132;0.91132;0
20140821 000000;0.91306;0.91306;0.91306;0.91306;0
20140822 000000;0.91204;0.91204;0.91204;0.91204;0
20140823 000000;0.91204;0.91204;0.91204;0.91204;0
20140824 000000;0.91204;0.91204;0.91204;0.91204;0
20140825 000000;0.91568;0.91568;0.91568;0.91568;0
20140826 000000;0.91616;0.91616;0.91616;0.91616;0
20140827 000000;0.91584;0.91584;0.91584;0.91584;0
20140828 000000;0.91516;0.91516;0.91516;0.91516;0
20140829 000000;0.91454;0.91454;0.91454;0.91454;0
20140830 000000;0.91454;0.91454;0.91454;0.91454;0
20140831 000000;0.91454;0.91454;0.91454;0.91454;0
20140901 000000;0.91921;0.91921;0.91921;0.91921;0
20140902 000000;0.92047;0.92047;0.92047;0.92047;0
20140903 000000;0.91841;0.91841;0.91841;0.91841;0
20140904 000000;0.92624;0.92624;0.92624;0.92624;0
20140905 000000;0.93173;0.93173;0.93173;0.93173;0
20140906 000000;0.93173;0.93173;0.93173;0.93173;0
20140907 000000;0.93173;0.93173;0.93173;0.93173;0
20140908 000000;0.93219;0.93219;0.93219;0.93219;0
20140909 000000;0.93474;0.93474;0.93474;0.93474;0
20140910 000000;0.93371;0.93371;0.93371;0.93371;0
20140911 000000;0.93595;0.93595;0.93595;0.93595;0
20140912 000000;0.93489;0.93489;0.93489;0.93489;0
20140913 000000;0.93489;0.93489;0.93489;0.93489;0
20140914 000000;0.93489;0.93489;0.93489;0.93489;0
20140915 000000;0.93711;0.93711;0.93711;0.93711;0
20140916 000000;0.93328;0.93328;0.93328;0.93328;0
20140917 000000;0.93401;0.93401;0.93401;0.93401;0
20140918 000000;0.93894;0.93894;0.93894;0.93894;0
20140919 000000;0.93892;0.93892;0.93892;0.93892;0
20140920 000000;0.93892;0.93892;0.93892;0.93892;0
20140921 000000;0.93892;0.93892;0.93892;0.93892;0
20140922 000000;0.93959;0.93959;0.93959;0.93959;0
20140923 000000;0.93616;0.93616;0.93616;0.93616;0
20140924 000000;0.9416;0.9416;0.9416;0.9416;0
20140925 000000;0.94997;0.94997;0.94997;0.94997;0
20140926 000000;0.94808;0.94808;0.94808;0.94808;0
20140927 000000;0.94808;0.94808;0.94808;0.94808;0
20140928 000000;0.94808;0.94808;0.94808;0.94808;0
20140929 000000;0.9504;0.9504;0.9504;0.9504;0
20140930 000000;0.95867;0.95867;0.95867;0.95867;0
20141001 000000;0.95787;0.95787;0.95787;0.95787;0
20141002 000000;0.95677;0.95677;0.95677;0.95677;0
20141003 000000;0.95823;0.95823;0.95823;0.95823;0
20141004 000000;0.95823;0.95823;0.95823;0.95823;0
20141005 000000;0.95823;0.95823;0.95823;0.95823;0
20141006 000000;0.96458;0.96458;0.96458;0.96458;0
20141007 000000;0.96097;0.96097;0.96097;0.96097;0
20141008 000000;0.95943;0.95943;0.95943;0.95943;0
20141009 000000;0.9486;0.9486;0.9486;0.9486;0
20141010 000000;0.9568;0.9568;0.9568;0.9568;0
20141011 000000;0.9568;0.9568;0.9568;0.9568;0
20141012 000000;0.9568;0.9568;0.9568;0.9568;0
20141013 000000;0.95252;0.95252;0.95252;0.95252;0
20141014 000000;0.95516;0.95516;0.95516;0.95516;0
20141015 000000;0.9531;0.9531;0.9531;0.9531;0
20141016 000000;0.94603;0.94603;0.94603;0.94603;0
20141017 000000;0.94159;0.94159;0.94159;0.94159;0
20141018 000000;0.94159;0.94159;0.94159;0.94159;0
20141019 000000;0.94159;0.94159;0.94159;0.94159;0
20141020 000000;0.94449;0.94449;0.94449;0.94449;0
20141021 000000;0.94562;0.94562;0.94562;0.94562;0
20141022 000000;0.95029;0.95029;0.95029;0.95029;0
20141023 000000;0.95248;0.95248;0.95248;0.95248;0
20141024 000000;0.95268;0.95268;0.95268;0.95268;0
20141025 000000;0.95268;0.95268;0.95268;0.95268;0
20141026 000000;0.95268;0.95268;0.95268;0.95268;0
20141027 000000;0.95118;0.95118;0.95118;0.95118;0
20141028 000000;0.94572;0.94572;0.94572;0.94572;0
20141029 000000;0.94677;0.94677;0.94677;0.94677;0
20141030 000000;0.95722;0.95722;0.95722;0.95722;0
20141031 000000;0.96351;0.96351;0.96351;0.96351;0
20141101 000000;0.96351;0.96351;0.96351;0.96351;0
20141102 000000;0.96351;0.96351;0.96351;0.96351;0
20141103 000000;0.96486;0.96486;0.96486;0.96486;0
20141104 000000;0.96332;0.96332;0.96332;0.96332;0
20141105 000000;0.96498;0.96498;0.96498;0.96498;0
20141106 000000;0.96229;0.96229;0.96229;0.96229;0
20141107 000000;0.97152;0.97152;0.97152;0.97152;0
20141108 000000;0.97152;0.97152;0.97152;0.97152;0
20141109 000000;0.97152;0.97152;0.97152;0.97152;0
20141110 000000;0.96332;0.96332;0.96332;0.96332;0
20141111 000000;0.9678;0.9678;0.9678;0.9678;0
20141112 000000;0.96439;0.96439;0.96439;0.96439;0
20141113 000000;0.96484;0.96484;0.96484;0.96484;0
20141114 000000;0.96615;0.96615;0.96615;0.96615;0
20141115 000000;0.96615;0.96615;0.96615;0.96615;0
20141116 000000;0.96615;0.96615;0.96615;0.96615;0
20141117 000000;0.96135;0.96135;0.96135;0.96135;0
20141118 000000;0.95996;0.95996;0.95996;0.95996;0
20141119 000000;0.95844;0.95844;0.95844;0.95844;0
20141120 000000;0.95813;0.95813;0.95813;0.95813;0
20141121 000000;0.96796;0.96796;0.96796;0.96796;0
20141122 000000;0.96796;0.96796;0.96796;0.96796;0
20141123 000000;0.96796;0.96796;0.96796;0.96796;0
20141124 000000;0.96914;0.96914;0.96914;0.96914;0
20141125 000000;0.96829;0.96829;0.96829;0.96829;0
20141126 000000;0.96401;0.96401;0.96401;0.96401;0
20141127 000000;0.9633;0.9633;0.9633;0.9633;0
20141128 000000;0.96275;0.96275;0.96275;0.96275;0
20141129 000000;0.96275;0.96275;0.96275;0.96275;0
20141130 000000;0.96275;0.96275;0.96275;0.96275;0
20141201 000000;0.96463;0.96463;0.96463;0.96463;0
20141202 000000;0.96909;0.96909;0.96909;0.96909;0
20141203 000000;0.97575;0.97575;0.97575;0.97575;0
20141204 000000;0.97758;0.97758;0.97758;0.97758;0
20141205 000000;0.97242;0.97242;0.97242;0.97242;0
20141206 000000;0.97242;0.97242;0.97242;0.97242;0
20141207 000000;0.97242;0.97242;0.97242;0.97242;0
20141208 000000;0.98083;0.98083;0.98083;0.98083;0
20141209 000000;0.97187;0.97187;0.97187;0.97187;0
20141210 000000;0.9703;0.9703;0.9703;0.9703;0
20141211 000000;0.96653;0.96653;0.96653;0.96653;0
20141212 000000;0.96466;0.96466;0.96466;0.96466;0
20141213 000000;0.96466;0.96466;0.96466;0.96466;0
20141214 000000;0.96466;0.96466;0.96466;0.96466;0
20141215 000000;0.9666;0.9666;0.9666;0.9666;0
20141216 000000;0.95788;0.95788;0.95788;0.95788;0
20141217 000000;0.96481;0.96481;0.96481;0.96481;0
20141218 000000;0.98103;0.98103;0.98103;0.98103;0
20141219 000000;0.98045;0.98045;0.98045;0.98045;0
20141220 000000;0.98045;0.98045;0.98045;0.98045;0
20141221 000000;0.98045;0.98045;0.98045;0.98045;0
20141222 000000;0.98173;0.98173;0.98173;0.98173;0
20141223 000000;0.98518;0.98518;0.98518;0.98518;0
20141224 000000;0.98412;0.98412;0.98412;0.98412;0
20141225 000000;0.98412;0.98412;0.98412;0.98412;0
20141226 000000;0.98412;0.98412;0.98412;0.98412;0
20141227 000000;0.98412;0.98412;0.98412;0.98412;0
20141228 000000;0.98412;0.98412;0.98412;0.98412;0
20141229 000000;0.98614;0.98614;0.98614;0.98614;0
20141230 000000;0.98914;0.98914;0.98914;0.98914;0
20141231 000000;0.99036;0.99036;0.99036;0.99036;0
20150101 000000;0.99036;0.99036;0.99036;0.99036;0
20150102 000000;0.99826;0.99826;0.99826;0.99826;0
20150103 000000;0.99826;0.99826;0.99826;0.99826;0
20150104 000000;0.99826;0.99826;0.99826;0.99826;0
20150105 000000;1.0085;1.0085;1.0085;1.0085;0
20150106 000000;1.0084;1.0084;1.0084;1.0084;0
20150107 000000;1.0152;1.0152;1.0152;1.0152;0
20150108 000000;1.0206;1.0206;1.0206;1.0206;0
20150109 000000;1.0167;1.0167;1.0167;1.0167;0
20150110 000000;1.0167;1.0167;1.0167;1.0167;0
20150111 000000;1.0167;1.0167;1.0167;1.0167;0
20150112 000000;1.0175;1.0175;1.0175;1.0175;0
20150113 000000;1.0194;1.0194;1.0194;1.0194;0
20150114 000000;1.02;1.02;1.02;1.02;0
20150115 000000;0.87803;0.87803;0.87803;0.87803;0
20150116 000000;0.87401;0.87401;0.87401;0.87401;0
20150117 000000;0.87401;0.87401;0.87401;0.87401;0
20150118 000000;0.87401;0.87401;0.87401;0.87401;0
20150119 000000;0.87204;0.87204;0.87204;0.87204;0
20150120 000000;0.87115;0.87115;0.87115;0.87115;0
20150121 000000;0.86233;0.86233;0.86233;0.86233;0
20150122 000000;0.85583;0.85583;0.85583;0.85583;0
20150123 000000;0.87659;0.87659;0.87659;0.87659;0
20150124 000000;0.87659;0.87659;0.87659;0.87659;0
20150125 000000;0.87659;0.87659;0.87659;0.87659;0
20150126 000000;0.89061;0.89061;0.89061;0.89061;0
20150127 000000;0.89952;0.89952;0.89952;0.89952;0
20150128 000000;0.90286;0.90286;0.90286;0.90286;0
20150129 000000;0.91666;0.91666;0.91666;0.91666;0
20150130 000000;0.92596;0.92596;0.92596;0.92596;0
20150131 000000;0.92596;0.92596;0.92596;0.92596;0
20150201 000000;0.92596;0.92596;0.92596;0.92596;0
20150202 000000;0.93006;0.93006;0.93006;0.93006;0
20150203 000000;0.92528;0.92528;0.92528;0.92528;0
20150204 000000;0.92626;0.92626;0.92626;0.92626;0
20150205 000000;0.92787;0.92787;0.92787;0.92787;0
20150206 000000;0.92024;0.92024;0.92024;0.92024;0
20150207 000000;0.92024;0.92024;0.92024;0.92024;0
20150208 000000;0.92024;0.92024;0.92024;0.92024;0
20150209 000000;0.92488;0.92488;0.92488;0.92488;0
20150210 000000;0.92564;0.92564;0.92564;0.92564;0
20150211 000000;0.92496;0.92496;0.92496;0.92496;0
20150212 000000;0.93212;0.93212;0.93212;0.93212;0
20150213 000000;0.92927;0.92927;0.92927;0.92927;0
20150214 000000;0.92927;0.92927;0.92927;0.92927;0
20150215 000000;0.92927;0.92927;0.92927;0.92927;0
20150216 000000;0.93145;0.93145;0.93145;0.93145;0
20150217 000000;0.93132;0.93132;0.93132;0.93132;0
20150218 000000;0.94152;0.94152;0.94152;0.94152;0
20150219 000000;0.9481;0.9481;0.9481;0.9481;0
20150220 000000;0.94866;0.94866;0.94866;0.94866;0
20150221 000000;0.94866;0.94866;0.94866;0.94866;0
20150222 000000;0.94866;0.94866;0.94866;0.94866;0
20150223 000000;0.94946;0.94946;0.94946;0.94946;0
20150224 000000;0.94942;0.94942;0.94942;0.94942;0
20150225 000000;0.9495;0.9495;0.9495;0.9495;0
20150226 000000;0.94946;0.94946;0.94946;0.94946;0
20150227 000000;0.94626;0.94626;0.94626;0.94626;0
20150228 000000;0.94626;0.94626;0.94626;0.94626;0
20150301 000000;0.94626;0.94626;0.94626;0.94626;0
20150302 000000;0.9552;0.9552;0.9552;0.9552;0
20150303 000000;0.96132;0.96132;0.96132;0.96132;0
20150304 000000;0.96134;0.96134;0.96134;0.96134;0
20150305 000000;0.96639;0.96639;0.96639;0.96639;0
20150306 000000;0.97601;0.97601;0.97601;0.97601;0
20150307 000000;0.97601;0.97601;0.97601;0.97601;0
20150308 000000;0.97601;0.97601;0.97601;0.97601;0
20150309 000000;0.98444;0.98444;0.98444;0.98444;0
20150310 000000;0.99674;0.99674;0.99674;0.99674;0
20150311 000000;1.0073;1.0073;1.0073;1.0073;0
20150312 000000;1.0022;1.0022;1.0022;1.0022;0
20150313 000000;1.0072;1.0072;1.0072;1.0072;0
20150314 000000;1.0072;1.0072;1.0072;1.0072;0
20150315 000000;1.0072;1.0072;1.0072;1.0072;0
20150316 000000;1.0055;1.0055;1.0055;1.0055;0
20150317 000000;1.0024;1.0024;1.0024;1.0024;0
20150318 000000;1.0033;1.0033;1.0033;1.0033;0
20150319 000000;0.99232;0.99232;0.99232;0.99232;0
20150320 000000;0.97921;0.97921;0.97921;0.97921;0
20150321 000000;0.97921;0.97921;0.97921;0.97921;0
20150322 000000;0.97921;0.97921;0.97921;0.97921;0
20150323 000000;0.96783;0.96783;0.96783;0.96783;0
20150324 000000;0.95808;0.95808;0.95808;0.95808;0
20150325 000000;0.9574;0.9574;0.9574;0.9574;0
20150326 000000;0.95671;0.95671;0.95671;0.95671;0
20150327 000000;0.965;0.965;0.965;0.965;0
20150328 000000;0.965;0.965;0.965;0.965;0
20150329 000000;0.965;0.965;0.965;0.965;0
20150330 000000;0.96256;0.96256;0.96256;0.96256;0
20150331 000000;0.97249;0.97249;0.97249;0.97249;0
20150401 000000;0.96941;0.96941;0.96941;0.96941;0
20150402 000000;0.9603;0.9603;0.9603;0.9603;0
20150403 000000;0.9603;0.9603;0.9603;0.9603;0
20150404 000000;0.9603;0.9603;0.9603;0.9603;0
20150405 000000;0.9603;0.9603;0.9603;0.9603;0
20150406 000000;0.9603;0.9603;0.9603;0.9603;0
20150407 000000;0.96229;0.96229;0.96229;0.96229;0
20150408 000000;0.96096;0.96096;0.96096;0.96096;0
20150409 000000;0.96965;0.96965;0.96965;0.96965;0
20150410 000000;0.98297;0.98297;0.98297;0.98297;0
20150411 000000;0.98297;0.98297;0.98297;0.98297;0
20150412 000000;0.98297;0.98297;0.98297;0.98297;0
20150413 000000;0.98304;0.98304;0.98304;0.98304;0
20150414 000000;0.97917;0.97917;0.97917;0.97917;0
20150415 000000;0.97561;0.97561;0.97561;0.97561;0
20150416 000000;0.96415;0.96415;0.96415;0.96415;0
20150417 000000;0.95219;0.95219;0.95219;0.95219;0
20150418 000000;0.95219;0.95219;0.95219;0.95219;0
20150419 000000;0.95219;0.95219;0.95219;0.95219;0
20150420 000000;0.95897;0.95897;0.95897;0.95897;0
20150421 000000;0.95813;0.95813;0.95813;0.95813;0
20150422 000000;0.9609;0.9609;0.9609;0.9609;0
20150423 000000;0.96389;0.96389;0.96389;0.96389;0
20150424 000000;0.9551;0.9551;0.9551;0.9551;0
20150425 000000;0.9551;0.9551;0.9551;0.9551;0
20150426 000000;0.9551;0.9551;0.9551;0.9551;0
20150427 000000;0.95796;0.95796;0.95796;0.95796;0
20150428 000000;0.95763;0.95763;0.95763;0.95763;0
20150429 000000;0.95355;0.95355;0.95355;0.95355;0
20150430 000000;0.935;0.935;0.935;0.935;0
20150501 000000;0.935;0.935;0.935;0.935;0
20150502 000000;0.935;0.935;0.935;0.935;0
20150503 000000;0.935;0.935;0.935;0.935;0
20150504 000000;0.93535;0.93535;0.93535;0.93535;0
20150505 000000;0.93335;0.93335;0.93335;0.93335;0
20150506 000000;0.92378;0.92378;0.92378;0.92378;0
20150507 000000;0.9149;0.9149;0.9149;0.9149;0
20150508 000000;0.9255;0.9255;0.9255;0.9255;0
20150509 000000;0.9255;0.9255;0.9255;0.9255;0
20150510 000000;0.9255;0.9255;0.9255;0.9255;0
20150511 000000;0.93367;0.93367;0.93367;0.93367;0
20150512 000000;0.92499;0.92499;0.92499;0.92499;0
20150513 000000;0.92772;0.92772;0.92772;0.92772;0
20150514 000000;0.90954;0.90954;0.90954;0.90954;0
20150515 000000;0.92364;0.92364;0.92364;0.92364;0
20150516 000000;0.92364;0.92364;0.92364;0.92364;0
20150517 000000;0.92364;0.92364;0.92364;0.92364;0
20150518 000000;0.92036;0.92036;0.92036;0.92036;0
20150519 000000;0.93202;0.93202;0.93202;0.93202;0
20150520 000000;0.93803;0.93803;0.93803;0.93803;0
20150521 000000;0.93362;0.93362;0.93362;0.93362;0
20150522 000000;0.93309;0.93309;0.93309;0.93309;0
20150523 000000;0.93309;0.93309;0.93309;0.93309;0
20150524 000000;0.93309;0.93309;0.93309;0.93309;0
20150525 000000;0.9427;0.9427;0.9427;0.9427;0
20150526 000000;0.94737;0.94737;0.94737;0.94737;0
20150527 000000;0.95103;0.95103;0.95103;0.95103;0
20150528 000000;0.94934;0.94934;0.94934;0.94934;0
20150529 000000;0.94266;0.94266;0.94266;0.94266;0
20150530 000000;0.94266;0.94266;0.94266;0.94266;0
20150531 000000;0.94266;0.94266;0.94266;0.94266;0
20150601 000000;0.94399;0.94399;0.94399;0.94399;0
20150602 000000;0.94215;0.94215;0.94215;0.94215;0
20150603 000000;0.9365;0.9365;0.9365;0.9365;0
20150604 000000;0.93231;0.93231;0.93231;0.93231;0
20150605 000000;0.93403;0.93403;0.93403;0.93403;0
20150606 000000;0.93403;0.93403;0.93403;0.93403;0
20150607 000000;0.93403;0.93403;0.93403;0.93403;0
20150608 000000;0.938;0.938;0.938;0.938;0
20150609 000000;0.9303;0.9303;0.9303;0.9303;0
20150610 000000;0.92969;0.92969;0.92969;0.92969;0
20150611 000000;0.93688;0.93688;0.93688;0.93688;0
20150612 000000;0.93307;0.93307;0.93307;0.93307;0
20150613 000000;0.93307;0.93307;0.93307;0.93307;0
20150614 000000;0.93307;0.93307;0.93307;0.93307;0
20150615 000000;0.93707;0.93707;0.93707;0.93707;0
20150616 000000;0.93313;0.93313;0.93313;0.93313;0
20150617 000000;0.92659;0.92659;0.92659;0.92659;0
20150618 000000;0.91731;0.91731;0.91731;0.91731;0
20150619 000000;0.92477;0.92477;0.92477;0.92477;0
20150620 000000;0.92477;0.92477;0.92477;0.92477;0
20150621 000000;0.92477;0.92477;0.92477;0.92477;0
20150622 000000;0.91979;0.91979;0.91979;0.91979;0
20150623 000000;0.93261;0.93261;0.93261;0.93261;0
20150624 000000;0.93186;0.93186;0.93186;0.93186;0
20150625 000000;0.93762;0.93762;0.93762;0.93762;0
20150626 000000;0.9326;0.9326;0.9326;0.9326;0
20150627 000000;0.9326;0.9326;0.9326;0.9326;0
20150628 000000;0.9326;0.9326;0.9326;0.9326;0
20150629 000000;0.932;0.932;0.932;0.932;0
20150630 000000;0.93065;0.93065;0.93065;0.93065;0
20150701 000000;0.94207;0.94207;0.94207;0.94207;0
20150702 000000;0.94948;0.94948;0.94948;0.94948;0
20150703 000000;0.94322;0.94322;0.94322;0.94322;0
20150704 000000;0.94322;0.94322;0.94322;0.94322;0
20150705 000000;0.94322;0.94322;0.94322;0.94322;0
20150706 000000;0.94677;0.94677;0.94677;0.94677;0
20150707 000000;0.94987;0.94987;0.94987;0.94987;0
20150708 000000;0.94911;0.94911;0.94911;0.94911;0
20150709 000000;0.95024;0.95024;0.95024;0.95024;0
20150710 000000;0.93554;0.93554;0.93554;0.93554;0
20150711 000000;0.93554;0.93554;0.93554;0.93554;0
20150712 000000;0.93554;0.93554;0.93554;0.93554;0
20150713 000000;0.94832;0.94832;0.94832;0.94832;0
20150714 000000;0.94479;0.94479;0.94479;0.94479;0
20150715 000000;0.94822;0.94822;0.94822;0.94822;0
20150716 000000;0.95767;0.95767;0.95767;0.95767;0
20150717 000000;0.95794;0.95794;0.95794;0.95794;0
20150718 000000;0.95794;0.95794;0.95794;0.95794;0
20150719 000000;0.95794;0.95794;0.95794;0.95794;0
20150720 000000;0.96231;0.96231;0.96231;0.96231;0
20150721 000000;0.96071;0.96071;0.96071;0.96071;0
20150722 000000;0.96147;0.96147;0.96147;0.96147;0
20150723 000000;0.95618;0.95618;0.95618;0.95618;0
20150724 000000;0.96097;0.96097;0.96097;0.96097;0
20150725 000000;0.96097;0.96097;0.96097;0.96097;0
20150726 000000;0.96097;0.96097;0.96097;0.96097;0
20150727 000000;0.95813;0.95813;0.95813;0.95813;0
20150728 000000;0.9668;0.9668;0.9668;0.9668;0
20150729 000000;0.96301;0.96301;0.96301;0.96301;0
20150730 000000;0.97061;0.97061;0.97061;0.97061;0
20150731 000000;0.96334;0.96334;0.96334;0.96334;0
20150801 000000;0.96334;0.96334;0.96334;0.96334;0
20150802 000000;0.96334;0.96334;0.96334;0.96334;0
20150803 000000;0.96777;0.96777;0.96777;0.96777;0
20150804 000000;0.96965;0.96965;0.96965;0.96965;0
20150805 000000;0.97933;0.97933;0.97933;0.97933;0
20150806 000000;0.9842;0.9842;0.9842;0.9842;0
20150807 000000;0.98145;0.98145;0.98145;0.98145;0
20150808 000000;0.98145;0.98145;0.98145;0.98145;0
20150809 000000;0.98145;0.98145;0.98145;0.98145;0
20150810 000000;0.9854;0.9854;0.9854;0.9854;0
20150811 000000;0.98227;0.98227;0.98227;0.98227;0
20150812 000000;0.97391;0.97391;0.97391;0.97391;0
20150813 000000;0.9766;0.9766;0.9766;0.9766;0
20150814 000000;0.9735;0.9735;0.9735;0.9735;0
20150815 000000;0.9735;0.9735;0.9735;0.9735;0
20150816 000000;0.9735;0.9735;0.9735;0.9735;0
20150817 000000;0.97667;0.97667;0.97667;0.97667;0
20150818 000000;0.97631;0.97631;0.97631;0.97631;0
20150819 000000;0.9741;0.9741;0.9741;0.9741;0
20150820 000000;0.96325;0.96325;0.96325;0.96325;0
20150821 000000;0.95426;0.95426;0.95426;0.95426;0
20150822 000000;0.95426;0.95426;0.95426;0.95426;0
20150823 000000;0.95426;0.95426;0.95426;0.95426;0
20150824 000000;0.93737;0.93737;0.93737;0.93737;0
20150825 000000;0.9416;0.9416;0.9416;0.9416;0
20150826 000000;0.94527;0.94527;0.94527;0.94527;0
20150827 000000;0.95454;0.95454;0.95454;0.95454;0
20150828 000000;0.95909;0.95909;0.95909;0.95909;0
20150829 000000;0.95909;0.95909;0.95909;0.95909;0
20150830 000000;0.95909;0.95909;0.95909;0.95909;0
20150831 000000;0.96523;0.96523;0.96523;0.96523;0
20150901 000000;0.96342;0.96342;0.96342;0.96342;0
20150902 000000;0.96553;0.96553;0.96553;0.96553;0
20150903 000000;0.97097;0.97097;0.97097;0.97097;0
20150904 000000;0.97315;0.97315;0.97315;0.97315;0
20150905 000000;0.97315;0.97315;0.97315;0.97315;0
20150906 000000;0.97315;0.97315;0.97315;0.97315;0
20150907 000000;0.97533;0.97533;0.97533;0.97533;0
20150908 000000;0.97832;0.97832;0.97832;0.97832;0
20150909 000000;0.97792;0.97792;0.97792;0.97792;0
20150910 000000;0.97658;0.97658;0.97658;0.97658;0
20150911 000000;0.97897;0.97897;0.97897;0.97897;0
20150912 000000;0.97897;0.97897;0.97897;0.97897;0
20150913 000000;0.97897;0.97897;0.97897;0.97897;0
20150914 000000;0.97116;0.97116;0.97116;0.97116;0
20150915 000000;0.96917;0.96917;0.96917;0.96917;0
20150916 000000;0.97462;0.97462;0.97462;0.97462;0
20150917 000000;0.968;0.968;0.968;0.968;0
20150918 000000;0.95569;0.95569;0.95569;0.95569;0
20150919 000000;0.95569;0.95569;0.95569;0.95569;0
20150920 000000;0.95569;0.95569;0.95569;0.95569;0
20150921 000000;0.96942;0.96942;0.96942;0.96942;0
20150922 000000;0.97355;0.97355;0.97355;0.97355;0
20150923 000000;0.97596;0.97596;0.97596;0.97596;0
20150924 000000;0.97216;0.97216;0.97216;0.97216;0
20150925 000000;0.97946;0.97946;0.97946;0.97946;0
20150926 000000;0.97946;0.97946;0.97946;0.97946;0
20150927 000000;0.97946;0.97946;0.97946;0.97946;0
20150928 000000;0.9795;0.9795;0.9795;0.9795;0
20150929 000000;0.97296;0.97296;0.97296;0.97296;0
20150930 000000;0.97429;0.97429;0.97429;0.97429;0
20151001 000000;0.97758;0.97758;0.97758;0.97758;0
20151002 000000;0.97876;0.97876;0.97876;0.97876;0
20151003 000000;0.97876;0.97876;0.97876;0.97876;0
20151004 000000;0.97876;0.97876;0.97876;0.97876;0
20151005 000000;0.97348;0.97348;0.97348;0.97348;0
20151006 000000;0.97434;0.97434;0.97434;0.97434;0
20151007 000000;0.96592;0.96592;0.96592;0.96592;0
20151008 000000;0.97165;0.97165;0.97165;0.97165;0
20151009 000000;0.96101;0.96101;0.96101;0.96101;0
20151010 000000;0.96101;0.96101;0.96101;0.96101;0
20151011 000000;0.96101;0.96101;0.96101;0.96101;0
20151012 000000;0.96087;0.96087;0.96087;0.96087;0
20151013 000000;0.95921;0.95921;0.95921;0.95921;0
20151014 000000;0.95539;0.95539;0.95539;0.95539;0
20151015 000000;0.95052;0.95052;0.95052;0.95052;0
20151016 000000;0.9515;0.9515;0.9515;0.9515;0
20151017 000000;0.9515;0.9515;0.9515;0.9515;0
20151018 000000;0.9515;0.9515;0.9515;0.9515;0
20151019 000000;0.95597;0.95597;0.95597;0.95597;0
20151020 000000;0.95164;0.95164;0.95164;0.95164;0
20151021 000000;0.95684;0.95684;0.95684;0.95684;0
20151022 000000;0.96226;0.96226;0.96226;0.96226;0
20151023 000000;0.97375;0.97375;0.97375;0.97375;0
20151024 000000;0.97375;0.97375;0.97375;0.97375;0
20151025 000000;0.97375;0.97375;0.97375;0.97375;0
20151026 000000;0.98293;0.98293;0.98293;0.98293;0
20151027 000000;0.98364;0.98364;0.98364;0.98364;0
20151028 000000;0.98322;0.98322;0.98322;0.98322;0
20151029 000000;0.99277;0.99277;0.99277;0.99277;0
20151030 000000;0.98938;0.98938;0.98938;0.98938;0
20151031 000000;0.98938;0.98938;0.98938;0.98938;0
20151101 000000;0.98938;0.98938;0.98938;0.98938;0
20151102 000000;0.98668;0.98668;0.98668;0.98668;0
20151103 000000;0.99025;0.99025;0.99025;0.99025;0
20151104 000000;0.98884;0.98884;0.98884;0.98884;0
20151105 000000;0.99541;0.99541;0.99541;0.99541;0
20151106 000000;0.99687;0.99687;0.99687;0.99687;0
20151107 000000;0.99687;0.99687;0.99687;0.99687;0
20151108 000000;0.99687;0.99687;0.99687;0.99687;0
20151109 000000;1.0036;1.0036;1.0036;1.0036;0
20151110 000000;1.005;1.005;1.005;1.005;0
20151111 000000;1.0063;1.0063;1.0063;1.0063;0
20151112 000000;1.004;1.004;1.004;1.004;0
20151113 000000;1.002;1.002;1.002;1.002;0
20151114 000000;1.002;1.002;1.002;1.002;0
20151115 000000;1.002;1.002;1.002;1.002;0
20151116 000000;1.0063;1.0063;1.0063;1.0063;0
20151117 000000;1.0127;1.0127;1.0127;1.0127;0
20151118 000000;1.0161;1.0161;1.0161;1.0161;0
20151119 000000;1.0193;1.0193;1.0193;1.0193;0
20151120 000000;1.0146;1.0146;1.0146;1.0146;0
20151121 000000;1.0146;1.0146;1.0146;1.0146;0
20151122 000000;1.0146;1.0146;1.0146;1.0146;0
20151123 000000;1.0204;1.0204;1.0204;1.0204;0
20151124 000000;1.017;1.017;1.017;1.017;0
20151125 000000;1.0221;1.0221;1.0221;1.0221;0
20151126 000000;1.0241;1.0241;1.0241;1.0241;0
20151127 000000;1.0302;1.0302;1.0302;1.0302;0
20151128 000000;1.0302;1.0302;1.0302;1.0302;0
20151129 000000;1.0302;1.0302;1.0302;1.0302;0
20151130 000000;1.0306;1.0306;1.0306;1.0306;0
20151201 000000;1.0291;1.0291;1.0291;1.0291;0
20151202 000000;1.0253;1.0253;1.0253;1.0253;0
20151203 000000;1.0158;1.0158;1.0158;1.0158;0
20151204 000000;0.99817;0.99817;0.99817;0.99817;0
20151205 000000;0.99817;0.99817;0.99817;0.99817;0
20151206 000000;0.99817;0.99817;0.99817;0.99817;0
20151207 000000;1.0019;1.0019;1.0019;1.0019;0
20151208 000000;0.99494;0.99494;0.99494;0.99494;0
20151209 000000;0.98985;0.98985;0.98985;0.98985;0
20151210 000000;0.98748;0.98748;0.98748;0.98748;0
20151211 000000;0.98804;0.98804;0.98804;0.98804;0
20151212 000000;0.98804;0.98804;0.98804;0.98804;0
20151213 000000;0.98804;0.98804;0.98804;0.98804;0
20151214 000000;0.9807;0.9807;0.9807;0.9807;0
20151215 000000;0.98553;0.98553;0.98553;0.98553;0
20151216 000000;0.99003;0.99003;0.99003;0.99003;0
20151217 000000;0.99686;0.99686;0.99686;0.99686;0
20151218 000000;0.99372;0.99372;0.99372;0.99372;0
20151219 000000;0.99372;0.99372;0.99372;0.99372;0
20151220 000000;0.99372;0.99372;0.99372;0.99372;0
20151221 000000;0.99393;0.99393;0.99393;0.99393;0
20151222 000000;0.98776;0.98776;0.98776;0.98776;0
20151223 000000;0.99047;0.99047;0.99047;0.99047;0
20151224 000000;0.98712;0.98712;0.98712;0.98712;0
20151225 000000;0.98712;0.98712;0.98712;0.98712;0
20151226 000000;0.98712;0.98712;0.98712;0.98712;0
20151227 000000;0.98712;0.98712;0.98712;0.98712;0
20151228 000000;0.98869;0.98869;0.98869;0.98869;0
20151229 000000;0.99032;0.99032;0.99032;0.99032;0
20151230 000000;0.98975;0.98975;0.98975;0.98975;0
20151231 000000;0.99522;0.99522;0.99522;0.99522;0
20160101 000000;0.99522;0.99522;0.99522;0.99522;0
20160102 000000;0.99522;0.99522;0.99522;0.99522;0
20160103 000000;0.99522;0.99522;0.99522;0.99522;0
20160104 000000;0.99936;0.99936;0.99936;0.99936;0
20160105 000000;1.0094;1.0094;1.0094;1.0094;0
20160106 000000;1.0097;1.0097;1.0097;1.0097;0
20160107 000000;1.0006;1.0006;1.0006;1.0006;0
20160108 000000;0.99991;0.99991;0.99991;0.99991;0
20160109 000000;0.99991;0.99991;0.99991;0.99991;0
20160110 000000;0.99991;0.99991;0.99991;0.99991;0
20160111 000000;0.9977;0.9977;0.9977;0.9977;0
20160112 000000;1.0018;1.0018;1.0018;1.0018;0
20160113 000000;1.0102;1.0102;1.0102;1.0102;0
20160114 000000;1.0052;1.0052;1.0052;1.0052;0
20160115 000000;1.0034;1.0034;1.0034;1.0034;0
20160116 000000;1.0034;1.0034;1.0034;1.0034;0
20160117 000000;1.0034;1.0034;1.0034;1.0034;0
20160118 000000;1.005;1.005;1.005;1.005;0
20160119 000000;1.005;1.005;1.005;1.005;0
20160120 000000;1.0023;1.0023;1.0023;1.0023;0
20160121 000000;1.0051;1.0051;1.0051;1.0051;0
20160122 000000;1.0131;1.0131;1.0131;1.0131;0
20160123 000000;1.0131;1.0131;1.0131;1.0131;0
20160124 000000;1.0131;1.0131;1.0131;1.0131;0
20160125 000000;1.0153;1.0153;1.0153;1.0153;0
20160126 000000;1.0158;1.0158;1.0158;1.0158;0
20160127 000000;1.0165;1.0165;1.0165;1.0165;0
20160128 000000;1.0138;1.0138;1.0138;1.0138;0
20160129 000000;1.0205;1.0205;1.0205;1.0205;0
20160130 000000;1.0205;1.0205;1.0205;1.0205;0
20160131 000000;1.0205;1.0205;1.0205;1.0205;0
20160201 000000;1.0195;1.0195;1.0195;1.0195;0
20160202 000000;1.0209;1.0209;1.0209;1.0209;0
20160203 000000;1.0166;1.0166;1.0166;1.0166;0
20160204 000000;0.9967;0.9967;0.9967;0.9967;0
20160205 000000;0.99098;0.99098;0.99098;0.99098;0
20160206 000000;0.99098;0.99098;0.99098;0.99098;0
20160207 000000;0.99098;0.99098;0.99098;0.99098;0
20160208 000000;0.9955;0.9955;0.9955;0.9955;0
20160209 000000;0.97873;0.97873;0.97873;0.97873;0
20160210 000000;0.97362;0.97362;0.97362;0.97362;0
20160211 000000;0.9718;0.9718;0.9718;0.9718;0
20160212 000000;0.97463;0.97463;0.97463;0.97463;0
20160213 000000;0.97463;0.97463;0.97463;0.97463;0
20160214 000000;0.97463;0.97463;0.97463;0.97463;0
20160215 000000;0.9847;0.9847;0.9847;0.9847;0
20160216 000000;0.98675;0.98675;0.98675;0.98675;0
20160217 000000;0.99084;0.99084;0.99084;0.99084;0
20160218 000000;0.99495;0.99495;0.99495;0.99495;0
20160219 000000;0.99288;0.99288;0.99288;0.99288;0
20160220 000000;0.99288;0.99288;0.99288;0.99288;0
20160221 000000;0.99288;0.99288;0.99288;0.99288;0
20160222 000000;0.99837;0.99837;0.99837;0.99837;0
20160223 000000;0.99264;0.99264;0.99264;0.99264;0
20160224 000000;0.9939;0.9939;0.9939;0.9939;0
20160225 000000;0.99166;0.99166;0.99166;0.99166;0
20160226 000000;0.993;0.993;0.993;0.993;0
20160227 000000;0.993;0.993;0.993;0.993;0
20160228 000000;0.993;0.993;0.993;0.993;0
20160229 000000;1.0024;1.0024;1.0024;1.0024;0
20160301 000000;0.9989;0.9989;0.9989;0.9989;0
20160302 000000;0.99899;0.99899;0.99899;0.99899;0
20160303 000000;0.9944;0.9944;0.9944;0.9944;0
20160304 000000;0.99344;0.99344;0.99344;0.99344;0
20160305 000000;0.99344;0.99344;0.99344;0.99344;0
20160306 000000;0.99344;0.99344;0.99344;0.99344;0
20160307 000000;1.0008;1.0008;1.0008;1.0008;0
20160308 000000;0.99311;0.99311;0.99311;0.99311;0
20160309 000000;1.0005;1.0005;1.0005;1.0005;0
20160310 000000;1.0077;1.0077;1.0077;1.0077;0
20160311 000000;0.9872;0.9872;0.9872;0.9872;0
20160312 000000;0.9872;0.9872;0.9872;0.9872;0
20160313 000000;0.9872;0.9872;0.9872;0.9872;0
20160314 000000;0.98651;0.98651;0.98651;0.98651;0
20160315 000000;0.98605;0.98605;0.98605;0.98605;0
20160316 000000;0.9906;0.9906;0.9906;0.9906;0
20160317 000000;0.96888;0.96888;0.96888;0.96888;0
20160318 000000;0.96808;0.96808;0.96808;0.96808;0
20160319 000000;0.96808;0.96808;0.96808;0.96808;0
20160320 000000;0.96808;0.96808;0.96808;0.96808;0
20160321 000000;0.9685;0.9685;0.9685;0.9685;0
20160322 000000;0.97101;0.97101;0.97101;0.97101;0
20160323 000000;0.9752;0.9752;0.9752;0.9752;0
20160324 000000;0.97499;0.97499;0.97499;0.97499;0
20160325 000000;0.97499;0.97499;0.97499;0.97499;0
20160326 000000;0.97499;0.97499;0.97499;0.97499;0
20160327 000000;0.97499;0.97499;0.97499;0.97499;0
20160328 000000;0.97499;0.97499;0.97499;0.97499;0
20160329 000000;0.97508;0.97508;0.97508;0.97508;0
20160330 000000;0.96371;0.96371;0.96371;0.96371;0
20160331 000000;0.96012;0.96012;0.96012;0.96012;0
20160401 000000;0.95749;0.95749;0.95749;0.95749;0
20160402 000000;0.95749;0.95749;0.95749;0.95749;0
20160403 000000;0.95749;0.95749;0.95749;0.95749;0
20160404 000000;0.95949;0.95949;0.95949;0.95949;0
20160405 000000;0.95821;0.95821;0.95821;0.95821;0
20160406 000000;0.96039;0.96039;0.96039;0.96039;0
20160407 000000;0.95776;0.95776;0.95776;0.95776;0
20160408 000000;0.95697;0.95697;0.95697;0.95697;0
20160409 000000;0.95697;0.95697;0.95697;0.95697;0
20160410 000000;0.95697;0.95697;0.95697;0.95697;0
20160411 000000;0.95496;0.95496;0.95496;0.95496;0
20160412 000000;0.95419;0.95419;0.95419;0.95419;0
20160413 000000;0.96362;0.96362;0.96362;0.96362;0
20160414 000000;0.96676;0.96676;0.96676;0.96676;0
20160415 000000;0.96765;0.96765;0.96765;0.96765;0
20160416 000000;0.96765;0.96765;0.96765;0.96765;0
20160417 000000;0.96765;0.96765;0.96765;0.96765;0
20160418 000000;0.96551;0.96551;0.96551;0.96551;0
20160419 000000;0.96288;0.96288;0.96288;0.96288;0
20160420 000000;0.96133;0.96133;0.96133;0.96133;0
20160421 000000;0.96777;0.96777;0.96777;0.96777;0
20160422 000000;0.97585;0.97585;0.97585;0.97585;0
20160423 000000;0.97585;0.97585;0.97585;0.97585;0
20160424 000000;0.97585;0.97585;0.97585;0.97585;0
20160425 000000;0.97417;0.97417;0.97417;0.97417;0
20160426 000000;0.97457;0.97457;0.97457;0.97457;0
20160427 000000;0.97302;0.97302;0.97302;0.97302;0
20160428 000000;0.96619;0.96619;0.96619;0.96619;0
20160429 000000;0.96326;0.96326;0.96326;0.96326;0
20160430 000000;0.96326;0.96326;0.96326;0.96326;0
20160501 000000;0.96326;0.96326;0.96326;0.96326;0
20160502 000000;0.95702;0.95702;0.95702;0.95702;0
20160503 000000;0.94883;0.94883;0.94883;0.94883;0
20160504 000000;0.9555;0.9555;0.9555;0.9555;0
20160505 000000;0.9632;0.9632;0.9632;0.9632;0
20160506 000000;0.96876;0.96876;0.96876;0.96876;0
20160507 000000;0.96876;0.96876;0.96876;0.96876;0
20160508 000000;0.96876;0.96876;0.96876;0.96876;0
20160509 000000;0.96999;0.96999;0.96999;0.96999;0
20160510 000000;0.97398;0.97398;0.97398;0.97398;0
20160511 000000;0.97283;0.97283;0.97283;0.97283;0
20160512 000000;0.97138;0.97138;0.97138;0.97138;0
20160513 000000;0.97145;0.97145;0.97145;0.97145;0
20160514 000000;0.97145;0.97145;0.97145;0.97145;0
20160515 000000;0.97145;0.97145;0.97145;0.97145;0
20160516 000000;0.9766;0.9766;0.9766;0.9766;0
20160517 000000;0.97897;0.97897;0.97897;0.97897;0
20160518 000000;0.98289;0.98289;0.98289;0.98289;0
20160519 000000;0.99035;0.99035;0.99035;0.99035;0
20160520 000000;0.99144;0.99144;0.99144;0.99144;0
20160521 000000;0.99144;0.99144;0.99144;0.99144;0
20160522 000000;0.99144;0.99144;0.99144;0.99144;0
20160523 000000;0.99019;0.99019;0.99019;0.99019;0
20160524 000000;0.99203;0.99203;0.99203;0.99203;0
20160525 000000;0.9913;0.9913;0.9913;0.9913;0
20160526 000000;0.99167;0.99167;0.99167;0.99167;0
20160527 000000;0.99105;0.99105;0.99105;0.99105;0
20160528 000000;0.99105;0.99105;0.99105;0.99105;0
20160529 000000;0.99105;0.99105;0.99105;0.99105;0
20160530 000000;0.99273;0.99273;0.99273;0.99273;0
20160531 000000;0.99014;0.99014;0.99014;0.99014;0
20160601 000000;0.98935;0.98935;0.98935;0.98935;0
20160602 000000;0.98874;0.98874;0.98874;0.98874;0
20160603 000000;0.99068;0.99068;0.99068;0.99068;0
20160604 000000;0.99068;0.99068;0.99068;0.99068;0
20160605 000000;0.99068;0.99068;0.99068;0.99068;0
20160606 000000;0.97374;0.97374;0.97374;0.97374;0
20160607 000000;0.96748;0.96748;0.96748;0.96748;0
20160608 000000;0.96168;0.96168;0.96168;0.96168;0
20160609 000000;0.96236;0.96236;0.96236;0.96236;0
20160610 000000;0.96293;0.96293;0.96293;0.96293;0
20160611 000000;0.96293;0.96293;0.96293;0.96293;0
20160612 000000;0.96293;0.96293;0.96293;0.96293;0
20160613 000000;0.96628;0.96628;0.96628;0.96628;0
20160614 000000;0.96499;0.96499;0.96499;0.96499;0
20160615 000000;0.96322;0.96322;0.96322;0.96322;0
20160616 000000;0.9676;0.9676;0.9676;0.9676;0
20160617 000000;0.96126;0.96126;0.96126;0.96126;0
20160618 000000;0.96126;0.96126;0.96126;0.96126;0
20160619 000000;0.96126;0.96126;0.96126;0.96126;0
20160620 000000;0.96047;0.96047;0.96047;0.96047;0
20160621 000000;0.95899;0.95899;0.95899;0.95899;0
20160622 000000;0.95985;0.95985;0.95985;0.95985;0
20160623 000000;0.95496;0.95496;0.95496;0.95496;0
20160624 000000;0.97669;0.97669;0.97669;0.97669;0
20160625 000000;0.97669;0.97669;0.97669;0.97669;0
20160626 000000;0.97669;0.97669;0.97669;0.97669;0
20160627 000000;0.97618;0.97618;0.97618;0.97618;0
20160628 000000;0.97941;0.97941;0.97941;0.97941;0
20160629 000000;0.97872;0.97872;0.97872;0.97872;0
20160630 000000;0.97883;0.97883;0.97883;0.97883;0
20160701 000000;0.97306;0.97306;0.97306;0.97306;0
20160702 000000;0.97306;0.97306;0.97306;0.97306;0
20160703 000000;0.97306;0.97306;0.97306;0.97306;0
20160704 000000;0.97315;0.97315;0.97315;0.97315;0
20160705 000000;0.97228;0.97228;0.97228;0.97228;0
20160706 000000;0.9776;0.9776;0.9776;0.9776;0
20160707 000000;0.97653;0.97653;0.97653;0.97653;0
20160708 000000;0.98058;0.98058;0.98058;0.98058;0
20160709 000000;0.98058;0.98058;0.98058;0.98058;0
20160710 000000;0.98058;0.98058;0.98058;0.98058;0
20160711 000000;0.98353;0.98353;0.98353;0.98353;0
20160712 000000;0.98305;0.98305;0.98305;0.98305;0
20160713 000000;0.98528;0.98528;0.98528;0.98528;0
20160714 000000;0.97697;0.97697;0.97697;0.97697;0
20160715 000000;0.97942;0.97942;0.97942;0.97942;0
20160716 000000;0.97942;0.97942;0.97942;0.97942;0
20160717 000000;0.97942;0.97942;0.97942;0.97942;0
20160718 000000;0.98335;0.98335;0.98335;0.98335;0
20160719 000000;0.98568;0.98568;0.98568;0.98568;0
20160720 000000;0.9881;0.9881;0.9881;0.9881;0
20160721 000000;0.98702;0.98702;0.98702;0.98702;0
20160722 000000;0.98602;0.98602;0.98602;0.98602;0
20160723 000000;0.98602;0.98602;0.98602;0.98602;0
20160724 000000;0.98602;0.98602;0.98602;0.98602;0
20160725 000000;0.98698;0.98698;0.98698;0.98698;0
20160726 000000;0.98845;0.98845;0.98845;0.98845;0
20160727 000000;0.99427;0.99427;0.99427;0.99427;0
20160728 000000;0.98215;0.98215;0.98215;0.98215;0
20160729 000000;0.9739;0.9739;0.9739;0.9739;0
20160730 000000;0.9739;0.9739;0.9739;0.9739;0
20160731 000000;0.9739;0.9739;0.9739;0.9739;0
20160801 000000;0.96802;0.96802;0.96802;0.96802;0
20160802 000000;0.96578;0.96578;0.96578;0.96578;0
20160803 000000;0.9683;0.9683;0.9683;0.9683;0
20160804 000000;0.97288;0.97288;0.97288;0.97288;0
20160805 000000;0.97275;0.97275;0.97275;0.97275;0
20160806 000000;0.97275;0.97275;0.97275;0.97275;0
20160807 000000;0.97275;0.97275;0.97275;0.97275;0
20160808 000000;0.9816;0.9816;0.9816;0.9816;0
20160809 000000;0.98384;0.98384;0.98384;0.98384;0
20160810 000000;0.97666;0.97666;0.97666;0.97666;0
20160811 000000;0.97364;0.97364;0.97364;0.97364;0
20160812 000000;0.9758;0.9758;0.9758;0.9758;0
20160813 000000;0.9758;0.9758;0.9758;0.9758;0
20160814 000000;0.9758;0.9758;0.9758;0.9758;0
20160815 000000;0.97433;0.97433;0.97433;0.97433;0
20160816 000000;0.96051;0.96051;0.96051;0.96051;0
20160817 000000;0.96337;0.96337;0.96337;0.96337;0
20160818 000000;0.95866;0.95866;0.95866;0.95866;0
20160819 000000;0.95815;0.95815;0.95815;0.95815;0
20160820 000000;0.95815;0.95815;0.95815;0.95815;0
20160821 000000;0.95815;0.95815;0.95815;0.95815;0
20160822 000000;0.96285;0.96285;0.96285;0.96285;0
20160823 000000;0.96093;0.96093;0.96093;0.96093;0
20160824 000000;0.96654;0.96654;0.96654;0.96654;0
20160825 000000;0.9659;0.9659;0.9659;0.9659;0
20160826 000000;0.96838;0.96838;0.96838;0.96838;0
20160827 000000;0.96838;0.96838;0.96838;0.96838;0
20160828 000000;0.96838;0.96838;0.96838;0.96838;0
20160829 000000;0.97914;0.97914;0.97914;0.97914;0
20160830 000000;0.98057;0.98057;0.98057;0.98057;0
20160831 000000;0.98428;0.98428;0.98428;0.98428;0
20160901 000000;0.98493;0.98493;0.98493;0.98493;0
20160902 000000;0.97909;0.97909;0.97909;0.97909;0
20160903 000000;0.97909;0.97909;0.97909;0.97909;0
20160904 000000;0.97909;0.97909;0.97909;0.97909;0
20160905 000000;0.97929;0.97929;0.97929;0.97929;0
20160906 000000;0.97885;0.97885;0.97885;0.97885;0
20160907 000000;0.96921;0.96921;0.96921;0.96921;0
20160908 000000;0.96645;0.96645;0.96645;0.96645;0
20160909 000000;0.97346;0.97346;0.97346;0.97346;0
20160910 000000;0.97346;0.97346;0.97346;0.97346;0
20160911 000000;0.97346;0.97346;0.97346;0.97346;0
20160912 000000;0.97408;0.97408;0.97408;0.97408;0
20160913 000000;0.97137;0.97137;0.97137;0.97137;0
20160914 000000;0.97566;0.97566;0.97566;0.97566;0
20160915 000000;0.97219;0.97219;0.97219;0.97219;0
20160916 000000;0.97461;0.97461;0.97461;0.97461;0
20160917 000000;0.97461;0.97461;0.97461;0.97461;0
20160918 000000;0.97461;0.97461;0.97461;0.97461;0
20160919 000000;0.98119;0.98119;0.98119;0.98119;0
20160920 000000;0.97845;0.97845;0.97845;0.97845;0
20160921 000000;0.97605;0.97605;0.97605;0.97605;0
20160922 000000;0.96699;0.96699;0.96699;0.96699;0
20160923 000000;0.97084;0.97084;0.97084;0.97084;0
20160924 000000;0.97084;0.97084;0.97084;0.97084;0
20160925 000000;0.97084;0.97084;0.97084;0.97084;0
20160926 000000;0.9683;0.9683;0.9683;0.9683;0
20160927 000000;0.9697;0.9697;0.9697;0.9697;0
20160928 000000;0.97024;0.97024;0.97024;0.97024;0
20160929 000000;0.96925;0.96925;0.96925;0.96925;0
20160930 000000;0.97446;0.97446;0.97446;0.97446;0
20161001 000000;0.97446;0.97446;0.97446;0.97446;0
20161002 000000;0.97446;0.97446;0.97446;0.97446;0
20161003 000000;0.9717;0.9717;0.9717;0.9717;0
20161004 000000;0.98101;0.98101;0.98101;0.98101;0
20161005 000000;0.97752;0.97752;0.97752;0.97752;0
20161006 000000;0.97827;0.97827;0.97827;0.97827;0
20161007 000000;0.98259;0.98259;0.98259;0.98259;0
20161008 000000;0.98259;0.98259;0.98259;0.98259;0
20161009 000000;0.98259;0.98259;0.98259;0.98259;0
20161010 000000;0.98208;0.98208;0.98208;0.98208;0
20161011 000000;0.98727;0.98727;0.98727;0.98727;0
20161012 000000;0.98966;0.98966;0.98966;0.98966;0
20161013 000000;0.98786;0.98786;0.98786;0.98786;0
20161014 000000;0.98973;0.98973;0.98973;0.98973;0
20161015 000000;0.98973;0.98973;0.98973;0.98973;0
20161016 000000;0.98973;0.98973;0.98973;0.98973;0
20161017 000000;0.9889;0.9889;0.9889;0.9889;0
20161018 000000;0.99027;0.99027;0.99027;0.99027;0
20161019 000000;0.98861;0.98861;0.98861;0.98861;0
20161020 000000;0.98834;0.98834;0.98834;0.98834;0
20161021 000000;0.9944;0.9944;0.9944;0.9944;0
20161022 000000;0.9944;0.9944;0.9944;0.9944;0
20161023 000000;0.9944;0.9944;0.9944;0.9944;0
20161024 000000;0.99357;0.99357;0.99357;0.99357;0
20161025 000000;0.99779;0.99779;0.99779;0.99779;0
20161026 000000;0.99204;0.99204;0.99204;0.99204;0
20161027 000000;0.99186;0.99186;0.99186;0.99186;0
20161028 000000;0.99387;0.99387;0.99387;0.99387;0
20161029 000000;0.99387;0.99387;0.99387;0.99387;0
20161030 000000;0.99387;0.99387;0.99387;0.99387;0
20161031 000000;0.98849;0.98849;0.98849;0.98849;0
20161101 000000;0.98168;0.98168;0.98168;0.98168;0
20161102 000000;0.97224;0.97224;0.97224;0.97224;0
20161103 000000;0.97496;0.97496;0.97496;0.97496;0
20161104 000000;0.97124;0.97124;0.97124;0.97124;0
20161105 000000;0.97124;0.97124;0.97124;0.97124;0
20161106 000000;0.97124;0.97124;0.97124;0.97124;0
20161107 000000;0.97532;0.97532;0.97532;0.97532;0
20161108 000000;0.97645;0.97645;0.97645;0.97645;0
20161109 000000;0.97922;0.97922;0.97922;0.97922;0
20161110 000000;0.98779;0.98779;0.98779;0.98779;0
20161111 000000;0.98423;0.98423;0.98423;0.98423;0
20161112 000000;0.98423;0.98423;0.98423;0.98423;0
20161113 000000;0.98423;0.98423;0.98423;0.98423;0
20161114 000000;0.99647;0.99647;0.99647;0.99647;0
20161115 000000;0.99935;0.99935;0.99935;0.99935;0
20161116 000000;1.0034;1.0034;1.0034;1.0034;0
20161117 000000;1.0019;1.0019;1.0019;1.0019;0
20161118 000000;1.0077;1.0077;1.0077;1.0077;0
20161119 000000;1.0077;1.0077;1.0077;1.0077;0
20161120 000000;1.0077;1.0077;1.0077;1.0077;0
20161121 000000;1.009;1.009;1.009;1.009;0
20161122 000000;1.0106;1.0106;1.0106;1.0106;0
20161123 000000;1.0122;1.0122;1.0122;1.0122;0
20161124 000000;1.017;1.017;1.017;1.017;0
20161125 000000;1.0136;1.0136;1.0136;1.0136;0
20161126 000000;1.0136;1.0136;1.0136;1.0136;0
20161127 000000;1.0136;1.0136;1.0136;1.0136;0
20161128 000000;1.0154;1.0154;1.0154;1.0154;0
20161129 000000;1.0166;1.0166;1.0166;1.0166;0
20161130 000000;1.0158;1.0158;1.0158;1.0158;0
20161201 000000;1.0129;1.0129;1.0129;1.0129;0
20161202 000000;1.0102;1.0102;1.0102;1.0102;0
20161203 000000;1.0102;1.0102;1.0102;1.0102;0
20161204 000000;1.0102;1.0102;1.0102;1.0102;0
20161205 000000;1.0089;1.0089;1.0089;1.0089;0
20161206 000000;1.0092;1.0092;1.0092;1.0092;0
20161207 000000;1.0097;1.0097;1.0097;1.0097;0
20161208 000000;1.0085;1.0085;1.0085;1.0085;0
20161209 000000;1.0187;1.0187;1.0187;1.0187;0
20161210 000000;1.0187;1.0187;1.0187;1.0187;0
20161211 000000;1.0187;1.0187;1.0187;1.0187;0
20161212 000000;1.0166;1.0166;1.0166;1.0166;0
20161213 000000;1.0124;1.0124;1.0124;1.0124;0
20161214 000000;1.0097;1.0097;1.0097;1.0097;0
20161215 000000;1.0301;1.0301;1.0301;1.0301;0
20161216 000000;1.0299;1.0299;1.0299;1.0299;0
20161217 000000;1.0299;1.0299;1.0299;1.0299;0
20161218 000000;1.0299;1.0299;1.0299;1.0299;0
20161219 000000;1.0275;1.0275;1.0275;1.0275;0
20161220 000000;1.0312;1.0312;1.0312;1.0312;0
20161221 000000;1.0257;1.0257;1.0257;1.0257;0
20161222 000000;1.0251;1.0251;1.0251;1.0251;0
20161223 000000;1.0254;1.0254;1.0254;1.0254;0
20161224 000000;1.0254;1.0254;1.0254;1.0254;0
20161225 000000;1.0254;1.0254;1.0254;1.0254;0
20161226 000000;1.0254;1.0254;1.0254;1.0254;0
20161227 000000;1.0296;1.0296;1.0296;1.0296;0
20161228 000000;1.0301;1.0301;1.0301;1.0301;0
20161229 000000;1.025;1.025;1.025;1.025;0
20161230 000000;1.0188;1.0188;1.0188;1.0188;0
20161231 000000;1.0188;1.0188;1.0188;1.0188;0
20170101 000000;1.0188;1.0188;1.0188;1.0188;0
20170102 000000;1.0235;1.0235;1.0235;1.0235;0
20170103 000000;1.0305;1.0305;1.0305;1.0305;0
20170104 000000;1.0259;1.0259;1.0259;1.0259;0
20170105 000000;1.0193;1.0193;1.0193;1.0193;0
20170106 000000;1.0128;1.0128;1.0128;1.0128;0
20170107 000000;1.0128;1.0128;1.0128;1.0128;0
20170108 000000;1.0128;1.0128;1.0128;1.0128;0
20170109 000000;1.0195;1.0195;1.0195;1.0195;0
20170110 000000;1.0161;1.0161;1.0161;1.0161;0
20170111 000000;1.0208;1.0208;1.0208;1.0208;0
20170112 000000;1.0059;1.0059;1.0059;1.0059;0
20170113 000000;1.0063;1.0063;1.0063;1.0063;0
20170114 000000;1.0063;1.0063;1.0063;1.0063;0
20170115 000000;1.0063;1.0063;1.0063;1.0063;0
20170116 000000;1.0109;1.0109;1.0109;1.0109;0
20170117 000000;1.0026;1.0026;1.0026;1.0026;0
20170118 000000;1.0039;1.0039;1.0039;1.0039;0
20170119 000000;1.0057;1.0057;1.0057;1.0057;0
20170120 000000;1.0089;1.0089;1.0089;1.0089;0
20170121 000000;1.0089;1.0089;1.0089;1.0089;0
20170122 000000;1.0089;1.0089;1.0089;1.0089;0
20170123 000000;1.0011;1.0011;1.0011;1.0011;0
20170124 000000;0.99907;0.99907;0.99907;0.99907;0
20170125 000000;0.99898;0.99898;0.99898;0.99898;0
20170126 000000;0.99935;0.99935;0.99935;0.99935;0
20170127 000000;1.0007;1.0007;1.0007;1.0007;0
20170128 000000;1.0007;1.0007;1.0007;1.0007;0
20170129 000000;1.0007;1.0007;1.0007;1.0007;0
20170130 000000;1.0037;1.0037;1.0037;1.0037;0
20170131 000000;0.99191;0.99191;0.99191;0.99191;0
20170201 000000;0.98981;0.98981;0.98981;0.98981;0
20170202 000000;0.98908;0.98908;0.98908;0.98908;0
20170203 000000;0.99572;0.99572;0.99572;0.99572;0
20170204 000000;0.99572;0.99572;0.99572;0.99572;0
20170205 000000;0.99572;0.99572;0.99572;0.99572;0
20170206 000000;0.99608;0.99608;0.99608;0.99608;0
20170207 000000;0.99841;0.99841;0.99841;0.99841;0
20170208 000000;0.99737;0.99737;0.99737;0.99737;0
20170209 000000;0.99813;0.99813;0.99813;0.99813;0
20170210 000000;1.0038;1.0038;1.0038;1.0038;0
20170211 000000;1.0038;1.0038;1.0038;1.0038;0
20170212 000000;1.0038;1.0038;1.0038;1.0038;0
20170213 000000;1.0041;1.0041;1.0041;1.0041;0
20170214 000000;1.0034;1.0034;1.0034;1.0034;0
20170215 000000;1.0092;1.0092;1.0092;1.0092;0
20170216 000000;0.99953;0.99953;0.99953;0.99953;0
20170217 000000;0.99878;0.99878;0.99878;0.99878;0
20170218 000000;0.99878;0.99878;0.99878;0.99878;0
20170219 000000;0.99878;0.99878;0.99878;0.99878;0
20170220 000000;1.0032;1.0032;1.0032;1.0032;0
20170221 000000;1.0097;1.0097;1.0097;1.0097;0
20170222 000000;1.0123;1.0123;1.0123;1.0123;0
20170223 000000;1.0085;1.0085;1.0085;1.0085;0
20170224 000000;1.0038;1.0038;1.0038;1.0038;0
20170225 000000;1.0038;1.0038;1.0038;1.0038;0
20170226 000000;1.0038;1.0038;1.0038;1.0038;0
20170227 000000;1.0073;1.0073;1.0073;1.0073;0
20170228 000000;1.0048;1.0048;1.0048;1.0048;0
20170301 000000;1.0108;1.0108;1.0108;1.0108;0
20170302 000000;1.013;1.013;1.013;1.013;0
20170303 000000;1.0104;1.0104;1.0104;1.0104;0
20170304 000000;1.0104;1.0104;1.0104;1.0104;0
20170305 000000;1.0104;1.0104;1.0104;1.0104;0
20170306 000000;1.0096;1.0096;1.0096;1.0096;0
20170307 000000;1.0146;1.0146;1.0146;1.0146;0
20170308 000000;1.0138;1.0138;1.0138;1.0138;0
20170309 000000;1.015;1.015;1.015;1.015;0
20170310 000000;1.0129;1.0129;1.0129;1.0129;0
20170311 000000;1.0129;1.0129;1.0129;1.0129;0
20170312 000000;1.0129;1.0129;1.0129;1.0129;0
20170313 000000;1.0081;1.0081;1.0081;1.0081;0
20170314 000000;1.0089;1.0089;1.0089;1.0089;0
20170315 000000;1.0088;1.0088;1.0088;1.0088;0
20170316 000000;0.99711;0.99711;0.99711;0.99711;0
20170317 000000;0.99637;0.99637;0.99637;0.99637;0
20170318 000000;0.99637;0.99637;0.99637;0.99637;0
20170319 000000;0.99637;0.99637;0.99637;0.99637;0
20170320 000000;0.99702;0.99702;0.99702;0.99702;0
20170321 000000;0.99519;0.99519;0.99519;0.99519;0
20170322 000000;0.99139;0.99139;0.99139;0.99139;0
20170323 000000;0.99203;0.99203;0.99203;0.99203;0
20170324 000000;0.99195;0.99195;0.99195;0.99195;0
20170325 000000;0.99195;0.99195;0.99195;0.99195;0
20170326 000000;0.99195;0.99195;0.99195;0.99195;0
20170327 000000;0.98384;0.98384;0.98384;0.98384;0
20170328 000000;0.98471;0.98471;0.98471;0.98471;0
20170329 000000;0.99665;0.99665;0.99665;0.99665;0
20170330 000000;0.99637;0.99637;0.99637;0.99637;0
20170331 000000;1.0005;1.0005;1.0005;1.0005;0
20170401 000000;1.0005;1.0005;1.0005;1.0005;0
20170402 000000;1.0005;1.0005;1.0005;1.0005;0
20170403 000000;1.002;1.002;1.002;1.002;0
20170404 000000;1.0021;1.0021;1.0021;1.0021;0
20170405 000000;1.0028;1.0028;1.0028;1.0028;0
20170406 000000;1.0034;1.0034;1.0034;1.0034;0
20170407 000000;1.0061;1.0061;1.0061;1.0061;0
20170408 000000;1.0061;1.0061;1.0061;1.0061;0
20170409 000000;1.0061;1.0061;1.0061;1.0061;0
20170410 000000;1.0098;1.0098;1.0098;1.0098;0
20170411 000000;1.0075;1.0075;1.0075;1.0075;0
20170412 000000;1.0069;1.0069;1.0069;1.0069;0
20170413 000000;1.0053;1.0053;1.0053;1.0053;0
20170414 000000;1.0053;1.0053;1.0053;1.0053;0
20170415 000000;1.0053;1.0053;1.0053;1.0053;0
20170416 000000;1.0053;1.0053;1.0053;1.0053;0
20170417 000000;1.0053;1.0053;1.0053;1.0053;0
20170418 000000;1.0004;1.0004;1.0004;1.0004;0
20170419 000000;0.99674;0.99674;0.99674;0.99674;0
20170420 000000;0.99591;0.99591;0.99591;0.99591;0
20170421 000000;0.99832;0.99832;0.99832;0.99832;0
20170422 000000;0.99832;0.99832;0.99832;0.99832;0
20170423 000000;0.99832;0.99832;0.99832;0.99832;0
20170424 000000;0.99613;0.99613;0.99613;0.99613;0
20170425 000000;0.99403;0.99403;0.99403;0.99403;0
20170426 000000;0.99468;0.99468;0.99468;0.99468;0
20170427 000000;0.99439;0.99439;0.99439;0.99439;0
20170428 000000;0.99094;0.99094;0.99094;0.99094;0
20170429 000000;0.99094;0.99094;0.99094;0.99094;0
20170430 000000;0.99094;0.99094;0.99094;0.99094;0
20170501 000000;0.99094;0.99094;0.99094;0.99094;0
20170502 000000;0.99423;0.99423;0.99423;0.99423;0
20170503 000000;0.9902;0.9902;0.9902;0.9902;0
20170504 000000;0.99231;0.99231;0.99231;0.99231;0
20170505 000000;0.98887;0.98887;0.98887;0.98887;0
20170506 000000;0.98887;0.98887;0.98887;0.98887;0
20170507 000000;0.98887;0.98887;0.98887;0.98887;0
20170508 000000;0.99451;0.99451;0.99451;0.99451;0
20170509 000000;1.0046;1.0046;1.0046;1.0046;0
20170510 000000;1.0062;1.0062;1.0062;1.0062;0
20170511 000000;1.0085;1.0085;1.0085;1.0085;0
20170512 000000;1.008;1.008;1.008;1.008;0
20170513 000000;1.008;1.008;1.008;1.008;0
20170514 000000;1.008;1.008;1.008;1.008;0
20170515 000000;0.99745;0.99745;0.99745;0.99745;0
20170516 000000;0.99087;0.99087;0.99087;0.99087;0
20170517 000000;0.98255;0.98255;0.98255;0.98255;0
20170518 000000;0.97709;0.97709;0.97709;0.97709;0
20170519 000000;0.97692;0.97692;0.97692;0.97692;0
20170520 000000;0.97692;0.97692;0.97692;0.97692;0
20170521 000000;0.97692;0.97692;0.97692;0.97692;0
20170522 000000;0.97047;0.97047;0.97047;0.97047;0
20170523 000000;0.97298;0.97298;0.97298;0.97298;0
20170524 000000;0.97641;0.97641;0.97641;0.97641;0
20170525 000000;0.97236;0.97236;0.97236;0.97236;0
20170526 000000;0.97249;0.97249;0.97249;0.97249;0
20170527 000000;0.97249;0.97249;0.97249;0.97249;0
20170528 000000;0.97249;0.97249;0.97249;0.97249;0
20170529 000000;0.97426;0.97426;0.97426;0.97426;0
20170530 000000;0.97583;0.97583;0.97583;0.97583;0
20170531 000000;0.97104;0.97104;0.97104;0.97104;0
20170601 000000;0.97005;0.97005;0.97005;0.97005;0
20170602 000000;0.97112;0.97112;0.97112;0.97112;0
20170603 000000;0.97112;0.97112;0.97112;0.97112;0
20170604 000000;0.97112;0.97112;0.97112;0.97112;0
20170605 000000;0.96506;0.96506;0.96506;0.96506;0
20170606 000000;0.96385;0.96385;0.96385;0.96385;0
20170607 000000;0.96666;0.96666;0.96666;0.96666;0
20170608 000000;0.96678;0.96678;0.96678;0.96678;0
20170609 000000;0.97199;0.97199;0.97199;0.97199;0
20170610 000000;0.97199;0.97199;0.97199;0.97199;0
20170611 000000;0.97199;0.97199;0.97199;0.97199;0
20170612 000000;0.96756;0.96756;0.96756;0.96756;0
20170613 000000;0.96728;0.96728;0.96728;0.96728;0
20170614 000000;0.97063;0.97063;0.97063;0.97063;0
20170615 000000;0.97385;0.97385;0.97385;0.97385;0
20170616 000000;0.97475;0.97475;0.97475;0.97475;0
20170617 000000;0.97475;0.97475;0.97475;0.97475;0
20170618 000000;0.97475;0.97475;0.97475;0.97475;0
20170619 000000;0.97062;0.97062;0.97062;0.97062;0
20170620 000000;0.97293;0.97293;0.97293;0.97293;0
20170621 000000;0.97398;0.97398;0.97398;0.97398;0
20170622 000000;0.97296;0.97296;0.97296;0.97296;0
20170623 000000;0.97118;0.97118;0.97118;0.97118;0
20170624 000000;0.97118;0.97118;0.97118;0.97118;0
20170625 000000;0.97118;0.97118;0.97118;0.97118;0
20170626 000000;0.97265;0.97265;0.97265;0.97265;0
20170627 000000;0.96498;0.96498;0.96498;0.96498;0
20170628 000000;0.95938;0.95938;0.95938;0.95938;0
20170629 000000;0.95812;0.95812;0.95812;0.95812;0
20170630 000000;0.95776;0.95776;0.95776;0.95776;0
20170701 000000;0.95776;0.95776;0.95776;0.95776;0
20170702 000000;0.95776;0.95776;0.95776;0.95776;0
20170703 000000;0.96253;0.96253;0.96253;0.96253;0
20170704 000000;0.96486;0.96486;0.96486;0.96486;0
20170705 000000;0.96655;0.96655;0.96655;0.96655;0
20170706 000000;0.96399;0.96399;0.96399;0.96399;0
20170707 000000;0.96241;0.96241;0.96241;0.96241;0
20170708 000000;0.96241;0.96241;0.96241;0.96241;0
20170709 000000;0.96241;0.96241;0.96241;0.96241;0
20170710 000000;0.96663;0.96663;0.96663;0.96663;0
20170711 000000;0.968;0.968;0.968;0.968;0
20170712 000000;0.96314;0.96314;0.96314;0.96314;0
20170713 000000;0.96444;0.96444;0.96444;0.96444;0
20170714 000000;0.96811;0.96811;0.96811;0.96811;0
20170715 000000;0.96811;0.96811;0.96811;0.96811;0
20170716 000000;0.96811;0.96811;0.96811;0.96811;0
20170717 000000;0.96074;0.96074;0.96074;0.96074;0
20170718 000000;0.95413;0.95413;0.95413;0.95413;0
20170719 000000;0.95326;0.95326;0.95326;0.95326;0
20170720 000000;0.96117;0.96117;0.96117;0.96117;0
20170721 000000;0.94924;0.94924;0.94924;0.94924;0
20170722 000000;0.94924;0.94924;0.94924;0.94924;0
20170723 000000;0.94924;0.94924;0.94924;0.94924;0
20170724 000000;0.94609;0.94609;0.94609;0.94609;0
20170725 000000;0.94604;0.94604;0.94604;0.94604;0
20170726 000000;0.95775;0.95775;0.95775;0.95775;0
20170727 000000;0.96049;0.96049;0.96049;0.96049;0
20170728 000000;0.96828;0.96828;0.96828;0.96828;0
20170729 000000;0.96828;0.96828;0.96828;0.96828;0
20170730 000000;0.96828;0.96828;0.96828;0.96828;0
20170731 000000;0.96862;0.96862;0.96862;0.96862;0
20170801 000000;0.96631;0.96631;0.96631;0.96631;0
20170802 000000;0.96872;0.96872;0.96872;0.96872;0
20170803 000000;0.96973;0.96973;0.96973;0.96973;0
20170804 000000;0.96849;0.96849;0.96849;0.96849;0
20170805 000000;0.96849;0.96849;0.96849;0.96849;0
20170806 000000;0.96849;0.96849;0.96849;0.96849;0
20170807 000000;0.97313;0.97313;0.97313;0.97313;0
20170808 000000;0.97156;0.97156;0.97156;0.97156;0
20170809 000000;0.96266;0.96266;0.96266;0.96266;0
20170810 000000;0.96667;0.96667;0.96667;0.96667;0
20170811 000000;0.96218;0.96218;0.96218;0.96218;0
20170812 000000;0.96218;0.96218;0.96218;0.96218;0
20170813 000000;0.96218;0.96218;0.96218;0.96218;0
20170814 000000;0.96821;0.96821;0.96821;0.96821;0
20170815 000000;0.97216;0.97216;0.97216;0.97216;0
20170816 000000;0.97404;0.97404;0.97404;0.97404;0
20170817 000000;0.967;0.967;0.967;0.967;0
20170818 000000;0.96141;0.96141;0.96141;0.96141;0
20170819 000000;0.96141;0.96141;0.96141;0.96141;0
20170820 000000;0.96141;0.96141;0.96141;0.96141;0
20170821 000000;0.96607;0.96607;0.96607;0.96607;0
20170822 000000;0.96542;0.96542;0.96542;0.96542;0
20170823 000000;0.96551;0.96551;0.96551;0.96551;0
20170824 000000;0.96349;0.96349;0.96349;0.96349;0
20170825 000000;0.9646;0.9646;0.9646;0.9646;0
20170826 000000;0.9646;0.9646;0.9646;0.9646;0
20170827 000000;0.9646;0.9646;0.9646;0.9646;0
20170828 000000;0.95505;0.95505;0.95505;0.95505;0
20170829 000000;0.94505;0.94505;0.94505;0.94505;0
20170830 000000;0.95854;0.95854;0.95854;0.95854;0
20170831 000000;0.96795;0.96795;0.96795;0.96795;0
20170901 000000;0.95982;0.95982;0.95982;0.95982;0
20170902 000000;0.95982;0.95982;0.95982;0.95982;0
20170903 000000;0.95982;0.95982;0.95982;0.95982;0
20170904 000000;0.9575;0.9575;0.9575;0.9575;0
20170905 000000;0.95938;0.95938;0.95938;0.95938;0
20170906 000000;0.95541;0.95541;0.95541;0.95541;0
20170907 000000;0.9533;0.9533;0.9533;0.9533;0
20170908 000000;0.94569;0.94569;0.94569;0.94569;0
20170909 000000;0.94569;0.94569;0.94569;0.94569;0
20170910 000000;0.94569;0.94569;0.94569;0.94569;0
20170911 000000;0.95057;0.95057;0.95057;0.95057;0
20170912 000000;0.95902;0.95902;0.95902;0.95902;0
20170913 000000;0.95968;0.95968;0.95968;0.95968;0
20170914 000000;0.96727;0.96727;0.96727;0.96727;0
20170915 000000;0.95963;0.95963;0.95963;0.95963;0
20170916 000000;0.95963;0.95963;0.95963;0.95963;0
20170917 000000;0.95963;0.95963;0.95963;0.95963;0
20170918 000000;0.95949;0.95949;0.95949;0.95949;0
20170919 000000;0.9635;0.9635;0.9635;0.9635;0
20170920 000000;0.96044;0.96044;0.96044;0.96044;0
20170921 000000;0.97312;0.97312;0.97312;0.97312;0
20170922 000000;0.96882;0.96882;0.96882;0.96882;0
20170923 000000;0.96882;0.96882;0.96882;0.96882;0
20170924 000000;0.96882;0.96882;0.96882;0.96882;0
20170925 000000;0.9743;0.9743;0.9743;0.9743;0
20170926 000000;0.97158;0.97158;0.97158;0.97158;0
20170927 000000;0.9753;0.9753;0.9753;0.9753;0
20170928 000000;0.973;0.973;0.973;0.973;0
20170929 000000;0.97044;0.97044;0.97044;0.97044;0
20170930 000000;0.97044;0.97044;0.97044;0.97044;0
20171001 000000;0.97044;0.97044;0.97044;0.97044;0
20171002 000000;0.97062;0.97062;0.97062;0.97062;0
20171003 000000;0.97413;0.97413;0.97413;0.97413;0
20171004 000000;0.97192;0.97192;0.97192;0.97192;0
20171005 000000;0.97701;0.97701;0.97701;0.97701;0
20171006 000000;0.98001;0.98001;0.98001;0.98001;0
20171007 000000;0.98001;0.98001;0.98001;0.98001;0
20171008 000000;0.98001;0.98001;0.98001;0.98001;0
20171009 000000;0.9788;0.9788;0.9788;0.9788;0
20171010 000000;0.97669;0.97669;0.97669;0.97669;0
20171011 000000;0.97413;0.97413;0.97413;0.97413;0
20171012 000000;0.97436;0.97436;0.97436;0.97436;0
20171013 000000;0.97655;0.97655;0.97655;0.97655;0
20171014 000000;0.97655;0.97655;0.97655;0.97655;0
20171015 000000;0.97655;0.97655;0.97655;0.97655;0
20171016 000000;0.97551;0.97551;0.97551;0.97551;0
20171017 000000;0.97831;0.97831;0.97831;0.97831;0
20171018 000000;0.98315;0.98315;0.98315;0.98315;0
20171019 000000;0.97524;0.97524;0.97524;0.97524;0
20171020 000000;0.9813;0.9813;0.9813;0.9813;0
20171021 000000;0.9813;0.9813;0.9813;0.9813;0
20171022 000000;0.9813;0.9813;0.9813;0.9813;0
20171023 000000;0.98646;0.98646;0.98646;0.98646;0
20171024 000000;0.98742;0.98742;0.98742;0.98742;0
20171025 000000;0.99194;0.99194;0.99194;0.99194;0
20171026 000000;0.99362;0.99362;0.99362;0.99362;0
20171027 000000;1.0023;1.0023;1.0023;1.0023;0
20171028 000000;1.0023;1.0023;1.0023;1.0023;0
20171029 000000;1.0023;1.0023;1.0023;1.0023;0
20171030 000000;0.99922;0.99922;0.99922;0.99922;0
20171031 000000;0.99863;0.99863;0.99863;0.99863;0
20171101 000000;1.0024;1.0024;1.0024;1.0024;0
20171102 000000;1.0002;1.0002;1.0002;1.0002;0
20171103 000000;0.99811;0.99811;0.99811;0.99811;0
20171104 000000;0.99811;0.99811;0.99811;0.99811;0
20171105 000000;0.99811;0.99811;0.99811;0.99811;0
20171106 000000;1.0003;1.0003;1.0003;1.0003;0
20171107 000000;0.99957;0.99957;0.99957;0.99957;0
20171108 000000;0.99922;0.99922;0.99922;0.99922;0
20171109 000000;0.99647;0.99647;0.99647;0.99647;0
20171110 000000;0.99459;0.99459;0.99459;0.99459;0
20171111 000000;0.99459;0.99459;0.99459;0.99459;0
20171112 000000;0.99459;0.99459;0.99459;0.99459;0
20171113 000000;0.99442;0.99442;0.99442;0.99442;0
20171114 000000;0.99132;0.99132;0.99132;0.99132;0
20171115 000000;0.98606;0.98606;0.98606;0.98606;0
20171116 000000;0.99278;0.99278;0.99278;0.99278;0
20171117 000000;0.99161;0.99161;0.99161;0.99161;0
20171118 000000;0.99161;0.99161;0.99161;0.99161;0
20171119 000000;0.99161;0.99161;0.99161;0.99161;0
20171120 000000;0.99109;0.99109;0.99109;0.99109;0
20171121 000000;0.99343;0.99343;0.99343;0.99343;0
20171122 000000;0.98808;0.98808;0.98808;0.98808;0
20171123 000000;0.98017;0.98017;0.98017;0.98017;0
20171124 000000;0.98089;0.98089;0.98089;0.98089;0
20171125 000000;0.98089;0.98089;0.98089;0.98089;0
20171126 000000;0.98089;0.98089;0.98089;0.98089;0
20171127 000000;0.98042;0.98042;0.98042;0.98042;0
20171128 000000;0.9825;0.9825;0.9825;0.9825;0
20171129 000000;0.98622;0.98622;0.98622;0.98622;0
20171130 000000;0.98734;0.98734;0.98734;0.98734;0
20171201 000000;0.98368;0.98368;0.98368;0.98368;0
20171202 000000;0.98368;0.98368;0.98368;0.98368;0
20171203 000000;0.98368;0.98368;0.98368;0.98368;0
20171204 000000;0.98314;0.98314;0.98314;0.98314;0
20171205 000000;0.98531;0.98531;0.98531;0.98531;0
20171206 000000;0.98824;0.98824;0.98824;0.98824;0
20171207 000000;0.9927;0.9927;0.9927;0.9927;0
20171208 000000;0.99676;0.99676;0.99676;0.99676;0
20171209 000000;0.99676;0.99676;0.99676;0.99676;0
20171210 000000;0.99676;0.99676;0.99676;0.99676;0
20171211 000000;0.99008;0.99008;0.99008;0.99008;0
20171212 000000;0.99193;0.99193;0.99193;0.99193;0
20171213 000000;0.99242;0.99242;0.99242;0.99242;0
20171214 000000;0.98658;0.98658;0.98658;0.98658;0
20171215 000000;0.9884;0.9884;0.9884;0.9884;0
20171216 000000;0.9884;0.9884;0.9884;0.9884;0
20171217 000000;0.9884;0.9884;0.9884;0.9884;0
20171218 000000;0.98788;0.98788;0.98788;0.98788;0
20171219 000000;0.98478;0.98478;0.98478;0.98478;0
20171220 000000;0.98793;0.98793;0.98793;0.98793;0
20171221 000000;0.9887;0.9887;0.9887;0.9887;0
20171222 000000;0.99004;0.99004;0.99004;0.99004;0
20171223 000000;0.99004;0.99004;0.99004;0.99004;0
20171224 000000;0.99004;0.99004;0.99004;0.99004;0
20171225 000000;0.99004;0.99004;0.99004;0.99004;0
20171226 000000;0.99004;0.99004;0.99004;0.99004;0
20171227 000000;0.98966;0.98966;0.98966;0.98966;0
20171228 000000;0.98073;0.98073;0.98073;0.98073;0
20171229 000000;0.97574;0.97574;0.97574;0.97574;0
20171230 000000;0.97574;0.97574;0.97574;0.97574;0
20171231 000000;0.97574;0.97574;0.97574;0.97574;0
20180101 000000;0.97574;0.97574;0.97574;0.97574;0
20180102 000000;0.97124;0.97124;0.97124;0.97124;0
20180103 000000;0.97613;0.97613;0.97613;0.97613;0
20180104 000000;0.97497;0.97497;0.97497;0.97497;0
20180105 000000;0.97609;0.97609;0.97609;0.97609;0
20180106 000000;0.97609;0.97609;0.97609;0.97609;0
20180107 000000;0.97609;0.97609;0.97609;0.97609;0
20180108 000000;0.97795;0.97795;0.97795;0.97795;0
20180109 000000;0.98282;0.98282;0.98282;0.98282;0
20180110 000000;0.97774;0.97774;0.97774;0.97774;0
20180111 000000;0.97662;0.97662;0.97662;0.97662;0
20180112 000000;0.97116;0.97116;0.97116;0.97116;0
20180113 000000;0.97116;0.97116;0.97116;0.97116;0
20180114 000000;0.97116;0.97116;0.97116;0.97116;0
20180115 000000;0.96107;0.96107;0.96107;0.96107;0
20180116 000000;0.96443;0.96443;0.96443;0.96443;0
20180117 000000;0.96484;0.96484;0.96484;0.96484;0
20180118 000000;0.9602;0.9602;0.9602;0.9602;0
20180119 000000;0.95945;0.95945;0.95945;0.95945;0
20180120 000000;0.95945;0.95945;0.95945;0.95945;0
20180121 000000;0.95945;0.95945;0.95945;0.95945;0
20180122 000000;0.96119;0.96119;0.96119;0.96119;0
20180123 000000;0.96163;0.96163;0.96163;0.96163;0
20180124 000000;0.95005;0.95005;0.95005;0.95005;0
20180125 000000;0.9414;0.9414;0.9414;0.9414;0
20180126 000000;0.93535;0.93535;0.93535;0.93535;0
20180127 000000;0.93535;0.93535;0.93535;0.93535;0
20180128 000000;0.93535;0.93535;0.93535;0.93535;0
20180129 000000;0.93408;0.93408;0.93408;0.93408;0
20180130 000000;0.93302;0.93302;0.93302;0.93302;0
20180131 000000;0.93369;0.93369;0.93369;0.93369;0
20180201 000000;0.93129;0.93129;0.93129;0.93129;0
20180202 000000;0.92827;0.92827;0.92827;0.92827;0
20180203 000000;0.92827;0.92827;0.92827;0.92827;0
20180204 000000;0.92827;0.92827;0.92827;0.92827;0
20180205 000000;0.9324;0.9324;0.9324;0.9324;0
20180206 000000;0.93852;0.93852;0.93852;0.93852;0
20180207 000000;0.941;0.941;0.941;0.941;0
20180208 000000;0.94311;0.94311;0.94311;0.94311;0
20180209 000000;0.93702;0.93702;0.93702;0.93702;0
20180210 000000;0.93702;0.93702;0.93702;0.93702;0
20180211 000000;0.93702;0.93702;0.93702;0.93702;0
20180212 000000;0.93802;0.93802;0.93802;0.93802;0
20180213 000000;0.93424;0.93424;0.93424;0.93424;0
20180214 000000;0.93286;0.93286;0.93286;0.93286;0
20180215 000000;0.92412;0.92412;0.92412;0.92412;0
20180216 000000;0.92434;0.92434;0.92434;0.92434;0
20180217 000000;0.92434;0.92434;0.92434;0.92434;0
20180218 000000;0.92434;0.92434;0.92434;0.92434;0
20180219 000000;0.92772;0.92772;0.92772;0.92772;0
20180220 000000;0.93493;0.93493;0.93493;0.93493;0
20180221 000000;0.93819;0.93819;0.93819;0.93819;0
20180222 000000;0.93744;0.93744;0.93744;0.93744;0
20180223 000000;0.93544;0.93544;0.93544;0.93544;0
20180224 000000;0.93544;0.93544;0.93544;0.93544;0
20180225 000000;0.93544;0.93544;0.93544;0.93544;0
20180226 000000;0.93588;0.93588;0.93588;0.93588;0
20180227 000000;0.93805;0.93805;0.93805;0.93805;0
20180228 000000;0.94318;0.94318;0.94318;0.94318;0
20180301 000000;0.94643;0.94643;0.94643;0.94643;0
20180302 000000;0.93502;0.93502;0.93502;0.93502;0
20180303 000000;0.93502;0.93502;0.93502;0.93502;0
20180304 000000;0.93502;0.93502;0.93502;0.93502;0
20180305 000000;0.93841;0.93841;0.93841;0.93841;0
20180306 000000;0.93675;0.93675;0.93675;0.93675;0
20180307 000000;0.94008;0.94008;0.94008;0.94008;0
20180308 000000;0.94445;0.94445;0.94445;0.94445;0
20180309 000000;0.95151;0.95151;0.95151;0.95151;0
20180310 000000;0.95151;0.95151;0.95151;0.95151;0
20180311 000000;0.95151;0.95151;0.95151;0.95151;0
20180312 000000;0.94952;0.94952;0.94952;0.94952;0
20180313 000000;0.94442;0.94442;0.94442;0.94442;0
20180314 000000;0.94624;0.94624;0.94624;0.94624;0
20180315 000000;0.94717;0.94717;0.94717;0.94717;0
20180316 000000;0.9513;0.9513;0.9513;0.9513;0
20180317 000000;0.9513;0.9513;0.9513;0.9513;0
20180318 000000;0.9513;0.9513;0.9513;0.9513;0
20180319 000000;0.95191;0.95191;0.95191;0.95191;0
20180320 000000;0.95479;0.95479;0.95479;0.95479;0
20180321 000000;0.95304;0.95304;0.95304;0.95304;0
20180322 000000;0.94763;0.94763;0.94763;0.94763;0
20180323 000000;0.94792;0.94792;0.94792;0.94792;0
20180324 000000;0.94792;0.94792;0.94792;0.94792;0
20180325 000000;0.94792;0.94792;0.94792;0.94792;0
20180326 000000;0.94585;0.94585;0.94585;0.94585;0
20180327 000000;0.95055;0.95055;0.95055;0.95055;0
20180328 000000;0.95185;0.95185;0.95185;0.95185;0
20180329 000000;0.95601;0.95601;0.95601;0.95601;0
20180330 000000;0.95601;0.95601;0.95601;0.95601;0
20180331 000000;0.95601;0.95601;0.95601;0.95601;0
20180401 000000;0.95601;0.95601;0.95601;0.95601;0
20180402 000000;0.95601;0.95601;0.95601;0.95601;0
20180403 000000;0.95669;0.95669;0.95669;0.95669;0
20180404 000000;0.95927;0.95927;0.95927;0.95927;0
20180405 000000;0.96215;0.96215;0.96215;0.96215;0
20180406 000000;0.96436;0.96436;0.96436;0.96436;0
20180407 000000;0.96436;0.96436;0.96436;0.96436;0
20180408 000000;0.96436;0.96436;0.96436;0.96436;0
20180409 000000;0.95822;0.95822;0.95822;0.95822;0
20180410 000000;0.95397;0.95397;0.95397;0.95397;0
20180411 000000;0.95728;0.95728;0.95728;0.95728;0
20180412 000000;0.96373;0.96373;0.96373;0.96373;0
20180413 000000;0.96241;0.96241;0.96241;0.96241;0
20180414 000000;0.96241;0.96241;0.96241;0.96241;0
20180415 000000;0.96241;0.96241;0.96241;0.96241;0
20180416 000000;0.96023;0.96023;0.96023;0.96023;0
20180417 000000;0.96366;0.96366;0.96366;0.96366;0
20180418 000000;0.96698;0.96698;0.96698;0.96698;0
20180419 000000;0.96721;0.96721;0.96721;0.96721;0
20180420 000000;0.97246;0.97246;0.97246;0.97246;0
20180421 000000;0.97246;0.97246;0.97246;0.97246;0
20180422 000000;0.97246;0.97246;0.97246;0.97246;0
20180423 000000;0.97573;0.97573;0.97573;0.97573;0
20180424 000000;0.97797;0.97797;0.97797;0.97797;0
20180425 000000;0.98367;0.98367;0.98367;0.98367;0
20180426 000000;0.98422;0.98422;0.98422;0.98422;0
20180427 000000;0.99089;0.99089;0.99089;0.99089;0
20180428 000000;0.99089;0.99089;0.99089;0.99089;0
20180429 000000;0.99089;0.99089;0.99089;0.99089;0
20180430 000000;0.99081;0.99081;0.99081;0.99081;0
20180501 000000;0.99081;0.99081;0.99081;0.99081;0
20180502 000000;0.99584;0.99584;0.99584;0.99584;0
20180503 000000;0.99716;0.99716;0.99716;0.99716;0
20180504 000000;0.99841;0.99841;0.99841;0.99841;0
20180505 000000;0.99841;0.99841;0.99841;0.99841;0
20180506 000000;0.99841;0.99841;0.99841;0.99841;0
20180507 000000;1.0052;1.0052;1.0052;1.0052;0
20180508 000000;1.003;1.003;1.003;1.003;0
20180509 000000;1.0013;1.0013;1.0013;1.0013;0
20180510 000000;1.0025;1.0025;1.0025;1.0025;0
20180511 000000;0.99992;0.99992;0.99992;0.99992;0
20180512 000000;0.99992;0.99992;0.99992;0.99992;0
20180513 000000;0.99992;0.99992;0.99992;0.99992;0
20180514 000000;0.99808;0.99808;0.99808;0.99808;0
20180515 000000;1.0023;1.0023;1.0023;1.0023;0
20180516 000000;1.0007;1.0007;1.0007;1.0007;0
20180517 000000;1.0012;1.0012;1.0012;1.0012;0
